Country Code,Country Name,year,renew_share,co2_pc,gdp_pc,population,ln_co2_pc,ln_gdp_pc,ln_population,electricity_access,energy_use_per_capita,fossil_fuel_energy_share,urban_population,renewable_growth_rate,fossil_dependency_index,energy_transition_score,co2_change_rate,energy_transition_category,renewables_share_elec,solar_share_elec,wind_share_elec,hydro_share_elec,fossil_share_elec,coal_share_elec,gas_share_elec,low_carbon_share_elec
AFG,Afghanistan,2000,45.0,0.0501382814099343,308.3182697466378,20130327,-2.99297046266841,5.731132592775108,16.81773804189536,4.4,603.8037999957767,10.807091106766707,18.5581995230666,0.0,0.4916618178880346,0.4830602405982004,0.0,Medium,64.583,0.0,0.0,64.583,35.417,0.0,0.0,64.583
AFG,Afghanistan,2001,45.6,0.0463511028500998,277.1180514439406,20284307,-3.071510193292183,5.624443593897056,16.82535809086435,9.3,603.8037999957767,10.807091106766707,18.7412381251552,1.333333333333342,0.4916618178880346,0.4861121225920967,-7.553467038230288,Medium,72.464,0.0,0.0,72.464,27.536,5.797,0.0,72.464
AFG,Afghanistan,2002,37.8,0.0439140640871223,338.1399736433871,21378117,-3.125520643758128,5.823459932962957,16.87787838671713,14.1,603.8037999957767,10.807091106766707,18.9412480133309,-17.105263157894747,0.4916618178880346,0.4464376566714456,-5.257779455343059,Medium,78.873,0.0,0.0,78.873,21.127,5.634,0.0,78.873
AFG,Afghanistan,2003,36.7,0.0447454276810822,346.0716270962232,22733049,-3.106766014205883,5.846645768362101,16.93933032673598,19.0,603.8037999957767,10.807091106766707,19.1600346409089,-2.910052910052896,0.4916618178880346,0.4408425396826358,1.8931602238193344,Medium,69.231,0.0,0.0,69.231,30.769,9.89,0.0,69.231
AFG,Afghanistan,2004,44.2,0.038301143932592,338.6372738881967,23560654,-3.262275515549869,5.824929546003667,16.9750886752758,23.8,603.8037999957767,10.807091106766707,19.3993593959593,20.43596730245232,0.4916618178880346,0.4789910646063388,-14.402105606009918,Medium,70.886,0.0,0.0,70.886,29.114,7.595,0.0,70.886
AFG,Afghanistan,2005,33.9,0.0522975883981059,363.6401414367734,24404567,-2.950805019909278,5.896164756200819,17.01028084488006,28.7,603.8037999957767,10.807091106766707,19.7059095753667,-23.30316742081449,0.4916618178880346,0.42660042371112,36.543149964781584,Medium,71.951,0.0,0.0,71.951,28.049,7.317,0.0,71.951
AFG,Afghanistan,2006,31.9,0.0557935319150409,367.7583116935803,25424094,-2.886097331814652,5.907425960704262,17.05120786504569,33.5,603.8037999957767,10.807091106766707,20.1104530189181,-5.899705014749268,0.4916618178880346,0.4164274837314659,6.684712668436399,Medium,71.111,0.0,0.0,71.111,28.889,16.667,0.0,71.111
AFG,Afghanistan,2007,28.8,0.0796685368947688,410.7577288790974,25909852,-2.52988054032773,6.018003573244543,17.0701338404417,38.4,603.8037999957767,10.807091106766707,20.5906579215423,-9.717868338557988,0.4916618178880346,0.400659426763002,42.79170749771388,Medium,74.257,0.0,0.0,74.257,25.743,14.851,0.0,74.257
AFG,Afghanistan,2008,21.2,0.1473758904990601,417.6472826474983,26482622,-1.914768877740414,6.034637254889592,17.091999302258,42.4,603.8037999957767,10.807091106766707,21.1241481349633,-26.388888888888896,0.4916618178880346,0.3620022548403164,84.98631485315633,Medium,69.231,0.0,0.0,69.231,30.769,16.667,0.0,69.231
AFG,Afghanistan,2009,16.5,0.2244912738069375,488.8306524919485,27466101,-1.493918442012114,6.192016115571962,17.12846311133932,48.3,603.8037999957767,10.807091106766707,21.6885475109053,-22.16981132075472,0.4916618178880346,0.3380958458881292,52.32564366311272,Medium,87.64,0.0,0.0,87.64,12.36,6.742,0.0,87.64
AFG,Afghanistan,2010,15.2,0.2781917423608729,542.8710304760368,28284089,-1.27944468231696,6.296871778787795,17.15780997835667,42.7,603.8037999957767,10.807091106766707,22.2614799010924,-7.878787878787885,0.4916618178880346,0.331483434901354,23.92096033100948,Medium,85.227,0.0,0.0,85.227,14.773,6.818,0.0,85.227
AFG,Afghanistan,2011,12.6,0.3926405428321694,525.4269827658195,29347708,-0.9348607349417772,6.264211232548302,17.19472500919586,43.2,603.8037999957767,10.807091106766707,22.8205691572485,-17.105263157894733,0.4916618178880346,0.3182586129278036,41.14025797459957,Low,77.922,0.0,0.0,77.922,22.078,12.987,0.0,77.922
AFG,Afghanistan,2012,15.4,0.3234420485265167,568.9290214583409,30560034,-1.12873532011008,6.343755683741355,17.23520363482742,69.1,603.8037999957767,10.807091106766707,23.3434391310979,22.222222222222232,0.4916618178880346,0.3325007288993195,-17.62387903361039,Medium,84.091,3.409,0.0,80.682,15.909,7.955,0.0,84.091
AFG,Afghanistan,2013,16.9,0.2665395090818293,580.6038333330962,31622704,-1.322232794650256,6.364068653933694,17.26938590158588,68.0,603.8037999957767,10.807091106766707,23.8077136743646,9.740259740259738,0.4916618178880346,0.34013043388406,-17.592808264699823,Medium,80.18,2.703,0.0,77.477,19.82,10.811,0.0,80.18
AFG,Afghanistan,2014,19.1,0.2427016670842924,575.1462458085464,32792523,-1.415922297363851,6.354624348994881,17.30571109005108,89.5,603.8037999957767,10.807091106766707,24.1910166387726,13.017751479289965,0.4916618178880346,0.3513206678616796,-8.94345535476263,Medium,86.207,2.586,0.0,83.621,13.793,9.483,0.0,86.207
AFG,Afghanistan,2015,17.7,0.2490913568680604,565.5697304087512,33831764,-1.38993555475451,6.337833595485375,17.33691068246577,71.5,603.8037999957767,10.807091106766707,24.4649118421568,-7.329842931937181,0.4916618178880346,0.3441996098759217,2.6327341960732387,Medium,87.288,2.542,0.0,84.746,12.712,8.475,0.0,87.288
AFG,Afghanistan,2016,20.2,0.219353479990497,563.8723367231469,34700612,-1.517070786483239,6.334827872548524,17.36226788164917,97.7,603.8037999957767,10.807091106766707,24.6588345720126,14.124293785310726,0.4916618178880346,0.3569157848504893,-11.938542248703977,Medium,87.603,3.306,0.0,84.298,12.397,7.438,0.0,87.603
AFG,Afghanistan,2017,19.5,0.2913283907182996,562.7695741409875,35688935,-1.233304157636454,6.332870262195676,17.39035125472972,97.7,603.8037999957767,10.807091106766707,24.8352821238871,-3.4653465346534573,0.4916618178880346,0.3533552558576104,32.81229489995816,Medium,86.508,3.175,0.0,83.333,13.492,8.73,0.0,86.508
AFG,Afghanistan,2018,18.3,0.3214187046422589,553.1251516882929,36743039,-1.135010629978665,6.315584290000878,17.41945935071585,93.4,603.8037999957767,10.807091106766707,24.9991645191406,-6.153846153846154,0.4916618178880346,0.3472514918698179,10.328658271090108,Medium,82.906,3.419,0.0,79.487,17.094,10.256,0.0,82.906
AFG,Afghanistan,2019,18.9,0.3197527818552778,557.8615332074586,37856121,-1.140207138466339,6.324110783213679,17.44930324207805,97.7,603.8037999957767,10.807091106766707,25.1437258839803,3.2786885245901454,0.4916618178880346,0.3503033738637141,-0.5183029994583865,Medium,87.671,4.11,0.0,83.562,12.329,5.479,0.0,87.671
AFG,Afghanistan,2020,18.2,0.3108246058848889,527.8345544993056,39068979,-1.168526494108586,6.268782890852536,17.48083933410725,97.7,603.8037999957767,10.807091106766707,25.2622103446137,-3.703703703703698,0.4916618178880346,0.3467428448708352,-2.7922121329439498,Medium,89.831,5.932,0.0,83.898,10.169,1.695,0.0,89.831
AFG,Afghanistan,2021,20.0,0.3121567847851167,408.6258552174031,40000412,-1.164249702054291,6.012799957957212,17.50440031202517,97.7,603.8037999957767,10.807091106766707,25.3478620272481,9.8901098901099,0.4916618178880346,0.3558984908525239,0.4285950581149222,Medium,87.736,7.547,0.0,80.189,12.264,2.83,0.0,87.736
AFG,Afghanistan,2022,20.0,0.2784209564186184,377.6656270807047,40578842,-1.278621078862691,5.93400921970131,17.51875735573003,85.3,603.8037999957767,10.807091106766707,25.3939250580909,0.0,0.4916618178880346,0.3558984908525239,-10.807334650669675,Medium,86.458,9.375,0.0,77.083,13.542,3.125,0.0,86.458
AGO,Angola,2000,73.8,1.019582189889897,2172.463267204936,16194869,0.0193929256249073,7.683616948920625,16.60020502163852,24.2,444.6020702188008,25.184894798331687,50.5070653484197,0.0,0.4607653802176309,0.6449987951404215,0.0,Medium,63.194,0.0,0.0,63.194,36.806,0.0,0.0,63.194
AGO,Angola,2001,72.8,0.9668656411265688,2189.17352158246,16747208,-0.0336957372087573,7.691279364176729,16.63374211577444,20.0,447.5320651897295,26.72093874319977,51.7224790407329,-1.3550135501354976,0.4718482180093574,0.6343709062547312,-5.170406984945563,Medium,62.195,0.0,0.0,62.195,37.805,0.0,0.0,62.195
AGO,Angola,2002,70.8,0.9185004887261718,2404.977920715314,17327699,-0.0850128422354577,7.785296001921966,16.66781687734258,26.3,451.4249321488849,28.25981973508187,52.8926234794038,-2.7472527472527486,0.4829515256137925,0.6186463124728596,-5.002261983789492,Medium,64.773,0.0,0.0,64.773,35.227,0.0,0.0,64.773
AGO,Angola,2003,65.6,0.9657812162834534,2403.404151570378,17943712,-0.0348179545996535,7.784641407849585,16.70275030512025,27.4,468.0464384366769,32.008144820093406,54.0043545370761,-7.344632768361581,0.5099963761511968,0.5786742432570567,5.147599608014697,Medium,62.312,0.0,0.0,62.312,37.688,0.0,0.0,62.312
AGO,Angola,2004,62.3,0.9510697686821424,2583.324114612885,18600423,-0.0501678556344014,7.856832265135967,16.73869488036032,28.4,455.9567202653719,32.4471399237354,55.0445280863936,-5.030487804878048,0.5131638060553224,0.5603051773385646,-1.5232691786990935,Medium,78.125,0.0,0.0,78.125,21.875,0.0,0.0,78.125
AGO,Angola,2005,68.9,0.810676972733782,2843.396635796797,19291161,-0.2098856115687882,7.952754615038766,16.77515756969596,29.4,415.6993263929164,28.456829889829244,56.0,10.593900481540942,0.4843729898861416,0.6082712873560137,-14.761566456149344,Medium,84.411,0.0,0.0,84.411,15.589,0.0,0.0,84.411
AGO,Angola,2006,62.6,0.8153920812195523,3065.05576243895,20015279,-0.2040862001727747,8.02782104149648,16.812006489857,30.5,446.8187750858796,32.74235395824043,56.8939032662772,-9.143686502177072,0.5152938292679992,0.5607661067291744,0.5816260538238582,Medium,85.235,0.0,0.0,85.235,14.765,0.0,0.0,85.235
AGO,Angola,2007,58.9,0.8208412507487887,3336.363324652079,20778561,-0.1974255490682405,8.112636667815755,16.84943229195936,37.5,471.6923918498875,34.95462547081469,57.7564632930133,-5.91054313099042,0.5312557725490057,0.533965196126311,0.6682882572377036,Medium,76.852,0.0,0.0,76.852,23.148,0.0,0.0,76.852
AGO,Angola,2008,55.4,0.8860376144852401,3559.195225122363,21578655,-0.1209958750059332,8.177289737931694,16.88721518962391,38.5,497.7435915654799,37.72449352063245,58.5851745819614,-5.942275042444822,0.5512408767533337,0.5061699990597524,7.9426276002793506,Medium,77.778,0.0,0.0,77.778,22.222,0.0,0.0,77.778
AGO,Angola,2009,53.0,0.9408482521772582,3494.807244661718,22414773,-0.060973414699264,8.159033501405,16.9252308083734,33.8,530.4478504897329,40.779384060022686,59.3775316348744,-4.332129963898912,0.5732824703110293,0.4829416743053195,6.186039598765936,Medium,66.599,0.0,0.0,66.599,33.401,0.0,0.0,66.599
AGO,Angola,2010,53.1,0.9761781854982812,3540.791595683807,23294825,-0.0241101421234964,8.172105595729747,16.96374179086311,35.0,513.0093641415937,43.7741269267812,60.1310289535053,0.1886792452830299,0.5948900874180157,0.472646512750809,3.755114944335003,Medium,67.949,0.183,0.0,67.766,32.051,0.0,0.0,67.949
AGO,Angola,2011,51.7,0.9765363060211528,3528.168243733989,24218352,-0.0237433496113888,8.168534104122855,17.00262125083448,34.6,511.9963822479044,44.69201797550165,60.8431610396073,-2.6365348399246646,0.6015128390895638,0.4622140789292771,0.0366859788706319,Medium,71.025,0.177,0.0,70.848,28.975,0.0,0.0,71.025
AGO,Angola,2012,49.0,0.981682218580684,3682.352293227627,25177394,-0.0184876293328151,8.211307037071409,17.04145708638734,37.3,557.5769583781785,47.429948856414185,61.5114223949332,-5.222437137330759,0.6212675107833598,0.438603274109846,0.526955580432853,Medium,70.984,0.13,0.0,70.855,29.016,0.0,0.0,70.984
AGO,Angola,2013,46.8,1.090526423604715,3716.297187272817,26165620,0.0866605370901644,8.220483071782402,17.07995689328451,38.4,538.4945934026712,45.83573043554834,62.1333075212361,-4.489795918367356,0.6097649335152624,0.4331643287662752,11.087519256628475,Medium,58.037,0.123,0.0,57.914,41.963,0.0,0.0,58.037
AGO,Angola,2014,47.5,1.137202705858586,3746.816199786131,27160769,0.1285714801961909,8.228661744958096,17.11728417395056,32.0,473.6146614985091,55.098726130798944,62.723115793241,1.4957264957265126,0.676599140374324,0.4033077543296233,4.280160594328697,Medium,52.824,0.209,0.0,52.197,47.176,0.0,0.0,52.824
AGO,Angola,2015,47.1,1.175038616300891,3641.72893919944,28157798,0.1613010119930108,8.200213831158477,17.15333489017392,42.0,543.3609239837007,26.35408029548457,63.51567832685,-0.8421052631578885,0.4692012672615379,0.5049721028900855,3.3271034484339213,Medium,54.601,0.204,0.0,53.988,45.399,0.0,0.0,54.601
AGO,Angola,2016,48.1,1.071676146478078,3454.03317187119,29183070,0.069223914840586,8.147297862560677,17.18909930457212,41.8,487.948973476526,0.0,64.2992302517989,2.123142250530785,0.2790517614216686,0.6051333257998474,-8.796516845395752,Medium,58.561,0.182,0.0,57.924,41.439,0.0,0.0,58.561
AGO,Angola,2017,52.5,0.92592191412033,3328.898212410897,30234839,-0.0769653738955584,8.110396661082005,17.22450542672075,42.9,481.0003577926609,0.0,65.0850525086068,9.147609147609147,0.2790517614216686,0.6275137937550863,-13.600585665431684,Medium,71.415,0.185,0.0,70.768,28.585,0.0,0.37,71.415
AGO,Angola,2018,52.5,0.8248097950117191,3196.790069835574,31297155,-0.1926024707294855,8.069902482166743,17.25903775681053,45.3,428.6399101355219,0.0,65.8732136723372,0.0,0.2790517614216686,0.6275137937550863,-10.92015617803712,Medium,79.452,0.152,0.0,78.919,20.548,0.0,0.609,79.452
AGO,Angola,2019,51.0,0.8338462705531123,3083.97534427357,32375632,-0.1817062214878268,8.033974739928036,17.29291659902896,45.6,444.1834636378528,0.0,66.6637823180533,-2.857142857142858,0.2790517614216686,0.6198840887703458,1.0955829569488484,Medium,73.198,0.126,0.0,72.756,26.802,0.0,10.367,73.198
AGO,Angola,2020,60.1,0.613970253682297,2864.161460368925,33451132,-0.4878087987800807,7.960030902318618,17.32559618552046,47.0,423.4905038207078,0.0,67.4568270208187,17.843137254901965,0.2790517614216686,0.6661709656777721,-26.368891321534093,High,75.61,0.119,0.0,75.193,24.39,0.0,9.816,75.61
AGO,Angola,2021,52.9,0.7402925522557362,2832.817771322862,34532429,-0.3007098300244093,7.949027174190492,17.35740941151997,48.2,430.7465694700799,0.0,68.2524163556969,-11.980033277870216,0.2790517614216686,0.6295483817510172,20.57466103867722,Medium,75.43,0.119,0.0,75.015,24.57,0.0,9.852,75.43
ALB,Albania,2000,41.4,1.046575507433247,1991.914358671158,3089027,0.0455234126500793,7.596851444585373,14.9433667125553,99.4,581.374748988005,58.62622522143812,41.6135829609314,0.0,0.7020506910038693,0.3595545120769056,0.0,Medium,96.195,0.0,0.0,96.195,3.805,0.0,0.0,96.195
ALB,Albania,2001,39.0,1.123988741812963,2188.918544513751,3060173,0.116883735240699,7.691162885553097,14.93398200827818,99.4,598.2283171182805,60.85769742846971,42.354513990929,-5.797101449275354,0.7181511708045308,0.3392967442009899,7.3968131138071325,Medium,95.393,0.0,0.0,95.393,4.607,0.0,0.0,95.393
ALB,Albania,2002,35.8,1.313237255859535,2297.108535139244,3051010,0.272495276528841,7.739406452395296,14.93098324130733,99.4,661.1179516320497,63.13079252584232,43.1520419609419,-8.20512820512821,0.7345519673660594,0.314819641952779,16.837225054524964,Low,93.801,0.0,0.0,93.801,6.199,0.0,0.0,93.801
ALB,Albania,2003,33.7,1.385569756179728,2428.689346535625,3039616,0.3261114313503216,7.795107027260156,14.92724174961442,99.4,649.3578811073504,64.41016812400807,44.0295089223208,-5.865921787709483,0.7437828961272684,0.2995225905935377,5.5079537225624975,Low,97.897,0.0,0.0,97.897,2.103,0.0,0.0,97.897
ALB,Albania,2004,35.8,1.458370981377557,2567.297636871214,3026939,0.3773200466099992,7.850609121509022,14.92306243583516,99.4,716.6231458847667,65.46766837776133,44.9784925669394,6.2314540059347,0.7514129537282985,0.3063891487716594,5.2542446797161135,Low,97.477,0.0,0.0,97.477,2.523,0.0,0.0,97.477
ALB,Albania,2005,36.8,1.377691485966899,2712.869838303312,3011487,0.3204092621603023,7.905762334472726,14.91794453467094,99.4,721.077407396492,66.34901632477867,45.9937666920583,2.793296089385477,0.7577720402423913,0.3082960755044401,-5.532165439444581,Low,98.701,0.0,0.0,98.701,1.299,0.0,0.0,98.701
ALB,Albania,2006,31.6,1.381799517267398,2894.360325801738,2992547,0.3233866477219377,7.970519407319935,14.91163542222242,99.4,707.8906065496349,64.3620955340319,47.0701050949378,-14.13043478260868,0.7434360436047779,0.2890144298761462,0.2981822376303622,Low,98.214,0.0,0.0,98.214,1.786,0.0,0.0,98.214
ALB,Albania,2007,32.0,1.429621446611248,3105.879675638599,2970017,0.3574096865771137,8.041052263627465,14.90407823466822,99.4,680.9481661867121,65.01849463950278,48.2022815728384,1.2658227848101111,0.7481720831151533,0.2886809981168893,3.460844264761432,Low,97.527,0.0,0.0,97.527,2.473,0.0,0.0,97.527
ALB,Albania,2008,35.8,1.423329852197628,3345.981617614764,2947314,0.352999092806642,8.115515387692694,14.8964048050768,100.0,712.2878690249529,63.70919160361689,49.3850699230207,11.874999999999991,0.7387252224212135,0.3127330144252019,-0.4400881386141364,Low,100.0,0.0,0.0,100.0,0.0,0.0,0.0,100.0
ALB,Albania,2009,37.1,1.463218513697093,3459.246956466921,2927519,0.3806384708965748,8.148806201724556,14.88966586461228,99.6,734.0578099498621,63.27129498849534,50.6132439427449,3.631284916201128,0.7355657183125243,0.3209251774663218,2.802488926785074,Low,100.0,0.0,0.0,100.0,0.0,0.0,0.0,100.0
ALB,Albania,2010,37.0,1.567788217112063,3579.824131810459,2913021,0.4496658471887277,8.183068952995455,14.88470124497841,99.6,731.0533974593559,63.07473061540259,51.8815774292716,-0.2695417789757459,0.7341474704362849,0.3211256544054587,7.146554150053452,Low,100.0,0.0,0.0,100.0,0.0,0.0,0.0,100.0
ALB,Albania,2011,35.8,1.72129581663193,3677.894579377168,2905195,0.5430773889385269,8.210095742267672,14.88201107166076,99.7,766.8946175148244,61.34830548128676,53.2917382892465,-3.2432432432432545,0.721690997569808,0.3212501268509047,9.791347954039043,Low,98.568,0.0,0.0,98.568,1.432,0.0,0.0,98.568
ALB,Albania,2012,39.9,1.586495371075971,3771.847818620151,2860708,0.4615274143412825,8.2353202979289,14.86657970460754,99.9,699.444897699178,57.58861587127168,53.8637553661449,11.45251396648046,0.694564149907507,0.3556680776403461,-7.83133522160786,Medium,100.0,0.0,0.0,100.0,0.0,0.0,0.0,100.0
ALB,Albania,2013,41.1,1.69345614437421,3895.899756219416,2816902,0.5267714964976246,8.267679934508257,14.85114825747097,99.9,826.0183848623204,56.2283728759268,54.2979678058548,3.007518796992481,0.6847497480962137,0.3666790425337853,6.741953065119732,Medium,100.0,0.0,0.0,100.0,0.0,0.0,0.0,100.0
ALB,Albania,2014,38.6,1.839447942094631,4045.119348849334,2773767,0.6094654951321388,8.305266334335276,14.83571688209704,100.0,844.5900800179576,61.23871570898312,54.7325813178673,-6.082725060827254,0.7209002873338598,0.3358875979403946,8.620937613614444,Medium,100.0,0.0,0.0,100.0,0.0,0.0,0.0,100.0
ALB,Albania,2015,38.5,1.785088600893423,4199.539129253976,2731293,0.5794680503546181,8.342730067120552,14.8202856814092,100.0,803.9874480707746,47.35338698484789,55.1579291374894,-0.2590673575129543,0.6207151028874561,0.3854715431646137,-2.9551986744081216,Medium,100.0,0.0,0.0,100.0,0.0,0.0,0.0,100.0
ALB,Albania,2016,39.4,1.687396285289029,4431.556358141677,2689469,0.5231866813063054,8.396506123719535,14.804854334323,99.9,840.6193635685186,0.0,55.5738734464276,2.337662337662328,0.2790517614216686,0.5608810368883519,-5.472687213144479,Medium,100.0,0.0,0.0,100.0,0.0,0.0,0.0,100.0
ALB,Albania,2017,36.9,2.024442233369898,4648.230786606584,2648285,0.7052942223066913,8.44424195018346,14.78942281864631,99.9,894.466399568989,0.0,55.980276426546,-6.345177664974622,0.2790517614216686,0.5481648619137842,19.974320852741336,Medium,100.0,0.0,0.0,100.0,0.0,0.0,0.0,100.0
ALB,Albania,2018,37.8,2.045493154398859,4893.823755387173,2607733,0.7156389117177508,8.495729230969024,14.77399181948715,100.0,904.7397746956648,0.0,56.377000259892,2.4390243902439046,0.2790517614216686,0.5527426849046286,1.039838069072463,Medium,100.0,0.0,0.0,100.0,0.0,0.0,0.0,100.0
ALB,Albania,2019,40.1,1.940960378160146,5072.436483547388,2567801,0.6631828908719519,8.53157654989607,14.75856044857747,100.0,908.3172526791834,0.0,56.7639071287255,6.084656084656093,0.2790517614216686,0.5644415658812308,-5.110394821606413,Medium,100.0,0.385,0.0,99.615,0.0,0.0,0.0,100.0
ALB,Albania,2020,44.4,1.806460798582547,4980.616995246958,2528480,0.5913695711666992,8.513309056972297,14.74312888964293,100.0,855.1855942495414,0.0,57.1408592155544,10.723192019950112,0.2790517614216686,0.5863133868374872,-6.929537619160087,Medium,100.0,0.565,0.0,99.435,0.0,0.0,0.0,100.0
ALB,Albania,2021,41.9,2.053288627587697,5511.757434028622,2489762,0.7194427163615803,8.614638804836305,14.72769768154329,100.0,914.7329255214754,0.0,57.5077187031778,-5.630630630630629,0.2790517614216686,0.5735972118629196,13.663613912841369,Medium,100.0,0.447,0.0,99.553,0.0,0.0,0.0,100.0
ARG,Argentina,2000,9.8,3.674857816889479,10631.65036390286,37213984,1.301514442634576,9.271590714591143,17.43219516258391,95.7,1643.3213196178888,88.96886145371428,89.1760271133454,0.0,0.9209783568816567,0.0893582274594768,0.0,Low,32.592,0.0,0.034,32.12,60.463,2.0,54.934,39.537
ARG,Argentina,2001,11.5,3.490424207953127,10051.94484630434,37624825,1.250023278384557,9.21552141181042,17.4431746298597,95.5,1518.5673730419478,88.13234976328808,89.3682951289372,17.34693877551019,0.9149427721532052,0.1010230188064086,-5.018795777314256,Low,41.036,0.0,0.055,40.581,51.132,1.509,47.992,48.868
ARG,Argentina,2002,11.6,3.261036627263854,8861.56199282278,38029349,1.182045128655743,9.089478325218936,17.45386876169324,96.1,1484.2570188162542,86.51165221192846,89.5616701920513,0.8695652173912993,0.9032491431192328,0.1073784803223775,-6.571911235505434,Low,43.007,0.0,0.083,42.298,50.112,0.958,48.126,49.888
ARG,Argentina,2003,10.8,3.518488647361062,9545.531941199944,38424282,1.258031535862792,9.163828464434127,17.46420016146289,96.3,1590.617210679182,85.69969421869078,89.752468256564,-6.896551724137923,0.8973907178034636,0.1062385169884004,7.894790814208696,Low,37.754,0.0,0.087,36.711,54.024,1.021,51.863,45.976
ARG,Argentina,2004,9.3,3.855797194120062,10302.4465316428,38815916,1.349577780479264,9.240136673356536,17.47434092666751,96.5,1740.908902599452,87.93356138043114,89.9397208794212,-13.888888888888884,0.913508477640054,0.0905499320853646,9.586745349085836,Low,31.319,0.0,0.07,30.381,60.832,1.676,55.067,39.168
ARG,Argentina,2005,9.6,3.917426793917268,11099.75091906017,39216789,1.36543500813464,9.31467794732434,17.48461550388668,96.7,1712.4320350002954,88.74292969262832,90.1233737736072,3.2258064516129004,0.9193482179338224,0.0891560029354285,1.5983620687101574,Low,33.296,0.0,0.066,32.359,60.208,2.061,52.671,39.792
ARG,Argentina,2006,9.2,4.102792089720602,11870.27915592978,39622115,1.411667739429518,9.381793005097164,17.49489797994014,97.0,1784.0166977627923,91.31115774844474,90.3033726521064,-4.166666666666674,0.9378784527294282,0.0778562975416948,4.731812629942622,Low,34.506,0.0,0.062,33.518,58.688,1.754,49.722,41.312
ARG,Argentina,2007,7.7,4.325342357151676,12811.9021206578,40016763,1.464491294973966,9.45812987103844,17.50480899929081,97.2,1845.914228023441,89.08220820898192,90.4796632279031,-16.30434782608695,0.9217961744363216,0.0782677317035075,5.424361326733229,Low,28.497,0.0,0.053,27.502,65.116,2.061,53.013,34.884
ARG,Argentina,2008,7.7,4.433590041279287,13197.35702670292,40424148,1.489209648931183,9.487771863276931,17.51493788713855,97.5,1889.4092380155373,92.1748284131746,90.6521912139817,0.0,0.9441099944210924,0.0671108217111222,2.502638524061118,Low,26.618,0.0,0.033,25.593,67.32,1.591,53.654,32.68
ARG,Argentina,2009,8.6,4.034294010419478,12285.37846518653,40854831,1.394831319974708,9.41616509157774,17.5255356342118,97.8,1722.7440290988231,96.14567343251142,90.8209023233265,11.688311688311682,0.9727603669527024,0.0573634584361615,-9.006155894932377,Low,29.308,0.0,0.033,28.303,64.004,1.431,50.441,35.996
ARG,Argentina,2010,8.8,4.294546105042702,13387.15537484578,41288694,1.457345870001349,9.502050972116226,17.53609926742743,98.8,1826.0511236884872,93.38688311091768,90.9930051940977,2.3255813953488413,0.9528551905820912,0.0683333406194324,6.450994745327532,Low,27.595,0.0,0.024,26.476,66.683,2.389,50.643,33.317
ARG,Argentina,2011,8.8,4.429218229474444,14040.61891244436,41730660,1.488223096582115,9.549709758691147,17.54674666840241,99.0,1865.257361156828,91.94288413044706,91.1072286738406,0.0,0.9424364740307568,0.0735426988950996,3.1358872657953007,Low,25.183,0.0,0.023,24.087,69.874,2.247,52.406,30.126
ARG,Argentina,2012,8.6,4.478861287469741,13754.42542355963,42161721,1.499368837214394,9.529115900298596,17.55702328204735,99.1,1897.6098392280903,89.94028741467774,91.2041217246797,-2.272727272727282,0.9279873727291524,0.0797499555479365,1.1208085811835522,Low,22.783,0.007,0.272,21.438,72.511,1.941,56.043,27.489
ARG,Argentina,2013,8.9,4.536586723334763,13946.09508322516,42582455,1.512174906238554,9.542954825714489,17.56695287194416,99.3,1928.549228851265,89.93210414672912,91.3014507719473,3.488372093023262,0.9279283289553176,0.0813054184318019,1.2888417872310098,Low,24.934,0.014,0.323,23.499,70.613,1.707,53.568,29.387
ARG,Argentina,2014,9.8,4.416746151241708,13456.13191591506,43024071,1.485403260109743,9.507190185666092,17.57727030773115,100.0,1911.6172773683847,92.38366221921596,91.3975345472954,10.1123595505618,0.945616768498434,0.0770390216510882,-2.641646228796501,Low,24.931,0.014,0.448,23.401,71.091,1.833,54.973,28.909
ARG,Argentina,2015,9.4,4.51258701954955,13679.62649809542,43477012,1.506870607583767,9.52366288803301,17.58774289660472,99.7,1919.758592080578,56.28773765029118,91.4923019108628,-4.081632653061229,0.6851780757928405,0.2052237800079541,2.1699428725578507,Low,23.676,0.007,0.406,22.239,71.483,1.644,54.401,28.517
ARG,Argentina,2016,9.4,4.4223010437306,13265.88606391234,43900313,1.486660158754509,9.49295106146972,17.59743200786053,99.9,1889.8701885328928,0.0,91.5856817228217,0.0,0.2790517614216686,0.4082869371935401,-2.0007586652137976,Medium,21.396,0.007,0.374,20.213,72.979,1.311,57.263,27.021
ARG,Argentina,2017,10.4,4.321029104948974,13520.11298461589,44288894,1.463493592624629,9.511933706412323,17.60624450381065,100.0,1874.8296373946368,0.0,91.6776028433824,10.63829787234043,0.2790517614216686,0.4133734071833671,-2.290028150055423,Medium,23.13,0.014,0.419,21.695,72.687,1.38,62.64,27.313
ARG,Argentina,2018,10.5,4.25075806940885,13058.32854499543,44654882,1.447097336303089,9.477181411867756,17.61447419861539,100.0,1806.7762349903933,0.0,91.7679941327998,0.961538461538458,0.2790517614216686,0.4138820541823498,-1.6262569363312496,Medium,23.995,0.075,0.961,21.992,71.324,1.383,64.961,28.676
ARG,Argentina,2019,10.7,4.075040693440009,12706.39781089676,44973465,1.404880732763213,9.449860910237415,17.62158320714616,100.0,1777.4150771055288,0.0,91.8567844513802,1.904761904761898,0.2790517614216686,0.4148993481803152,-4.133789152419998,Medium,24.927,0.573,3.583,19.709,69.025,0.839,65.441,30.975
ARG,Argentina,2020,9.8,3.720028549322872,11393.05059578767,45191965,1.313731342804765,9.340758851642144,17.62642986351358,100.0,1623.9245083352291,0.0,91.9439026594897,-8.411214953271017,0.2790517614216686,0.4103215251894709,-8.711867459106227,Medium,25.318,0.926,6.506,16.365,67.761,1.134,61.338,32.239
ARG,Argentina,2021,9.2,4.097697045973034,12549.28116993417,45312281,1.41042511979577,9.437418665623442,17.62908865746404,100.0,1741.513772005969,0.0,92.0292776175651,-6.122448979591855,0.2790517614216686,0.4072696431955747,10.152301027875342,Medium,24.185,1.437,8.449,12.831,69.174,1.554,58.72,30.826
ARM,Armenia,2000,7.2,1.108223898668157,1229.215104361021,3221100,0.1027586425210181,7.114131118141312,14.98523347409034,98.9,625.5032273418832,70.04174531272103,64.959237917436,0.0,0.7844157547786224,0.1444147065374436,0.0,Low,21.626,0.0,0.0,21.626,46.54,0.0,46.54,53.46
ARM,Armenia,2001,5.4,1.131265956784358,1351.120726945549,3211800,0.1233373213772541,7.208689695141338,14.98234208560953,100.0,624.5554713326048,71.16956793713037,64.8228123790872,-25.0,0.7925532011361491,0.1311903373769915,2.079187982130004,Low,16.725,0.0,0.0,16.725,48.606,0.0,48.606,51.394
ARM,Armenia,2002,8.9,0.9692480780048752,1535.204528851872,3199800,-0.0312346854045629,7.336418894696871,14.97859886581675,98.0,586.4406484323864,61.80231590148192,64.7396211980252,64.81481481481481,0.7249667657270848,0.1827862000459184,-14.321820417899,Low,30.885,0.0,0.0,30.885,29.755,0.0,29.755,70.245
ARM,Armenia,2003,9.8,1.090589159465829,1759.646848293856,3182500,0.0867180634877731,7.472868413519923,14.9731776094137,99.1,622.5828814023849,65.70554650658065,64.6663537455064,10.1123595505618,0.7531292879026639,0.1732827619489732,12.519094359281624,Low,36.981,0.0,0.0,36.981,28.679,0.0,28.679,71.321
ARM,Armenia,2004,8.7,1.187778444816582,1955.222624592285,3164900,0.1720847092860995,7.578259340408017,14.96763201748464,99.1,661.9296798980884,66.89547996032329,64.5972633621116,-11.22448979591838,0.761714875245291,0.1633948512888499,8.911631342306414,Low,34.197,0.0,0.0,34.197,27.807,0.0,27.807,72.193
ARM,Armenia,2005,6.5,1.418351131451818,2240.092732097882,3146400,0.3494950218931722,7.714272542250185,14.96176950009974,99.8,798.5441805151887,68.09214587765453,64.5334210637509,-25.28735632183907,0.7703490385431442,0.1478875356623038,19.412095550432483,Low,28.783,0.0,0.0,28.783,30.099,0.0,30.099,69.901
ARM,Armenia,2006,7.7,1.421668638674811,2551.435463584521,3127100,0.3518312793846368,7.844411406664453,14.95561661546174,99.1,818.2749973903616,67.48953710621251,64.4758978663344,18.461538461538463,0.7660011061235824,0.1561652658598771,0.2338988667493824,Low,31.699,0.0,0.0,31.699,25.919,0.0,25.919,74.081
ARM,Armenia,2007,7.0,1.658717899208341,2919.373493637303,3107400,0.5060449540781302,7.979124315268161,14.94929692164004,99.2,918.1816125228356,70.54486020626733,64.4257647857723,-9.090909090909092,0.7880458206855285,0.1415823795860251,16.674016299219495,Low,32.275,0.0,0.0,32.275,26.279,0.0,26.279,73.721
ARM,Armenia,2008,6.4,1.829710731754721,3141.331935007741,3087100,0.6041578842795505,8.052402172085555,14.94274269686957,99.2,973.2171452455896,73.27760399398868,64.3840928379746,-8.571428571428562,0.8077630665539498,0.1286718746579183,10.308734995142332,Low,30.169,0.0,0.0,30.169,31.356,0.0,31.356,68.644
ARM,Armenia,2009,7.8,1.46836268754077,2716.974362804709,3066000,0.384147962034918,7.907274173535201,14.9358843384139,99.3,851.3383877051434,68.19935695618642,64.3519530388516,21.875,0.7711225860687959,0.1541131728862531,-19.74891647858525,Low,36.765,0.0,0.0,36.765,21.14,0.0,21.14,78.86
ARM,Armenia,2010,9.4,1.41194823962165,2796.081434280432,3044800,0.3449704809073988,7.935974228208693,14.92894577552402,99.8,815.6279869857101,67.39505360852401,64.3304164043132,20.51282051282053,0.7653193904198261,0.1651531226944613,-3.841996830742378,Low,40.51,0.0,0.159,40.351,22.967,0.0,22.967,77.033
ARM,Armenia,2011,8.0,1.619637372436342,2943.836871193151,3027900,0.4822022800123485,7.98746906771339,14.92337986789506,99.5,896.9480238356551,71.54200207197253,64.3207449145194,-14.893617021276595,0.7952403814856098,0.1430715691758115,14.709401307114844,Low,34.119,0.0,0.0,34.119,33.148,0.0,33.148,66.852
ARM,Armenia,2012,6.6,1.874805727323832,3159.758607868893,3024100,0.628505041960314,8.058250913748193,14.92212408451787,99.5,982.4424153134718,77.32224246000357,64.3268379506998,-17.500000000000004,0.836945872289934,0.1150977657878916,15.754659606529865,Low,29.412,0.0,0.0,29.412,43.478,0.0,43.478,56.522
ARM,Armenia,2013,6.8,1.817637326273991,3266.298829998735,3022000,0.5975374853560559,8.091412766588741,14.92142942181482,99.4,959.8016823476836,75.48868767035167,64.3584061131466,3.030303030303028,0.8237164393796015,0.1227297762410232,-3.049297333406664,Low,28.705,0.0,0.0,28.705,42.323,0.0,42.323,57.677
ARM,Armenia,2014,7.1,1.911440706085341,3393.09252326884,3013800,0.6478572540997586,8.129497033280357,14.91871229896619,99.7,1045.9751136302111,69.982208305614,64.4142934233291,4.41176470588236,0.7839861843912797,0.1441208447321323,5.160731376684424,Low,26.162,0.0,0.0,26.162,43.692,0.0,43.692,56.308
ARM,Armenia,2015,10.7,1.869533382147374,3512.39350276709,3004600,0.6256888714657021,8.164052993685441,14.91565500561046,100.0,1084.5206294013578,63.48193418408001,64.4929623431549,50.70422535211267,0.7370855186053765,0.1858824695884612,-2.192446974920481,Low,28.874,0.0,0.0,28.874,37.086,0.0,37.086,62.914
ARM,Armenia,2016,13.2,1.796243692143167,3533.885036070068,2992300,0.5856976467240228,8.170153121527091,14.91155288042975,99.8,1043.0979720341645,0.0,64.5928753345316,23.3644859813084,0.2790517614216686,0.4276155231548829,-3.920212963516356,Medium,32.817,0.0,0.0,32.817,36.338,0.0,36.338,63.662
ARM,Armenia,2017,12.6,1.909511982278311,3815.374742603702,2979400,0.6468477027505803,8.246794167624104,14.90723249592763,99.7,1105.966969817074,0.0,64.7124948593667,-4.545454545454541,0.2790517614216686,0.4245636411609866,6.305842054203636,Medium,29.88,0.0,0.0,29.88,38.114,0.0,38.114,61.886
ARM,Armenia,2018,11.1,2.004580666891209,4027.833930109785,2969000,0.6954348951897825,8.300984024118058,14.9037357537459,99.9,1072.336824811469,0.0,64.8502833795679,-11.904761904761909,0.2790517614216686,0.4169339361762461,4.978690131049501,Medium,30.435,0.264,0.0,30.171,44.532,0.0,44.532,55.468
ARM,Armenia,2019,10.3,2.168675105485232,4343.458395830194,2962500,0.7741164306228963,8.376426175164449,14.90154406442552,100.0,1163.0928467568945,0.0,65.0047033570428,-7.2072072072072,0.2790517614216686,0.4128647601843844,8.185973321218732,Medium,32.176,0.801,0.0,31.375,40.721,0.0,40.721,59.279
ARM,Armenia,2020,8.4,2.334796555799426,4032.090434549551,2961500,0.8479247591876933,8.302040238703432,14.90120645469916,100.0,1233.3045589153232,0.0,65.174217253699,-18.446601941747577,0.2790517614216686,0.403200467203713,7.6600432168941746,Medium,25.131,1.832,0.0,23.298,41.492,0.0,41.492,58.508
ARM,Armenia,2021,9.1,2.51946122945009,4264.799615051871,2962300,0.9240450808280504,8.35815047524684,14.90147655159806,100.0,1271.5280555632448,0.0,65.3572875314441,8.333333333333325,0.2790517614216686,0.4067609961965919,7.909240451463484,Medium,32.254,3.756,0.0,28.497,43.782,0.0,43.782,56.218
AZE,Azerbaijan,2000,2.1,3.57759113386179,1504.731067060355,8048600,1.274689706299211,7.316369468232329,15.90100872122664,98.9,1403.598746671036,98.27631416773784,51.1320838928223,0.0,0.9881333292561912,0.0166149223505412,0.0,Low,8.137,0.0,0.0,8.137,91.863,0.0,19.861,8.137
AZE,Azerbaijan,2001,1.8,3.417139264227241,1640.936645403979,8111200,1.228803728588048,7.403022483034619,15.90875638062051,98.6,1411.2143488871684,98.37476502270066,51.1584815979004,-14.28571428571429,0.9888436701677616,0.0147338108978078,-4.48491355302949,Low,6.804,0.0,0.0,6.804,93.196,0.0,59.441,6.804
AZE,Azerbaijan,2002,2.4,3.363505650426153,1782.473191836391,8171950,1.212983778406641,7.485757112532376,15.91621811644768,100.0,1414.7760245464178,97.29762138925922,51.2144165039062,33.33333333333333,0.9810718819922304,0.0216715869794698,-1.5695472046620584,Low,10.707,0.0,0.0,10.707,89.293,0.0,58.298,10.707
AZE,Azerbaijan,2003,2.9,3.61612076608251,1949.606084173313,8234100,1.285401839672049,7.575382623035154,15.92379462600385,98.8,1476.8410237129256,96.93281524392202,51.7257995605469,20.833333333333325,0.9784397389811496,0.0255308934799236,7.510470976148076,Low,11.477,0.0,0.0,11.477,88.523,0.0,52.775,11.477
AZE,Azerbaijan,2004,3.1,3.551568049118161,2111.453383447501,8306500,1.267389209941786,7.655131796672319,15.93254889880867,99.0,1539.5000390797206,97.11796845659714,52.2831993103027,6.896551724137945,0.9797756532494564,0.0258802303437357,-1.7851371992280374,Low,12.569,0.0,0.0,12.569,87.431,0.0,59.116,12.569
AZE,Azerbaijan,2005,3.4,3.720192806115457,2674.368856499599,8391850,1.313775496542877,7.891468689996056,15.94277155473265,99.1,1600.2278034026583,97.10033202404472,52.5028533935547,9.6774193548387,0.979648403165332,0.0274697963827459,4.747895990312356,Low,13.047,0.0,0.0,13.047,86.953,0.0,61.252,13.047
AZE,Azerbaijan,2006,2.9,3.764430641577927,3556.832128581332,8484550,1.325596625799865,8.176625576171084,15.95375742047683,99.5,1559.8491757674126,97.58807306386517,52.6540145874023,-14.70588235294118,0.9831675439078597,0.0231669910165687,1.1891274933317764,Low,10.159,0.0,0.0,10.159,89.841,0.0,64.912,10.159
AZE,Azerbaijan,2007,3.8,3.370223625790964,4412.203261179317,8581300,1.214979099964162,8.392129449389108,15.9650959751384,99.5,1459.3889815120087,94.56044929166882,52.8281555175781,31.034482758620683,0.9613226850587796,0.038667243431953,-10.471889465380723,Low,10.724,0.0,0.0,10.724,89.276,0.0,70.99,10.724
AZE,Azerbaijan,2008,3.1,3.677898988976881,4778.12452736673,8763400,1.302341662231557,8.471803390201368,15.98609451546432,99.7,1587.2483700944156,94.15705002618434,53.063304901123,-18.42105263157893,0.9584120856325048,0.0365620141522114,9.129226940058269,Low,10.222,0.0,0.0,10.222,89.778,0.0,81.822,10.222
AZE,Azerbaijan,2009,3.3,3.127510899167487,5118.433954946873,8947243,1.140237448298496,8.540603803071903,16.00685599810279,99.9,1391.3309919554326,93.89349071540936,53.1358125434574,6.451612903225801,0.9565104570368014,0.0385301224480286,-14.964741866456231,Low,12.149,0.0,0.0,12.149,87.851,0.0,85.199,12.149
AZE,Azerbaijan,2010,4.4,2.94181834728393,5300.110487290623,9054332,1.079027875638001,8.575482945981532,16.01875387518139,99.9,1305.9120927864142,94.97593429080334,53.2848367714869,33.33333333333335,0.9643204852621448,0.0402202253241666,-5.937391039404105,Low,18.265,0.0,0.0,18.265,81.735,0.0,81.521,18.265
AZE,Azerbaijan,2011,3.5,3.212573484026415,5149.206659132063,9173082,1.167072324364833,8.546597935020886,16.03178388373015,99.9,1396.0447805164067,95.99134066393847,53.5085461893249,-20.45454545454546,0.9716468278213796,0.0319792310537048,9.20366605886671,Low,13.074,0.0,0.0,13.074,86.926,0.0,85.2,13.074
AZE,Azerbaijan,2012,2.8,3.472660294172068,5193.175011195519,9295784,1.244920955609647,8.555100544642803,16.04507152200353,100.0,1497.2948666471382,96.87208580827338,53.8076442276208,-20.000000000000007,0.9780015650039496,0.0252413334695409,8.095902286402445,Low,7.836,0.0,0.0,7.836,92.164,0.0,89.9,7.836
AZE,Azerbaijan,2013,2.5,3.526866501692028,5425.995597805777,9416801,1.260409800152549,8.598956681903726,16.05800599227359,100.0,1497.9025747025237,96.64426552990425,54.1821087431318,-10.71428571428571,0.9763578000587688,0.0245372749451832,1.5609418407821485,Low,6.71,0.0,0.0,6.323,93.29,0.0,93.118,6.71
AZE,Azerbaijan,2014,2.1,3.641784194971012,5508.602656126762,9535079,1.292473725011359,8.61406626855578,16.07048808224715,100.0,1526.158778639946,96.81391490927416,54.6319175926151,-15.999999999999991,0.9775818513362768,0.0218906613104984,3.258351095054257,Low,5.562,0.0,0.0,5.238,94.438,0.0,94.235,5.562
AZE,Azerbaijan,2015,2.3,3.577746915566566,5500.503646284862,9649341,1.274733249093059,8.61259493907989,16.08240018082785,100.0,1510.9185685788905,50.9097565121081,55.1570486328276,9.523809523809511,0.6463749589936229,0.1885114014797908,-1.758404012321102,Low,6.96,0.0,0.0,6.593,93.04,0.0,86.488,6.96
AZE,Azerbaijan,2016,1.9,3.526968955745407,5272.718171418611,9757812,1.260438849328421,8.570301290618433,16.09357875292924,100.0,1480.9342834589045,0.0,55.7574797205266,-17.391304347826086,0.2790517614216686,0.3701384122698371,-1.4192719893133643,Medium,8.41,0.161,0.08,7.807,91.59,0.0,81.167,8.41
AZE,Azerbaijan,2017,1.9,3.473298699121466,5229.252599934125,9854033,1.245104776145246,8.56202364052454,16.10339137097429,100.0,1478.7841844292384,0.0,56.4331887124691,0.0,0.2790517614216686,0.3701384122698371,-1.5217104912849444,Medium,7.762,0.165,0.083,7.143,92.238,0.0,86.788,7.762
AZE,Azerbaijan,2018,1.9,3.49731397232391,5261.929382344318,9939771,1.251995237386361,8.568253041203137,16.112054540138,100.0,1471.3702756395594,0.0,57.1841534654123,0.0,0.2790517614216686,0.3701384122698371,0.6914255087971055,Medium,7.76,0.159,0.318,6.964,92.24,0.0,92.041,7.76
AZE,Azerbaijan,2019,1.7,3.689231439295958,5346.953186041143,10024283,1.305418154325105,8.584282179728273,16.12052100740214,100.0,1587.7847758468713,0.0,58.1308191977779,-10.526315789473683,0.2790517614216686,0.3691211182718717,5.487567558726281,Medium,6.898,0.154,0.385,5.973,93.102,0.0,92.909,6.898
AZE,Azerbaijan,2020,1.3,3.508003124107994,5087.500227836274,10093121,1.255046965076243,8.534541874534392,16.12736466065602,100.0,1536.8305634955827,0.0,58.2934691761937,-23.52941176470588,0.2790517614216686,0.3670865302759409,-4.91235961120805,Medium,5.126,0.194,0.388,4.155,94.874,0.0,94.68,5.126
AZE,Azerbaijan,2021,1.3,3.691568641957042,5349.582260714248,10137750,1.306051473941806,8.584773754732,16.13177663801418,100.0,1623.8293243823532,0.0,58.3659969744818,0.0,0.2790517614216686,0.3670865302759409,5.232763807635554,Medium,5.47,0.18,0.324,4.606,94.53,0.0,92.263,5.47
BDI,Burundi,2000,93.2,0.0452072998120303,264.154407180223,6470194,-3.096496704917557,5.576533807855859,15.6827166505716,2.5,603.8037999957767,10.807091106766707,8.04381449833197,0.0,0.4916618178880346,0.7282280941078647,0.0,High,100.0,0.0,0.0,100.0,0.0,0.0,0.0,100.0
BDI,Burundi,2001,94.7,0.0355422108973503,262.9138857743836,6634365,-3.337034249486225,5.571826548045038,15.70777351657163,2.8,603.8037999957767,10.807091106766707,8.24107308668089,1.6094420600858417,0.4916618178880346,0.7358577990926054,-21.379487283838937,High,100.0,0.0,0.0,100.0,0.0,0.0,0.0,100.0
BDI,Burundi,2002,94.6,0.0326341870292075,266.9681416483418,6824132,-3.422394858214662,5.587129331611959,15.73597571146012,3.1,603.8037999957767,10.807091106766707,8.45108277415092,-0.1055966209081438,0.4916618178880346,0.7353491520936226,-8.181887943160149,High,100.0,0.0,0.0,100.0,0.0,0.0,0.0,100.0
BDI,Burundi,2003,95.8,0.026280839521612,255.5008233856123,7043154,-3.638915140609146,5.543225632282842,15.76756663917073,3.4,603.8037999957767,10.807091106766707,8.67614339385788,1.2684989429175395,0.4916618178880346,0.7414529160814151,-19.46837989838461,High,100.0,0.0,0.0,100.0,0.0,0.0,0.0,100.0
BDI,Burundi,2004,96.0,0.0299699507130413,258.0500091153332,7310656,-3.507560042198082,5.553153399918639,15.80484356778164,3.7,603.8037999957767,10.807091106766707,8.9185547789176,0.2087682672233803,0.4916618178880346,0.7424702100793805,14.037265394035693,High,100.0,0.0,0.0,100.0,0.0,0.0,0.0,100.0
BDI,Burundi,2005,96.0,0.0242510542948155,250.8789334759354,7587299,-3.719295186468832,5.524970486020734,15.84198622305995,3.2,603.8037999957767,10.807091106766707,9.1806167624459,0.0,0.4916618178880346,0.7424702100793805,-19.082101512223023,High,100.0,0.0,0.0,100.0,0.0,0.0,0.0,100.0
BDI,Burundi,2006,95.3,0.0292923047818543,255.1055822519254,7865547,-3.530430432885433,5.541677507510953,15.87800264068931,2.7,603.8037999957767,10.807091106766707,9.4646291775586,-0.7291666666666696,0.4916618178880346,0.7389096810865016,20.787758032097024,High,100.0,0.0,0.0,100.0,0.0,0.0,0.0,100.0
BDI,Burundi,2007,95.3,0.0456757847523742,254.311725516331,8161874,-3.086186995642361,5.538560780355771,15.91498435743593,4.7,603.8037999957767,10.807091106766707,9.77289185737152,0.0,0.4916618178880346,0.7389096810865016,55.93100335576528,High,100.0,0.0,0.0,100.0,0.0,0.0,0.0,100.0
BDI,Burundi,2008,95.0,0.0259474981121343,256.0124615544964,8505637,-3.651680085881964,5.545226121242081,15.95623967812679,4.8,603.8037999957767,10.807091106766707,10.1064353383035,-0.314795383001043,0.4916618178880346,0.7373837400895534,-43.19200369997899,High,100.0,0.0,0.0,100.0,0.0,0.0,0.0,100.0
BDI,Burundi,2009,94.6,0.0248556994767115,252.5820198758858,8947646,-3.694668197537723,5.531736027160812,16.00690103889629,5.4,603.8037999957767,10.807091106766707,10.4979900434482,-0.4210526315789553,0.4916618178880346,0.7353491520936226,-4.2077221884919584,High,100.0,0.0,0.0,100.0,0.0,0.0,0.0,100.0
BDI,Burundi,2010,93.2,0.034117411675471,253.3085777499238,9376444,-3.377947418688917,5.534608420429219,16.05371114462653,5.3,603.8037999957767,10.807091106766707,10.9843097335487,-1.4799154334038,0.4916618178880346,0.7282280941078647,37.26192540844486,High,87.5,0.0,0.0,87.5,12.5,0.0,0.0,87.5
BDI,Burundi,2011,92.1,0.0427455176375167,254.2421106482151,9717978,-3.152490939680978,5.538287004548373,16.08948813010512,6.2,603.8037999957767,10.807091106766707,11.5616652230006,-1.180257510729621,0.4916618178880346,0.7226329771190549,25.28945057180003,High,93.333,0.0,0.0,86.667,6.667,0.0,0.0,93.333
BDI,Burundi,2012,91.7,0.039648385447841,256.1803939318739,10071028,-3.227705051835257,5.545881860116984,16.12517334488657,6.5,603.8037999957767,10.807091106766707,12.2244596804615,-0.4343105320303908,0.4916618178880346,0.7205983891231242,-7.245513356369814,High,100.0,0.0,0.0,93.333,0.0,0.0,0.0,100.0
BDI,Burundi,2013,90.8,0.0433169105214591,259.3111172033546,10439341,-3.13921217699508,5.558028565529741,16.16109201582109,6.9,603.8037999957767,10.807091106766707,12.9670962745892,-0.9814612868048078,0.4916618178880346,0.7160205661322798,9.252646815704924,High,88.235,0.0,0.0,82.353,11.765,0.0,0.0,88.235
BDI,Burundi,2014,91.3,0.0375470437605933,261.2967217520021,10799785,-3.282160631951281,5.565656626531303,16.19503678448888,7.0,603.8037999957767,10.807091106766707,13.7839781740413,0.5506607929515406,0.4916618178880346,0.7185638011271933,-13.320125307661057,High,83.333,0.0,0.0,77.778,16.667,0.0,0.0,83.333
BDI,Burundi,2015,91.2,0.0393751391707505,254.4025852267877,11047580,-3.234620647347335,5.538917993469316,16.21772195741816,7.9,603.8037999957767,10.807091106766707,14.6695085474754,-0.109529025191668,0.4916618178880346,0.7180551541282106,4.868813166259867,High,83.333,0.0,0.0,77.778,16.667,0.0,0.0,83.333
BDI,Burundi,2016,89.6,0.0432316489479779,258.0619708089462,11239451,-3.141182437426576,5.553199753012852,16.23494055782057,8.5,603.8037999957767,10.807091106766707,15.6180905635494,-1.7543859649122862,0.4916618178880346,0.7099168021444873,9.794275927517848,High,88.889,5.556,0.0,77.778,11.111,0.0,0.0,88.889
BDI,Burundi,2017,88.2,0.0474764316842566,261.725839288764,11506762,-3.047521866145405,5.567297540958378,16.25844542052921,9.3,603.8037999957767,10.807091106766707,16.6241273909209,-1.562499999999989,0.4916618178880346,0.7027957441587295,9.818692646645369,High,75.0,3.571,0.0,67.857,25.0,0.0,0.0,75.0
BDI,Burundi,2018,85.7,0.0654752338347002,267.5086921726874,11859446,-2.726083317236202,5.589152059911643,16.28863523880708,9.5,603.8037999957767,10.807091106766707,17.6820221982475,-2.8344671201814053,0.4916618178880346,0.6900795691841618,37.911025559260935,High,71.429,0.0,0.0,68.571,28.571,0.0,0.0,71.429
BDI,Burundi,2019,84.8,0.0624381085920451,270.4110057108094,12255336,-2.773579475400926,5.599943044933752,16.32147199194916,9.8,603.8037999957767,10.807091106766707,18.786178154187,-1.0501750291715406,0.4916618178880346,0.6855017461933175,-4.638586324598171,High,69.231,0.0,0.0,66.667,30.769,0.0,0.0,69.231
BDI,Burundi,2020,83.4,0.073376980140185,263.4638763568973,12617036,-2.612145014619677,5.573916266958823,16.35055852219898,9.1,603.8037999957767,10.807091106766707,19.9309984273971,-1.6509433962264008,0.4916618178880346,0.6783806882075596,17.519543424372053,High,75.676,0.0,0.0,72.973,24.324,0.0,0.0,75.676
BDI,Burundi,2021,83.1,0.0692145551715358,264.6826516642492,12965481,-2.670544103627002,5.578531567471525,16.37780107615102,10.2,603.8037999957767,10.807091106766707,21.1108861865354,-0.3597122302158362,0.4916618178880346,0.6768547472106115,-5.672657774545876,High,69.231,0.0,0.0,66.667,30.769,0.0,0.0,69.231
BDI,Burundi,2022,83.0,0.0698215770067585,263.5875500516377,13321097,-2.661812190812135,5.574385571056349,16.40485957704269,10.3,603.8037999957767,10.807091106766707,22.3202446002597,-0.1203369434416345,0.4916618178880346,0.6763461002116287,0.8770147170898746,High,69.231,0.0,0.0,66.667,30.769,0.0,0.0,69.231
BEN,Benin,2000,70.3,0.2140932663437382,861.2132920132091,7221619,-1.541343534867836,6.75834219966419,15.79258972395852,21.5,274.5814364329065,25.482942238710223,38.2759517258875,0.0,0.4629158469715221,0.6261209167990813,0.0,Medium,0.0,0.0,0.0,0.0,100.0,0.0,0.0,0.0
BEN,Benin,2001,66.9,0.2494494732187994,879.854463773645,7445596,-1.388498896448018,6.779756511719725,15.82313327462345,21.9,283.2302733728126,27.461732007429468,38.6186257669218,-4.836415362731139,0.4771931767991701,0.6016882539198453,16.514394627570827,Medium,0.0,0.0,0.0,0.0,100.0,0.0,0.0,0.0
BEN,Benin,2002,64.0,0.2791897153330642,893.137100961634,7675426,-1.275863744972016,6.794740097604671,15.85353435478319,23.4,294.7241458062015,29.64356604407048,39.0035069872981,-4.33482810164425,0.4929355081285232,0.5790663252846702,11.92235114009592,Medium,0.0,0.0,0.0,0.0,100.0,0.0,0.0,0.0
BEN,Benin,2003,61.7,0.3032956867562147,896.1467632017358,7913070,-1.193047085436481,6.79810419777769,15.88402638075465,24.3,301.4991516861054,32.07373486304609,39.4169696013044,-3.593749999999996,0.5104696202984268,0.5586003882231163,8.634261972864188,Medium,0.0,0.0,0.0,0.0,100.0,0.0,0.0,0.0
BEN,Benin,2004,60.7,0.3135642266163375,907.6244312093776,8159094,-1.159751070302477,6.810830671020008,15.9146436913643,25.2,305.2795363038935,32.8184336424217,39.8525699078742,-1.620745542949753,0.5158427580937947,0.5508273493356053,3.385653112955911,Medium,0.0,0.0,0.0,0.0,100.0,0.0,0.0,0.0
BEN,Benin,2005,59.2,0.3324771093396932,893.91536869992,8426144,-1.10118426534724,6.795611104808658,15.94684981133472,26.1,296.64742994847705,31.04592232998518,40.3097749006517,-2.471169686985175,0.5030537650279607,0.5495921408837816,6.031581767934457,Medium,0.0,0.0,0.0,0.0,100.0,0.0,0.0,0.0
BEN,Benin,2006,57.3,0.4439195411792287,900.6205357873505,8693242,-0.8121119465313692,6.803084009947442,15.97805650016446,27.9,339.27097277575155,36.32131390625446,40.7877794072449,-3.209459459459474,0.5411166793885609,0.5208963907228101,33.51882842727507,Medium,0.0,0.0,0.0,0.0,100.0,0.0,0.0,0.0
BEN,Benin,2007,54.5,0.4912458374604602,926.7401137540712,8953969,-0.710810589197496,6.831673174322548,16.00760745563723,28.0,358.1233735757294,39.665123545491134,41.2857782552618,-4.88656195462478,0.5652428770549006,0.4945911759181244,10.661007658170174,Medium,0.0,0.0,0.0,0.0,100.0,0.0,0.0,0.0
BEN,Benin,2008,54.8,0.4731230520868799,943.2033803038616,9228466,-0.7483997719204212,6.849281933084277,16.03780339548365,29.0,355.1915687977265,39.07161371048774,41.8029662723105,0.5504587155963359,0.5609605951246777,0.4982582578801841,-3.68914787497594,Medium,0.0,0.0,0.0,0.0,100.0,0.0,0.0,0.0
BEN,Benin,2009,52.8,0.4926166393060862,936.5656510715544,9509423,-0.7080240153316986,6.842219622012821,16.06779375970508,30.0,361.6537176808425,39.79761462056061,42.338538285999,-3.649635036496346,0.5661988243757778,0.4854662032749798,4.120193918521364,Medium,0.0,0.0,0.0,0.0,100.0,0.0,0.0,0.0
BEN,Benin,2010,47.2,0.5186535645273828,928.2466553291443,9797484,-0.6565191244249713,6.833297489850207,16.09763617598493,34.2,363.7435748197803,42.598798745374886,42.8916891239353,-10.606060606060597,0.5864098797845748,0.4468764436275498,5.285433569189402,Medium,0.0,0.0,0.0,0.0,100.0,0.0,0.0,0.0
BEN,Benin,2011,48.7,0.4915083513620431,927.7164128367068,10093623,-0.7102763479583084,6.832726096468561,16.1274143962647,36.9,352.9012490305889,41.5532937721268,43.4616136137276,3.177966101694918,0.5788663703246635,0.4582779033422461,-5.23378513557029,Medium,0.0,0.0,0.0,0.0,100.0,0.0,0.0,0.0
BEN,Benin,2012,50.3,0.4544196832036294,943.9187715310006,10397657,-0.7887340956039499,6.850040115336245,16.1570910502688,38.4,346.22082205343764,39.07338322452162,44.0475065829838,3.285420944558504,0.5609733624918308,0.4753627592423857,-7.545887685455488,Medium,0.0,0.0,0.0,0.0,100.0,0.0,0.0,0.0
BEN,Benin,2013,52.0,0.4641681811483864,982.3992062905164,10708834,-0.7675083330568887,6.889997749463516,16.18657956628239,34.7,366.7430877558948,37.74701977960429,44.6502883669319,3.379721669980129,0.5514034078287456,0.4887947355566343,2.145263135617448,Medium,0.0,0.0,0.0,0.0,100.0,0.0,30.769,0.0
BEN,Benin,2014,51.0,0.4949952873997145,1014.433006213505,11030004,-0.7032070368633833,6.922085120824664,16.21612975387695,34.1,367.2941849718577,38.86574612835835,45.2880529235999,-1.923076923076928,0.5594752228949718,0.4796723580336942,6.641365673764943,Medium,0.0,0.0,0.0,0.0,100.0,0.0,29.412,0.0
BEN,Benin,2015,49.9,0.5114482133597448,1002.418868796138,11360681,-0.6705089433695222,6.910171227024148,16.24566891664362,29.6,379.4920266729336,40.548394307082205,45.9407403257663,-2.1568627450980427,0.5716158370275589,0.4680069339785908,3.3238550707139103,Medium,0.0,0.0,0.0,0.0,100.0,0.0,34.375,0.0
BEN,Benin,2016,45.4,0.6109930361514543,1006.03926633023,11697842,-0.4926697173362882,6.913776382035356,16.27491493831157,37.0,409.0388210840683,0.0,46.6094559006664,-9.018036072144287,0.2790517614216686,0.5913998568273142,19.46332398695688,Medium,0.0,0.0,0.0,0.0,100.0,0.0,3.704,0.0
BEN,Benin,2017,45.4,0.601713652575047,1032.904711941824,12039780,-0.5079736070098431,6.94013022085892,16.30372672525275,34.5,412.3043521191957,0.0,47.2942774880391,0.0,0.2790517614216686,0.5913998568273142,-1.5187380260267005,Medium,0.0,0.0,0.0,0.0,100.0,0.0,43.75,0.0
BEN,Benin,2018,44.0,0.6662980533453515,1071.504521569318,12383347,-0.40601818100676,6.976819034754768,16.33186314409324,39.0,423.2833238225328,0.0,47.9952829275963,-3.083700440528636,0.2790517614216686,0.5842787988415563,10.733411232056,Medium,0.0,0.0,0.0,0.0,100.0,0.0,31.579,0.0
BEN,Benin,2019,46.5,0.639872457668903,1114.173045264425,12726755,-0.4464864073806313,7.015867745285849,16.35921702837638,40.0,414.5436410802172,0.0,48.7125500590248,5.681818181818188,0.2790517614216686,0.596994973816124,-3.9660322499474265,Medium,1.852,1.852,0.0,0.0,98.148,0.0,59.259,1.852
BEN,Benin,2020,46.2,0.6660893214158133,1126.654041221538,13070169,-0.4063315011945668,7.02700749372978,16.38584301589171,41.0,426.18547870094335,0.0,49.4461567219896,-0.6451612903225712,0.2790517614216686,0.595469032819176,4.097201470808742,Medium,1.01,1.01,0.0,0.0,98.99,0.0,75.758,1.01
BEN,Benin,2021,54.5,0.5029814550610034,1176.377276372732,13413417,-0.687201978228061,7.070194890251126,16.41176603264275,42.0,376.055295296953,0.0,50.1961807561354,17.96536796536796,0.2790517614216686,0.6376867337347405,-24.487386467645845,Medium,1.77,1.77,0.0,0.0,98.23,0.0,78.761,1.77
BFA,Burkina Faso,2000,83.9,0.0731706539893435,428.3097965661981,11925546,-2.6149608401824,6.059846757500523,16.29419337985405,9.1,122.8763316152602,0.0,18.0003503329444,0.0,0.2790517614216686,0.7872289514356561,0.0,High,25.641,0.0,0.0,25.641,74.359,0.0,0.0,25.641
BFA,Burkina Faso,2001,81.7,0.0829849464835342,442.9141228700485,12295001,-2.489096055302906,6.093375897686622,16.3247033149663,9.5,138.80840430693254,0.0,18.8591452143893,-2.6221692491060766,0.2790517614216686,0.7760387174580365,13.412880655159952,High,13.889,0.0,0.0,13.889,86.111,0.0,0.0,13.889
BFA,Burkina Faso,2002,81.8,0.0853882812864105,448.1288563170914,12680897,-2.460546409073943,6.105080816766434,16.35560724579623,9.9,140.36666018395857,0.0,19.725053583448,0.1223990208078174,0.2790517614216686,0.7765473644570192,2.896109360452725,High,16.667,0.0,0.0,16.667,83.333,0.0,0.0,16.667
BFA,Burkina Faso,2003,80.8,0.0921992776321892,468.2630477901242,13082532,-2.383802983242155,6.149030205944249,16.38678846324118,11.4,145.41220288692665,0.0,20.563327262892,-1.2224938875305624,0.2790517614216686,0.7714608944671921,7.976500104192441,High,22.222,0.0,0.0,22.222,77.778,0.0,0.0,22.222
BFA,Burkina Faso,2004,82.0,0.0791894660751542,474.086412333459,13500533,-2.535911993109175,6.161389609580598,16.41823972411077,10.7,149.20202552062355,0.0,21.3392180754924,1.4851485148514865,0.2790517614216686,0.7775646584549847,-14.11053523535738,High,21.277,0.0,0.0,21.277,78.723,0.0,0.0,21.277
BFA,Burkina Faso,2005,85.4,0.0817032694873566,499.1927975712173,13932123,-2.504661259711787,6.212992389008861,16.44970773902509,11.1,152.45406529421467,0.0,22.0179778440204,4.146341463414638,0.2790517614216686,0.7948586564203968,3.1744164177300416,High,19.231,0.0,0.0,19.231,80.769,0.0,0.0,19.231
BFA,Burkina Faso,2006,84.8,0.0799863250308358,514.1131317570615,14373707,-2.525899596034221,6.242443341931233,16.48091119277605,11.6,160.05194705349288,0.0,22.5528306908743,-0.7025761124121899,0.2790517614216686,0.7918067744265005,-2.101439106774716,High,14.545,0.0,0.0,14.545,85.455,0.0,0.0,14.545
BFA,Burkina Faso,2007,82.9,0.1103108892114614,519.2610121843395,14816307,-2.204452634010207,6.252406670397182,16.51123895649576,12.0,167.38049699381838,0.0,22.9741760828193,-2.240566037735836,0.2790517614216686,0.7821424814458291,37.91218582543334,High,18.033,0.0,0.0,18.033,81.967,0.0,0.0,18.033
BFA,Burkina Faso,2008,83.5,0.1245437421308155,533.4712999382883,15258093,-2.08309828236748,6.279405273490241,16.54062060877693,12.5,168.80031087062977,0.0,23.3633747838557,0.7237635705669376,0.2790517614216686,0.7851943634397253,12.902491332537714,High,21.311,0.0,0.0,21.311,78.689,0.0,0.0,21.311
BFA,Burkina Faso,2009,83.3,0.1172560318970016,533.470084831931,15710066,-2.143395428228438,6.279402995752449,16.56981221136875,12.6,171.44988829824013,0.0,23.7452325601116,-0.2395209580838386,0.2790517614216686,0.7841770694417598,-5.851526627615855,High,18.571,0.0,0.0,18.571,81.429,0.0,0.0,18.571
BFA,Burkina Faso,2010,82.1,0.1213056126239437,561.8472213024888,16176498,-2.109442193501234,6.331229964720055,16.59907000611865,13.1,227.93902505696968,0.0,24.115092498158,-1.4405762304921963,0.2790517614216686,0.7780733054539674,3.453622522804856,High,22.414,1.724,0.0,20.69,77.586,0.0,0.0,22.414
BFA,Burkina Faso,2011,81.4,0.1330639924311189,581.6036587374068,16661908,-2.016925120375414,6.365789217013496,16.62863571395571,14.8,235.6749138624304,0.0,24.4682976845657,-0.8526187576126554,0.2790517614216686,0.7745127764610884,9.693186945625554,High,16.667,1.852,0.0,14.815,83.333,0.0,0.0,16.667
BFA,Burkina Faso,2012,79.2,0.1503294232154401,600.731343697818,17172287,-1.894926238139217,6.398147819116164,16.65880742144106,15.1,249.0732177051676,0.0,24.8001912059054,-2.7027027027027084,0.2790517614216686,0.7633225424834689,12.975283898278269,High,17.188,1.562,0.0,15.625,82.812,0.0,0.0,17.188
BFA,Burkina Faso,2013,78.7,0.1718242285329489,616.7413311640822,17695409,-1.761283251826253,6.42444969963834,16.68881578536855,15.4,258.23915476927664,0.0,25.106116148748,-0.631313131313127,0.2790517614216686,0.7607793074885554,14.298468561742684,High,16.0,1.333,0.0,14.667,84.0,0.0,0.0,16.0
BFA,Burkina Faso,2014,78.9,0.1510576752653301,624.5768851876654,18229461,-1.89009355969407,6.437074436779726,16.71854957956936,19.2,264.96824764469227,0.0,25.3814155996643,0.2541296060991183,0.2790517614216686,0.7617966014865207,-12.085928419365278,High,11.364,1.136,0.0,10.227,88.636,0.0,0.0,11.364
BFA,Burkina Faso,2015,78.8,0.2096180388781524,630.124750752312,18777487,-1.562468266888524,6.445917816849948,16.74816921022413,16.2,279.23778984182013,0.0,25.621432645225,-0.1267427122940589,0.2790517614216686,0.761287954487538,38.76689053367337,High,9.901,0.99,0.0,8.911,90.099,0.0,0.0,9.901
BFA,Burkina Faso,2016,77.1,0.2033322616935963,648.4204801760125,19334856,-1.592913880856141,6.474539375075245,16.77742003536197,16.6,271.6378109720988,0.0,25.821510372001,-2.1573604060913687,0.2790517614216686,0.7526409555048321,-2.998681419880045,High,16.162,2.02,0.0,14.141,83.838,0.0,0.0,16.162
BFA,Burkina Faso,2017,74.6,0.2282450539993477,669.2763103283327,19894407,-1.477335428967042,6.506196994781747,16.8059491949149,17.0,285.33781080059987,0.0,25.9769918665632,-3.242542153047989,0.2790517614216686,0.7399247805302644,12.252257511054854,High,14.286,2.679,0.0,11.607,85.714,0.0,0.0,14.286
BFA,Burkina Faso,2018,73.7,0.2647971297791674,694.4928131263506,20438288,-1.328791294180568,6.543181813870661,16.83292056245338,14.4,300.04081685959903,0.0,26.0832202154822,-1.206434316353877,0.2790517614216686,0.73534695753942,16.014399935222336,High,14.439,4.813,0.0,6.952,85.562,0.0,0.0,14.439
BFA,Burkina Faso,2019,72.7,0.2718878470859966,717.021595096634,20961952,-1.302365624605965,6.575105958830349,16.8582195428518,17.6,302.8240647664588,0.0,26.1187254401157,-1.3568521031207648,0.2790517614216686,0.730260487549593,2.6777923585284524,High,16.25,5.625,0.0,6.875,83.75,0.0,0.0,16.25
BFA,Burkina Faso,2020,73.1,0.2654305267220674,713.8421779223995,21478690,-1.326402142138339,6.570661898582422,16.88257183878054,18.5,314.36172128285153,0.0,26.3578373628627,0.5502063273727487,0.2790517614216686,0.7322950755455238,-2.374994113615825,High,18.868,5.66,0.0,6.918,81.132,0.0,0.0,18.868
BFA,Burkina Faso,2021,71.2,0.2926587353456381,745.4725634351441,21995243,-1.228748074568093,6.614018330623652,16.90633676066938,19.0,310.28665695639324,0.0,26.8114307743017,-2.5991792065663377,0.2790517614216686,0.7226307825648524,10.258130050007908,High,18.129,5.263,0.0,7.602,81.871,0.0,0.0,18.129
BFA,Burkina Faso,2022,71.4,0.2882619861408559,740.3063199302587,22509038,-1.243885538248732,6.607064046397968,16.92942747540815,19.5,312.9694080253363,0.0,27.2791369742712,0.2808988764045006,0.2790517614216686,0.7236480765628179,-1.502346820295486,High,15.385,5.325,0.0,4.734,84.615,0.0,0.0,15.385
BGD,Bangladesh,2000,60.2,0.2005086740795805,620.5604728221052,134544304,-1.606897770929,6.430623058110431,18.71740410053615,32.0,135.98282915503282,57.83596289893576,23.3145114975244,0.0,0.6963488039175862,0.4580310914287959,0.0,Medium,5.897,0.0,0.0,5.897,94.103,0.0,87.704,5.897
BGD,Bangladesh,2001,55.9,0.2385351908665283,641.2889228762742,136805810,-1.433238428735236,6.463480093085436,18.7340730330111,35.0,148.29954391593748,59.78978689894747,23.6999214768623,-7.142857142857151,0.7104460011612312,0.429110671850717,18.96502331458005,Medium,5.639,0.0,0.0,5.639,94.361,0.0,87.629,5.639
BGD,Bangladesh,2002,54.4,0.2472028772178445,655.6721393622719,138933658,-1.397545914235574,6.485660876451146,18.7495070965848,37.8,148.0231378237878,60.71491157308787,24.1132383547332,-2.683363148479423,0.7171209447622116,0.4181434950654863,3.633713885078782,Medium,5.541,0.0,0.0,5.541,94.459,0.0,87.81,5.541
BGD,Bangladesh,2003,52.6,0.2552926891697957,676.826252046427,140970351,-1.365344591377408,6.517414596024433,18.76406014963547,40.5,153.2052747506112,62.26456034194343,24.5525557512625,-3.308823529411764,0.728301943845444,0.4033973495421813,3.272539560622567,Medium,5.58,0.0,0.0,5.58,94.42,0.0,87.793,5.58
BGD,Bangladesh,2004,52.0,0.2652865104389516,702.6563570818726,142902856,-1.326944865573114,6.554867948800886,18.77767562870457,40.6,154.27799446191614,62.21437640094635,25.0094809886101,-1.1406844106463865,0.727939857539464,0.4005265107012751,3.914652355167503,Medium,4.815,0.0,0.0,4.815,95.185,0.0,89.415,4.815
BGD,Bangladesh,2005,50.6,0.2790531780686317,739.2037183534092,144715786,-1.276352912926571,6.605573550554825,18.79028228032996,44.2,159.86025911281027,62.40824273049201,25.4769540701509,-2.692307692307694,0.729338638538413,0.3927060622160427,5.189358330697402,Medium,4.748,0.0,0.0,4.748,95.252,0.593,88.984,4.748
BGD,Bangladesh,2006,48.6,0.2970671148778882,779.419570444998,146405973,-1.213797189688347,6.658549502218567,18.80189395783955,50.5,168.35893180683277,64.72994335548358,25.9479149992596,-3.9525691699604737,0.7460901328649253,0.3741573750731325,6.45537776488827,Medium,4.609,0.033,0.0,4.576,95.391,0.928,89.025,4.609
BGD,Bangladesh,2007,47.2,0.3123145178125675,825.5082299645373,147989278,-1.163744529021843,6.715999232982851,18.81265038315811,46.5,174.04541210906982,65.79336289609921,26.415303779311,-2.8806584362139898,0.7537628992024844,0.363199933918595,5.132645847032524,Medium,2.452,0.065,0.0,2.388,97.548,2.388,89.868,2.452
BGD,Bangladesh,2008,45.2,0.3434042665699294,866.4581576213504,149474264,-1.068846906105761,6.764413819035702,18.8226347888188,54.3,180.59395345497805,67.04459727815801,26.87206041368,-4.23728813559322,0.7627907839463546,0.3485130515670058,9.954628102181308,Medium,2.805,0.058,0.0,2.746,97.195,3.214,89.775,2.805
BGD,Bangladesh,2009,43.1,0.3654036116589534,901.729626251937,150873714,-1.006752750962958,6.804314725962495,18.83195371373338,57.1,187.6926023298001,68.65579272663057,27.3111249057412,-4.6460176991150455,0.7744158535713794,0.3320189297758565,6.406252697080039,Medium,1.262,0.081,0.0,1.182,98.738,2.928,91.485,1.262
BGD,Bangladesh,2010,40.3,0.3992674707696479,943.6642286423604,152201981,-0.9181237338722184,6.849770412875309,18.84071901907588,55.3,195.62307125239388,72.73003540065682,27.7254372588696,-6.496519721577732,0.8038122590786714,0.3030786110506948,9.267521729451625,Low,2.031,0.171,0.0,1.86,97.969,1.884,92.462,2.031
BGD,Bangladesh,2011,38.4,0.4252030892732336,995.579947155662,153591076,-0.8551883670815804,6.903325428823803,18.8498042780317,59.6,200.3322834932721,73.71046183503503,28.1100162712427,-4.714640198511166,0.8108862149867934,0.2898773401159624,6.4958005353130455,Low,2.216,0.136,0.0,2.081,97.784,1.877,86.431,2.216
BGD,Bangladesh,2012,37.3,0.4505833139297433,1050.391404040661,155070101,-0.7972122824513997,6.956918139444688,18.85938783715888,65.5,208.079815841876,74.82412180319987,28.4787972894576,-2.864583333333337,0.8189214751911297,0.2802645930249845,5.968965253730918,Low,1.872,0.185,0.0,1.687,98.128,1.933,83.875,1.872
BGD,Bangladesh,2013,37.0,0.4604779538535795,1103.156959071229,156532141,-0.7754902988006952,7.005931311098013,18.86877192066009,61.5,216.7376703756304,72.85308657611532,28.8407036106763,-0.8042895442359144,0.8047000957986065,0.285849341724298,2.1959623487919355,Low,2.006,0.244,0.0,1.762,97.994,2.306,83.146,2.006
BGD,Bangladesh,2014,35.4,0.4852608771153248,1159.407534759807,157964929,-0.7230686416967089,7.055664407728578,18.87788359799819,62.4,223.00186441499807,74.18089655520184,29.1944442321013,-4.324324324324325,0.8142804874700932,0.2729207939048313,5.381999953384442,Low,1.392,0.285,0.0,1.106,98.608,1.963,81.998,1.392
BGD,Bangladesh,2015,33.1,0.5360992329058765,1224.386476681652,159383179,-0.6234359990284666,7.110195162156989,18.88682179177587,74.0,237.2008045218028,71.28535294777537,29.5395099477892,-6.497175141242928,0.7933886111489805,0.2716678510887854,10.476499999910294,Low,1.349,0.337,0.017,0.995,98.651,1.687,80.654,1.349
BGD,Bangladesh,2016,30.2,0.5844846139899619,1299.830913607923,160811932,-0.5370248217869472,7.169989468534808,18.89574611593626,75.9,256.2378277017442,0.0,29.8753915517965,-8.761329305135956,0.2790517614216686,0.5140855129819429,9.025452400261225,Medium,1.795,0.318,0.014,1.462,98.205,1.491,80.243,1.795
BGD,Bangladesh,2017,28.1,0.6229971046787368,1373.753637401862,162186147,-0.4732134075911382,7.22530215350458,18.90425528909315,88.0,264.09054901702115,0.0,30.2015798381799,-6.953642384105951,0.2790517614216686,0.5034039260033061,6.589136782552907,Medium,1.756,0.34,0.014,1.402,98.244,1.402,78.693,1.756
BGD,Bangladesh,2018,27.0,0.643225929977613,1462.250502557132,163523103,-0.4412592479100481,7.287731968010634,18.91246484107158,86.9,261.2711566445122,0.0,30.5175656009959,-3.9145907473309705,0.2790517614216686,0.4978088090144963,3.247017545821129,Medium,1.769,0.392,0.013,1.364,98.231,2.262,75.388,1.769
BGD,Bangladesh,2019,26.1,0.6629081002713824,1564.208024456359,164913055,-0.4111189103624992,7.355134920224905,18.92092895358956,92.2,277.95029665464267,0.0,30.8228396343012,-3.3333333333333326,0.2790517614216686,0.493230986023652,3.059915556335624,Medium,1.398,0.435,0.012,0.952,98.602,1.527,80.32,1.398
BGD,Bangladesh,2020,27.2,0.6261222923490661,1604.665923474202,166298024,-0.4682095717711774,7.380670866530347,18.92929206195185,96.2,278.6386645780079,0.0,31.1168927321524,4.214559386973171,0.2790517614216686,0.4988261030124618,-5.549156498051056,Medium,1.463,0.538,0.012,0.913,98.537,3.686,82.939,1.463
BGD,Bangladesh,2021,25.0,0.7024281580738946,1702.080284141892,167658854,-0.3532121490907519,7.439606478491974,18.93744184188878,99.0,298.5303497864604,0.0,31.3992156886061,-8.088235294117641,0.2790517614216686,0.4876358690348422,12.187054614929371,Medium,1.411,0.638,0.01,0.763,98.589,5.541,72.985,1.411
BIH,Bosnia and Herzegovina,2000,19.4,3.433169758623732,2567.341369897354,4159771,1.23348396231321,7.850626156017615,15.24097058264532,99.0,1044.8303275206615,87.89339537393592,42.5539898606589,0.0,0.9132186725623964,0.1420681815214466,0.0,Low,48.802,0.0,0.0,48.802,51.198,50.719,0.0,48.802
BIH,Bosnia and Herzegovina,2001,20.3,3.372893676135404,2617.182303508118,4179438,1.215771033535664,7.869853561360358,15.24568734570099,99.4,1004.9506600610536,87.29579544500595,42.8761478375679,4.6391752577319645,0.9089068798569822,0.1488019008649982,-1.75569769997308,Low,48.73,0.0,0.0,48.73,51.27,50.423,0.0,48.73
BIH,Bosnia and Herzegovina,2002,21.2,3.54063823274201,2743.13878615838,4188002,1.264307002630112,7.916858086142653,15.24773432852737,98.5,1052.1076878626418,87.74936371639053,43.1975585685863,4.433497536945796,0.9121794578297828,0.1517434348694422,4.973312909133987,Low,48.842,0.0,0.0,48.842,51.158,49.861,0.0,48.842
BIH,Bosnia and Herzegovina,2003,20.1,3.63494469217951,2855.683149398492,4178523,1.290593895513334,7.957066375217583,15.24546839277607,99.0,1052.7681563332235,88.87655875945944,43.5181993184523,-5.188679245283012,0.9203123760732408,0.1420818587589035,2.6635440629150464,Low,39.929,0.0,0.0,39.929,60.071,58.829,0.0,39.929
BIH,Bosnia and Herzegovina,2004,20.1,3.872047895827734,3063.835434489364,4140987,1.353783539128046,8.02742282004777,15.23644472318445,99.1,1161.3622581245436,89.00046677890687,43.8380473519042,0.0,0.921206395079154,0.1416348492559468,6.522883392375833,Low,46.976,0.0,0.0,46.976,53.024,52.003,0.0,46.976
BIH,Bosnia and Herzegovina,2005,19.7,4.112371240473253,3217.813416153448,4096493,1.413999806293928,8.076457344564153,15.22564179978676,99.1,1230.3222995096512,88.50918811079632,44.1570799336802,-1.9900497512437945,0.9176617297019716,0.1413725939486073,6.2066211759538525,Low,47.619,0.0,0.0,47.619,52.381,51.27,0.0,47.619
BIH,Bosnia and Herzegovina,2006,18.1,4.599864345778476,3419.758874571924,4063272,1.526026813012052,8.137325323059958,15.2174991183358,99.4,1304.394554219491,90.49182221581152,44.4752743285185,-8.121827411167503,0.9319667971185912,0.1260817082565742,11.854306841449503,Low,43.943,0.0,0.0,43.943,56.057,54.853,0.0,43.943
BIH,Bosnia and Herzegovina,2007,14.8,4.914805911361471,3665.08966529499,4013424,1.592252263778007,8.20660807931343,15.20515530028378,99.7,1321.6012972378546,91.07041299026302,44.7926078011574,-18.232044198895025,0.936141435300304,0.1072090381992884,6.846757684757221,Low,33.871,0.0,0.0,33.871,66.129,64.771,0.0,33.871
BIH,Bosnia and Herzegovina,2008,14.3,5.485005360294907,3929.032977173364,3947544,1.702018070991056,8.27614861279719,15.18860417134494,99.3,1510.2092502102726,92.31808368876574,45.1090576163352,-3.378378378378377,0.9451436074160134,0.1001647171465202,11.601667679598826,Low,33.197,0.0,0.0,33.197,66.803,66.803,0.0,33.197
BIH,Bosnia and Herzegovina,2009,17.4,5.582796406200948,3877.535400784561,3879794,1.719689798925153,8.262955024805164,15.17129261740648,99.4,1602.5317512912025,92.6039471530521,45.4246010387901,21.678321678321662,0.9472061645556392,0.1149014955451712,1.7828796780024136,Low,40.31,0.0,0.0,40.31,59.69,59.109,0.388,40.31
BIH,Bosnia and Herzegovina,2010,19.6,5.829138978326484,3981.209856920324,3811472,1.762869301346774,8.289341036235497,15.15352602419432,99.5,1700.4837331806452,91.65236473774635,45.7392153332604,12.643678160919558,0.940340323516698,0.1295246500422614,4.412530105019008,Low,47.431,0.0,0.0,47.431,52.569,51.979,0.295,47.431
BIH,Bosnia and Herzegovina,2011,14.2,6.752930008514623,4094.253295418767,3741798,1.909976486036494,8.317339634219136,15.1350768025312,99.7,1909.670286473037,93.99600549917618,46.0528777644843,-27.551020408163275,0.9572501199374218,0.0936028138868333,15.847812749411473,Low,29.131,0.0,0.0,29.131,70.869,70.272,0.332,29.131
BIH,Bosnia and Herzegovina,2012,15.3,6.351521056708608,4139.917327736571,3670113,1.848694320709861,8.328431097474217,15.11573300974748,99.7,1821.2122209701065,91.94742298962142,46.3655655972,7.746478873239448,0.9424692227292282,0.1065883794797399,-5.944219047137866,Low,30.051,0.0,0.0,30.051,69.949,69.37,0.362,30.051
BIH,Bosnia and Herzegovina,2013,19.5,6.428719592761722,4306.731750722136,3610859,1.860775388212345,8.367934600951072,15.09945625214192,99.5,1787.3924639259856,92.5037418134298,46.6954224739896,27.45098039215685,0.9464831647165988,0.1259445824433283,1.2154338364599448,Low,41.971,0.0,0.0,41.971,58.029,57.565,0.232,41.971
BIH,Bosnia and Herzegovina,2014,23.6,5.833575747953128,4412.676178177339,3564829,1.763630148189864,8.392236627510174,15.0866266443407,99.9,1682.3128777930808,88.91459904400664,47.130783484831,21.02564102564104,0.4916618178880346,0.3742097828159013,-9.25757977496302,Medium,34.88,0.059,0.0,34.821,65.12,64.651,0.176,34.88
BIH,Bosnia and Herzegovina,2015,25.2,5.920323224882131,4662.258692194478,3518541,1.778391046203112,8.44725530758742,15.07355697301376,99.7,1755.0437710336105,85.32545627458347,47.5711645087011,6.779661016949135,0.8946905226404882,0.1808337824233978,1.487037807976388,Low,33.78,0.061,0.0,33.719,66.22,65.733,0.183,33.78
BIH,Bosnia and Herzegovina,2016,23.0,6.768263661160097,4876.534714956329,3473003,1.912244578572318,8.492190147213005,15.06053019553234,100.0,1945.2547576426368,0.0,48.0248845752382,-8.730158730158733,0.2790517614216686,0.4774629290551881,14.322536187115809,Medium,31.677,0.113,0.0,31.564,68.323,67.871,0.113,31.677
BIH,Bosnia and Herzegovina,2017,18.5,6.996799353220858,5099.81602856447,3428682,1.945452809237237,8.53695974523128,15.04768648873689,100.0,1966.742964055637,0.0,48.4918401819106,-19.565217391304344,0.2790517614216686,0.4545738141009663,3.3765778566254845,Medium,23.522,0.123,0.0,23.337,76.478,75.985,0.123,23.522
BIH,Bosnia and Herzegovina,2018,35.4,7.104871567759079,5360.252010176329,3387000,1.96078068506747,8.586766269783533,15.03545513179991,100.0,2205.4001935984943,0.0,48.971927825824,91.35135135135135,0.2790517614216686,0.5405351569290436,1.544595022415085,Medium,34.347,0.105,0.524,33.665,65.653,65.233,0.157,34.347
BIH,Bosnia and Herzegovina,2019,36.8,6.75452909895075,5583.297212764579,3345533,1.91021325750193,8.627534779208577,15.02313658115277,100.0,2157.7163302654376,0.0,49.4650440037758,3.9548022598870025,0.2790517614216686,0.5476562149148015,-4.931017618926914,Medium,36.682,0.172,1.435,35.017,63.318,62.916,0.115,36.682
BIH,Bosnia and Herzegovina,2020,37.7,6.830559604334067,5490.753666351392,3299349,1.921406603510987,8.610820804926988,15.00923573424861,100.0,2152.730189255908,0.0,49.9710852122997,2.44565217391306,0.2790517614216686,0.5522340379056458,1.1256225899615837,Medium,29.184,0.298,1.549,27.278,70.816,70.578,0.0,29.184
BIH,Bosnia and Herzegovina,2021,36.6,7.091019865900624,5995.541975904936,3244907,1.958829175883388,8.698771468030062,14.99259724823352,100.0,2267.2608894087166,0.0,50.4899479477034,-2.917771883289133,0.2790517614216686,0.5466389209168361,3.813161390192565,Medium,39.001,0.38,2.064,36.339,60.999,60.837,0.0,39.001
BLR,Belarus,2000,5.7,5.637484831571575,2615.363767994621,9979610,1.729438014194858,7.869158475044112,16.11605456936776,89.0,2471.644249358021,91.2801804701754,69.9172295434732,0.0,0.937654946005265,0.0601654059393817,0.0,Low,0.115,0.0,0.0,0.115,99.885,0.0,93.333,0.115
BLR,Belarus,2001,6.3,5.539449923649467,2753.033697069698,9928549,1.711895204069415,7.920458745194722,16.11092490248435,89.5,2496.018114834393,90.84827306368778,70.3147201538086,10.526315789473673,0.9345386551314654,0.0647754333701777,-1.7389830899957937,Low,0.12,0.0,0.0,0.12,99.88,0.0,94.057,0.12
BLR,Belarus,2002,6.5,5.594255889282581,2910.399374841528,9865548,1.721740337259232,7.97604559296227,16.10455924581998,90.0,2560.501258049598,91.6545026303456,70.8804702758789,3.174603174603185,0.9403557488025256,0.0628841805326131,0.9893755948425786,Low,0.113,0.0,0.0,0.113,99.887,0.0,94.747,0.113
BLR,Belarus,2003,6.2,5.698941557041015,3137.262614305752,9796749,1.740280465850467,8.051105919798575,16.0975611539108,90.5,2652.439813734965,91.88664691199448,71.3092422485352,-4.61538461538461,0.9420307122216304,0.0605207578261125,1.871306386949323,Low,0.113,0.0,0.0,0.113,99.887,0.0,95.794,0.113
BLR,Belarus,2004,6.3,6.082899475506328,3520.404526425238,9730146,1.805481469722213,8.16633118426898,16.09073945918836,91.0,2760.1162606582675,93.33619703900789,71.7658538818359,1.6129032258064502,0.9524894813098062,0.0558000202810074,6.73735490392835,Low,0.096,0.0,0.0,0.096,99.904,0.0,95.064,0.096
BLR,Belarus,2005,6.8,6.210650652452965,3877.717389112893,9663915,1.826265665409044,8.263001957724901,16.08390940358825,91.5,2776.9984706908745,92.3997663253211,72.0310134887695,7.93650793650793,0.9457329625671912,0.0617215146472283,2.1001691292293234,Low,0.129,0.0,0.0,0.129,99.871,0.0,96.835,0.129
BLR,Belarus,2006,7.2,6.503299765828443,4291.686471632643,9604924,1.872309704369034,8.364435051602532,16.07778644160794,92.1,2974.245534064486,92.30789944417336,72.6113815307617,5.882352941176472,0.9450701262299928,0.0640875208117583,4.712052404040668,Low,0.126,0.0,0.0,0.126,99.874,0.0,94.97,0.126
BLR,Belarus,2007,7.3,6.386277602243208,4682.206767190422,9560953,1.854151563789871,8.451524809226617,16.07319796625172,92.6,2925.852884401628,92.09102557092366,73.0913467407227,1.388888888888884,0.9435053415983292,0.0653785601265729,-1.799427487567573,Low,0.157,0.0,0.0,0.126,99.843,0.031,99.026,0.157
BLR,Belarus,2008,7.1,6.797397351066359,5177.645347756758,9527985,1.916539796427218,8.55210566583693,16.06974381570873,93.2,2939.4059742261456,92.95525732516388,73.5531692504883,-2.73972602739726,0.9497409316533556,0.0612434711010942,6.437548982818164,Low,0.2,0.0,0.0,0.114,99.8,0.029,96.89,0.2
BLR,Belarus,2009,7.4,6.48177831683936,5200.774185554225,9504583,1.868994904325729,8.55656277532507,16.06728466129578,93.8,2789.003140611545,91.83747403270552,74.1909646620571,4.225352112676073,0.9416759209106574,0.0668019174693915,-4.643233548462266,Low,0.362,0.0,0.0,0.132,99.638,0.033,81.725,0.362
BLR,Belarus,2010,7.3,6.971904617498658,5616.094117330698,9483836,1.941888446769392,8.633391704349176,16.06509943373618,94.4,2895.6108099575004,92.20187464561955,74.5501403808594,-1.3513513513513598,0.9443051379311892,0.0649786619601428,7.561602336599082,Low,0.401,0.0,0.0,0.143,99.599,0.086,97.135,0.401
BLR,Belarus,2011,7.5,6.654341111792106,5941.689991562393,9461643,1.895269440453063,8.689748882255332,16.0627566045946,95.0,3081.680181203508,91.97821815515718,75.0597534179688,2.7397260273972712,0.9426914154767354,0.0668028171853352,-4.554903188283799,Low,0.435,0.0,0.0,0.124,99.565,0.062,98.291,0.435
BLR,Belarus,2012,7.2,6.803230203213013,6052.637370623595,9446836,1.91739752927535,8.708249385064127,16.06119042859212,95.6,3219.426533696933,91.30310995108798,75.5281066894531,-3.999999999999993,0.9378203864006726,0.0677123907264185,2.2374730859087144,Low,0.682,0.0,0.032,0.227,99.318,0.065,96.689,0.682
BLR,Belarus,2013,7.0,6.822838121482195,6115.432880987073,9443211,1.920275532135184,8.718570835638193,16.06080662858945,96.2,2870.325802792778,91.24489901201412,75.94970703125,-2.777777777777779,0.9374003838365436,0.0669050980105175,0.2882148285960006,Low,0.952,0.0,0.032,0.444,99.048,0.063,98.413,0.952
BLR,Belarus,2014,6.7,6.770471338617761,6212.916674186595,9448515,1.912570706157689,8.734385738447378,16.06136814426455,96.8,2923.5768206926905,92.85144408515256,76.3405227661133,-4.285714285714281,0.9489919001536236,0.0595833988550294,-0.7675219891199458,Low,0.835,0.0,0.029,0.345,99.165,0.086,97.985,0.835
BLR,Belarus,2015,6.8,6.253865839361189,5967.055950587775,9461076,1.833199806832605,8.694008944147766,16.0626966766318,97.4,2660.140267595483,-1.2271320179363447,76.6263885498047,1.49253731343284,0.2701977796399231,0.3994891061108624,-7.630273778871666,Medium,0.997,0.029,0.088,0.323,99.003,0.117,97.829,0.997
BLR,Belarus,2016,6.7,6.23725167194174,5811.201591825471,9469379,1.830539648171565,8.667542642890593,16.06357388751051,98.0,2639.094862680361,0.0,76.8458709716797,-1.4705882352941124,0.2790517614216686,0.394553468221007,-0.2656623574314731,Medium,1.281,0.089,0.238,0.417,98.719,0.089,96.902,1.281
BLR,Belarus,2017,7.3,6.366621210786904,5964.896688345611,9458989,1.851068906692008,8.69364701474173,16.062476064281,98.7,2692.5834489887343,0.0,77.0208206176758,8.955223880597018,0.2790517614216686,0.3976053502149033,2.074143319037969,Medium,2.26,0.261,0.29,1.159,97.74,0.087,97.102,2.26
BLR,Belarus,2018,7.2,6.722115187495,6165.913200192767,9438785,1.905402865052407,8.726791531180739,16.06033782221103,99.3,2849.294773440533,0.0,77.2132720947266,-1.3698630136986245,0.2790517614216686,0.3970967032159205,5.583714892693559,Medium,2.077,0.462,0.256,0.821,97.923,0.077,97.179,2.077
BLR,Belarus,2019,7.8,6.50202478662403,6267.735087435055,9419758,1.872113634028251,8.743170338293513,16.05831995620132,100.0,2748.9688366100704,0.0,77.4550771852757,8.333333333333325,0.2790517614216686,0.4001485852098168,-3.27412421138511,Medium,2.57,0.445,0.445,0.84,97.43,0.074,96.861,2.57
BLR,Belarus,2020,8.4,6.200468829691239,6251.988989686452,9379952,1.824624906884308,8.740654930453196,16.05408520369852,100.0,2673.86548599188,0.0,77.7890385790408,7.692307692307709,0.2790517614216686,0.403200467203713,-4.637877689318448,Medium,3.503,0.467,0.493,1.012,95.615,0.078,90.01,4.385
BLR,Belarus,2021,8.2,6.303871450784916,6457.730537063426,9302585,1.841163960657455,8.773033225000713,16.04580287648984,100.0,2929.167500765325,0.0,78.131086803694,-2.3809523809523947,0.2790517614216686,0.4021831732057476,1.6676581067310403,Medium,3.079,0.436,0.412,0.897,82.909,0.073,78.036,17.091
BLZ,Belize,2000,34.5,0.5801519109298626,5663.646323749731,240799,-0.5444652943392067,8.641823190583123,12.39171783958426,79.0,570.5073466623479,0.0,47.6836847507377,0.0,0.4916618178880346,0.4296523057050163,0.0,Medium,69.231,0.0,0.0,69.231,30.769,0.0,0.0,69.231
BLZ,Belize,2001,23.9,0.5737200004831325,5764.990554911044,248379,-0.5556138057140196,8.659558794351607,12.42271108440486,80.2,570.5073466623479,0.0,47.6257993221451,-30.72463768115943,0.4916618178880346,0.3757357238128495,-1.1086597019772104,Medium,69.231,0.0,0.0,69.231,30.769,0.0,0.0,69.231
BLZ,Belize,2002,25.7,0.5554492224882719,5895.152350378978,256009,-0.5879780827424554,8.681885656637347,12.45296787909373,81.0,570.5073466623479,0.0,47.4865009861554,7.531380753138084,0.4916618178880346,0.3848913697945382,-3.184615836902105,Medium,64.286,0.0,0.0,64.286,35.714,0.0,0.0,64.286
BLZ,Belize,2003,24.4,0.567518386534233,6274.47428279313,263780,-0.5664821309721562,8.744244980855713,12.48287070137988,81.8,570.5073466623479,0.0,47.2806245981404,-5.058365758754868,0.4916618178880346,0.3782789588077629,2.172865413672631,Medium,37.5,0.0,0.0,37.5,62.5,0.0,0.0,37.5
BLZ,Belize,2004,26.3,0.5049910191101558,6383.07432412662,271688,-0.683214633805199,8.761405129262622,12.51240962807912,82.6,570.5073466623479,0.0,47.0226655922949,7.786885245901653,0.2790517614216686,0.4942482800216174,-11.017681348779629,Medium,42.857,0.0,0.0,42.857,57.143,0.0,0.0,42.857
BLZ,Belize,2005,25.6,0.539446825700405,6337.123892223781,279731,-0.6172110613279788,8.754180299743702,12.54158370608392,83.5,575.5529419335004,0.0,46.7271194028137,-2.661596958174905,0.2790517614216686,0.4906877510287385,6.8230533388423,Medium,43.75,0.0,0.0,43.75,56.25,0.0,0.0,43.75
BLZ,Belize,2006,32.7,0.6061595536998312,6435.587673376783,287878,-0.5006120376338197,8.769598440394471,12.57029205825844,91.0,597.4753194061374,0.0,46.4084814638913,27.734375,0.2790517614216686,0.5268016879565106,12.366877479130212,Medium,85.714,0.0,0.0,85.714,14.286,0.0,0.0,85.714
BLZ,Belize,2007,28.0,0.5687267814927389,6465.82885846045,296100,-0.5643551332993193,8.774286490019918,12.59845251408968,85.2,601.1482607227288,0.0,46.0812472097226,-14.3730886850153,0.2790517614216686,0.5028952790043234,-6.175399196236853,Medium,81.818,0.0,0.0,81.818,18.182,0.0,0.0,81.818
BLZ,Belize,2008,29.8,0.5348911325695473,6187.95885023655,304361,-0.625692043317347,8.730360561741394,12.62596977586792,86.1,601.1482607227288,0.0,45.7599120745023,6.428571428571428,0.4916618178880346,0.4057458967528291,-5.949367960900842,Medium,95.238,0.0,0.0,95.238,4.762,0.0,0.0,95.238
BLZ,Belize,2009,25.1,0.6292104640227245,5997.684471563834,312614,-0.4632894772581008,8.699128752317334,12.65272448163525,86.9,601.1482607227288,0.0,45.4589714924251,-15.771812080536908,0.4916618178880346,0.3818394878006419,17.633369803698073,Medium,79.167,0.0,0.0,79.167,20.833,0.0,0.0,79.167
BLZ,Belize,2010,29.4,0.7285047385595403,5937.75398343789,320245,-0.3167611488250802,8.689086223585983,12.6768416068346,89.9,601.1482607227288,0.0,45.1914838193558,17.131474103585642,0.4916618178880346,0.4037113087568983,15.780772923259857,Medium,88.095,0.0,0.0,61.905,11.905,0.0,4.762,88.095
BLZ,Belize,2011,42.2,0.45829794254777,5802.243445314916,327298,-0.7802357767903149,8.665999922662685,12.69862634986871,91.7,601.1482607227288,0.0,44.9417819131729,43.53741496598642,0.4916618178880346,0.4688181246266847,-37.09060239553767,Medium,93.939,0.0,0.0,75.758,6.061,0.0,0.0,93.939
BLZ,Belize,2012,47.9,0.487120754513866,5902.742346968806,334414,-0.7192432307548975,8.683172326476612,12.72013502534503,90.9,601.1482607227288,0.0,44.6903068035216,13.507109004739329,0.4916618178880346,0.4978110035686989,6.289099140586196,Medium,92.105,0.0,0.0,55.263,7.895,0.0,2.632,92.105
BLZ,Belize,2013,38.0,0.602118684998551,6013.078798953625,341627,-0.5073007019446683,8.70169217571898,12.74147477758572,91.1,601.1482607227288,0.0,44.4380542363795,-20.668058455114824,0.4916618178880346,0.447454950669411,23.607684423023613,Medium,94.595,0.0,0.0,70.27,5.405,0.0,0.0,94.595
BLZ,Belize,2014,37.4,0.586089194464108,6116.49578852783,348923,-0.5342832920046169,8.718744627943911,12.76260654646961,91.5,601.1482607227288,0.0,44.1850161758379,-1.5789473684210575,0.4916618178880346,0.4444030686755147,-2.662181216728321,Medium,91.667,0.0,0.0,72.222,8.333,0.0,2.778,91.667
BLZ,Belize,2015,30.3,0.6937331091984184,6154.622642303688,356333,-0.3656679613192673,8.724958727608882,12.78362096588494,91.8,601.1482607227288,0.0,43.931184585988,-18.983957219251334,0.4916618178880346,0.4082891317477426,18.366473183784727,Medium,91.667,0.0,0.0,66.667,8.333,0.0,2.778,91.667
BLZ,Belize,2016,33.3,0.7150985042705748,6012.212969836682,364705,-0.3353349775667037,8.701548174369977,12.80684408660134,93.3,601.1482607227288,0.0,43.6765514309211,9.900990099009888,0.4916618178880346,0.4235485417172238,3.0797715704881545,Medium,94.737,0.0,0.0,68.421,5.263,0.0,0.0,94.737
BLZ,Belize,2017,37.2,0.7628576481369339,5767.619219637624,373202,-0.2706838337316432,8.660014660772736,12.82987510699777,94.2,601.1482607227288,0.0,43.4211086747287,11.711711711711724,0.4916618178880346,0.4433857746775493,6.678680430897432,Medium,95.0,0.0,0.0,67.5,5.0,0.0,0.0,95.0
BLZ,Belize,2018,35.5,0.7485022065824011,5707.61059954436,380226,-0.2896811271209195,8.649555756147757,12.84852109175881,91.7,601.1482607227288,0.0,43.164848281502,-4.569892473118287,0.4916618178880346,0.4347387756948433,-1.8817982083016327,Medium,92.683,0.0,0.0,60.976,7.317,0.0,0.0,92.683
BLZ,Belize,2019,30.4,1.032063427062248,5864.146118271087,385829,0.0315601255023978,8.676612161105819,12.86314954510983,92.7,601.1482607227288,0.0,42.9077622153323,-14.366197183098596,0.4916618178880346,0.4087977787467253,37.88381891010901,Medium,86.538,1.923,0.0,55.769,13.462,0.0,0.0,86.538
BLZ,Belize,2020,31.4,0.8152257351360757,5006.484532769355,390812,-0.2042902284648553,8.518489257713215,12.87598190492294,96.8,601.1482607227288,0.0,42.649842440311,3.289473684210531,0.4916618178880346,0.4138842487365524,-21.01011296790134,Medium,88.636,2.273,0.0,54.545,11.364,0.0,0.0,88.636
BLZ,Belize,2021,26.6,0.8501413951323652,5839.401579560165,395346,-0.1623525961173914,8.672383601318543,12.88751660983059,97.7,601.1482607227288,0.0,42.3910809205294,-15.286624203821653,0.4916618178880346,0.3894691927853825,4.282943789852456,Medium,86.111,2.778,0.0,44.444,13.889,0.0,0.0,86.111
BLZ,Belize,2022,30.8,0.8802357889718497,6262.560882736742,402733,-0.1275654653864698,8.742344467140153,12.90602909034079,98.6,601.1482607227288,0.0,42.1373251262137,15.789473684210533,0.4916618178880346,0.4108323667426562,3.539928065118958,Medium,87.234,2.128,0.0,51.064,12.766,0.0,0.0,87.234
BOL,Bolivia,2000,29.2,0.9533452485996928,2014.190246584458,8606326,-0.047778165383308,7.607972530875072,15.96800807221169,70.0,424.5001682267486,75.71642908720267,61.8587201575591,0.0,0.4916618178880346,0.4026940147589328,0.0,Medium,51.546,0.0,0.0,50.258,48.454,0.0,47.68,51.546
BOL,Bolivia,2001,29.0,0.9067221952084468,2013.845810831232,8752736,-0.0979191655203859,7.607801511674074,15.98487689517209,69.3,444.5702114271743,75.71642908720267,62.3374810379005,-0.6849315068493178,0.8253596353245158,0.2348278120427268,-4.890468952326311,Low,54.545,0.0,0.0,53.283,45.455,0.0,44.192,54.545
BOL,Bolivia,2002,28.1,0.9514114886428688,2029.669936386226,8900355,-0.049808619544074,7.615628465902983,16.00160172154733,64.0,520.02460059481,79.93309046660545,62.8187632085055,-3.103448275862064,0.8557836178197379,0.2150379978042714,4.928664332976673,Low,53.606,0.0,0.0,52.404,46.394,0.0,45.192,53.606
BOL,Bolivia,2003,27.0,0.9965085573491552,2050.071334118785,9050700,-0.0034975519610861,7.625629868658162,16.0183526607512,72.3,524.1958469786878,82.20609257536256,63.2918711090474,-3.9145907473309705,0.8721837434514109,0.2012428179996251,4.740017252746753,Low,46.651,0.0,0.0,45.497,53.349,0.0,51.963,46.651
BOL,Bolivia,2004,25.8,1.026934514319251,2099.990810637003,9204287,0.0265781648620458,7.649688247814798,16.03517991174598,75.9,523.1947735216557,80.72524431681082,63.7564671612252,-4.444444444444439,0.8614991526240965,0.2004813494254899,3.053255965110102,Low,48.344,0.0,0.0,47.02,51.656,0.0,50.331,48.344
BOL,Bolivia,2005,24.6,1.061581150407328,2156.186703253068,9360754,0.0597594480448859,7.676096525335733,16.05203640076491,68.3,567.4990877948027,81.42672036041088,64.2133062205259,-4.651162790697672,0.8665604304813971,0.1918469465090471,3.3737921556803663,Low,40.9,0.0,0.0,39.673,59.1,0.0,57.873,40.9
BOL,Bolivia,2006,23.7,1.132320116735592,2221.427225871032,9521689,0.1242687284395032,7.705905162834663,16.06908280699758,76.2,568.3749751471835,80.04776981910281,64.6631431424362,-3.658536585365857,0.4916618178880346,0.374718429814884,6.663547699685668,Medium,43.6,0.0,0.0,42.8,56.4,0.0,55.6,43.6
BOL,Bolivia,2007,22.1,1.238493654733243,2283.427335715095,9685960,0.2138958465859435,7.733432810667063,16.08618797226509,80.2,570.3424866793555,78.66881927779474,65.1067327824433,-6.751054852320671,0.8466616701325279,0.189080151708914,9.376636202820675,Low,43.199,0.0,0.0,42.279,56.801,0.0,55.882,43.199
BOL,Bolivia,2008,21.3,1.30378490888814,2383.250325782299,9850858,0.2652715027275083,7.776220518070331,16.1030691159537,84.7,572.2685669168017,82.54673266955756,65.5448299960338,-3.6199095022624417,0.8746415239868799,0.1710210487898764,5.271827910088067,Low,39.696,0.0,0.0,38.682,60.304,0.0,59.628,39.696
BOL,Bolivia,2009,20.6,1.363720544813316,2422.575793900067,10016275,0.3102166592615433,7.792586630747127,16.11972182801539,86.8,586.2938243798898,80.89791464234882,65.9781896386949,-3.286384976525813,0.8627450005803193,0.1734087815002777,4.597049368847883,Low,37.842,0.0,0.0,36.554,62.158,0.0,61.353,37.842
BOL,Bolivia,2010,19.9,1.452779295928394,2481.407008509452,10182345,0.3734784776127331,7.816581020422229,16.1361658961939,88.0,625.5078111415298,82.61972620273393,66.4075665659133,-3.398058252427194,0.8751681856691459,0.1636366599629855,6.530571930869433,Low,33.684,0.0,0.0,32.481,66.316,0.0,65.414,33.684
BOL,Bolivia,2011,18.1,1.555214070943959,2568.5205166368,10348929,0.4416132023579786,7.851085337664713,16.15239359406054,88.3,660.4091653171638,81.97732686721415,66.833715633176,-9.04522613065325,0.8705331570575847,0.1567985282870774,7.050952288668477,Low,33.992,0.0,0.0,32.722,66.008,0.0,65.303,33.992
BOL,Bolivia,2012,17.4,1.620550852635466,2657.238849158535,10515807,0.4827661239373752,7.885042836020856,16.16839011167756,90.4,703.7747583187291,87.59290142808585,67.2581444827699,-3.8674033149171394,0.9110505538244016,0.13297930091079,4.201143939743934,Low,32.524,0.0,0.0,31.444,67.476,0.0,66.532,32.524
BOL,Bolivia,2013,16.0,1.694501941847908,2793.514570986756,10682608,0.5273888580353412,7.935055784918088,16.18412755644219,89.5,699.3815620171132,87.92087260369735,67.6697055519889,-8.045977011494243,0.9134169257969016,0.1246750569387822,4.563330369557783,Low,33.803,0.0,0.0,32.138,66.197,0.0,65.429,33.803
BOL,Bolivia,2014,15.0,1.794008750021201,2900.902415863378,10848888,0.5844526410055353,7.972777145452692,16.19957314421918,90.0,757.5801560730687,85.3059420172082,68.037425413,-6.25,0.8945497237070731,0.1290221879938693,5.872333676099406,Low,28.675,0.12,0.12,26.867,71.325,0.0,70.361,28.675
BOL,Bolivia,2015,14.2,1.811423910127416,2996.012898113442,11014705,0.5941132266769472,8.005037649739139,16.21474175619857,91.5,748.8989772196032,43.456090281295886,68.3958051297665,-5.333333333333334,0.5925953948960246,0.2759301764075319,0.9707399758228208,Low,29.444,0.0,0.111,27.111,70.556,0.0,69.556,29.444
BOL,Bolivia,2016,13.6,1.910613755610455,3077.570575647661,11180020,0.6474245284564811,8.031895790581249,16.22963881459839,91.8,779.0100937560175,0.0,68.7446327876947,-4.225352112676051,0.2790517614216686,0.4296501111508137,5.475794204133133,Medium,20.753,0.108,0.43,18.28,79.247,0.0,78.172,20.753
BOL,Bolivia,2017,14.3,1.920149230641891,3160.164212289682,11344587,0.6524029073119654,8.058379271145233,16.24425127183138,91.8,800.9323965052532,0.0,69.0838016274736,5.147058823529416,0.2790517614216686,0.4332106401436927,0.4990791573354691,Medium,25.13,0.104,0.626,23.045,74.87,0.0,73.931,25.13
BOL,Bolivia,2018,14.3,1.908654641561688,3204.536708191235,11508368,0.6463986177233955,8.072322806079555,16.2585849808969,92.8,803.1673233569651,0.0,69.4133879813999,0.0,0.2790517614216686,0.4332106401436927,-0.598629986501642,Medium,29.582,1.295,0.598,25.996,70.418,0.0,67.629,29.582
BOL,Bolivia,2019,13.5,1.884926091896884,3207.3869521223,11671386,0.6338886115885317,8.073211851012028,16.27265076327744,95.1,795.5877667988464,0.0,69.7334986708387,-5.594405594405593,0.2790517614216686,0.429141464151831,-1.243208129333917,Medium,36.162,1.832,0.675,31.34,63.838,0.0,61.041,36.162
BOL,Bolivia,2020,16.9,1.571211087329459,2765.092717723105,11816299,0.4518467151928732,7.924829446024646,16.28499040754483,97.2,657.7899383724481,0.0,70.0442635528254,25.185185185185176,0.2790517614216686,0.446435462117243,-16.64335837442411,Medium,35.638,3.213,0.584,28.627,64.362,0.0,61.636,35.638
BOL,Bolivia,2021,12.8,1.832029862549173,3011.551108075571,11937360,0.6054245666371942,8.010210543309576,16.29518353595366,98.6,757.8971805769785,0.0,70.3450412826165,-24.26035502958579,0.2790517614216686,0.4255809351589521,16.599855826057098,Medium,38.454,3.22,1.196,29.807,61.546,0.0,59.338,38.454
BRA,Brazil,2000,42.7,2.007878689435631,6817.783456344127,174018282,0.6970787863768321,8.827289691610327,18.97467092062496,94.4,1081.3619339346656,58.00456503864033,81.1484365423806,0.0,0.6975652991695136,0.3684096189808586,0.0,Medium,89.491,0.0,0.0,87.238,8.775,3.132,1.166,91.225
BRA,Brazil,2001,41.3,1.992820775023299,6823.033185117599,176301203,0.6895511099532933,8.828059400517152,18.98770447094096,96.0,1086.9929931856564,58.66471884002752,81.5960450621957,-3.2786885245901787,0.7023284294971385,0.3589069958312883,-0.7499414427554196,Medium,84.289,0.0,0.009,81.534,11.365,3.372,3.019,88.635
BRA,Brazil,2002,42.9,1.968796306519149,6944.622575937227,178503484,0.6774223440868284,8.845722908994254,19.00011867720077,96.7,1103.4012791621144,56.80512618014987,81.9943491502673,3.874092009685226,0.6889111285944101,0.3737539982663758,-1.2055508857222286,Medium,85.74,0.0,0.017,82.752,10.257,2.638,3.59,89.743
BRA,Brazil,2003,45.1,1.918394105617562,6941.439658832527,180622688,0.65148843273508,8.845264475623205,19.01192081674905,97.0,1107.9739157885026,54.32769155703152,82.3540335841671,5.128205128205132,0.6710359850092533,0.3938818040365737,-2.560051577438127,Medium,87.165,0.0,0.016,83.872,9.169,2.473,3.598,90.831
BRA,Brazil,2004,45.2,1.999782750956982,7258.781016540793,182675143,0.6930385501383656,8.889967189663635,19.02321995845225,96.8,1157.1690557709487,54.35038301578044,82.6816824814559,0.2217294900221711,0.671199708031249,0.3943085895245586,4.24254041967147,Medium,86.036,0.0,0.015,82.789,10.968,2.676,4.97,89.032
BRA,Brazil,2005,46.1,1.999356742533186,7409.568279922493,184688101,0.6928255000929242,8.91052745477402,19.03417901970491,97.1,1173.7158574344862,53.89205145354315,82.9838799596945,1.9911504424778623,0.6678927620444005,0.4005398855088272,-0.0213027351892214,Medium,87.129,0.0,0.022,83.722,10.427,2.65,4.667,89.573
BRA,Brazil,2006,46.7,2.002041691178715,7622.039194321476,186653106,0.6941675054407895,8.93879922368265,19.04476240395791,97.6,1202.0593394030425,53.053674772924886,83.2672101364439,1.3015184381778733,0.6618437210708649,0.4066162879894913,0.1342906239997443,Medium,86.754,0.0,0.057,83.157,9.968,2.496,4.353,90.032
BRA,Brazil,2007,47.2,2.084967185765733,8003.253210127199,188552320,0.7347531168850627,8.987603389267655,19.05488608602148,98.1,1259.911359869653,52.19524599924164,83.5382571292649,1.0706638115631772,0.6556500005811173,0.4122563832292786,4.142046339614192,Medium,88.226,0.0,0.148,84.021,8.999,2.264,3.482,91.001
BRA,Brazil,2008,47.0,2.168393918825408,8330.763640018766,190367302,0.77398676394771,9.027710404430772,19.06446593238043,98.5,1317.2357842045426,52.11265151411087,83.8036050557184,-0.423728813559332,0.6550540662758172,0.4115370563839632,4.001345135272993,Medium,84.315,0.0,0.255,79.788,12.669,2.582,6.214,87.331
BRA,Brazil,2009,48.9,2.007462507109865,8246.096121228506,192079951,0.6968714902558377,9.017495169908646,19.0734222547752,98.9,1262.100438126486,50.9013650168232,84.0698380333651,4.042553191489362,0.646314412821501,0.4255711760917927,-7.42168709838098,Medium,89.047,0.0,0.266,83.873,8.173,2.139,2.859,91.827
BRA,Brazil,2010,46.8,2.271128131098787,8792.633349598644,193701929,0.8202766820949355,9.081669530522428,19.08183108702665,98.6,1384.3689668838922,53.03361942675989,84.343846036308,-4.294478527607371,0.6616990180829417,0.4071972864824355,13.134273893290294,Medium,84.802,0.0,0.423,78.187,12.383,2.189,7.073,87.617
BRA,Brazil,2011,45.2,2.374189679363262,9067.99212019529,195284734,0.8646561916323393,9.112506142658724,19.08996922586903,99.3,1390.0078364303122,54.28570306218419,84.6225758599683,-3.4188034188034067,0.6707330303450548,0.3945419283676557,4.537901092115537,Medium,87.193,0.0,0.508,80.549,9.862,2.369,4.72,90.138
BRA,Brazil,2012,43.5,2.529019887029361,9167.498184504328,196876111,0.9278318312509636,9.123419701909391,19.09808521070285,99.5,1433.1530644473469,56.46581790407876,84.8973874181312,-3.761061946902666,0.68646295737011,0.3780299658724221,6.5213916567787855,Medium,82.563,0.0,0.914,75.175,14.534,2.619,8.463,85.466
BRA,Brazil,2013,42.3,2.637444509739576,9366.738246702393,198478299,0.9698104596195648,9.144920208621224,19.10619032717808,99.6,1487.4574583970764,57.72347266838827,85.1676585442726,-2.758620689655178,0.6955371663453168,0.3673890973970262,4.287219063254288,Medium,76.825,0.0,1.153,68.495,20.468,3.849,12.088,79.532
BRA,Brazil,2014,41.7,2.731034576098202,9338.341708409847,200085127,1.004680503011278,9.141883968180045,19.11425346895543,99.7,1522.4218902681157,58.84122016039631,85.4331367898168,-1.4184397163120477,0.7036019187812234,0.3603048391851767,3.5485131919559265,Medium,73.279,0.003,2.068,63.236,24.117,4.555,13.728,75.883
BRA,Brazil,2015,43.7,2.568188589183937,8936.195588944402,201675532,0.9432008212870042,9.097865228260668,19.12217068669136,99.7,1482.0205785865337,20.808046834933144,85.6935697061881,4.796163069544357,0.4291856222429591,0.507685927433963,-5.962794771603419,Medium,74.208,0.01,3.721,61.894,23.258,4.642,13.676,76.742
BRA,Brazil,2016,45.4,2.375335497897594,8577.842779696673,203218114,0.8651386897827004,9.056937736591848,19.12979041339633,99.7,1414.8979311951002,0.0,85.9487048448108,3.89016018306636,0.2790517614216686,0.5913998568273142,-7.50930411024151,Medium,80.468,0.016,5.785,65.8,16.792,4.434,9.757,83.208
BRA,Brazil,2017,45.3,2.416949553535848,8628.252096457234,204703445,0.8825062299834037,9.062797225494023,19.1370728799965,99.8,1431.9594969807224,0.0,86.1982897571091,-0.2202643171806184,0.2790517614216686,0.5908912098283315,1.7519232830514486,Medium,79.247,0.141,7.19,62.939,18.082,3.877,11.13,81.918
BRA,Brazil,2018,46.9,2.285623503579527,8722.335299709883,206107261,0.8266388552117626,9.073642290648191,19.14390727571075,99.7,1403.4023245342871,0.0,86.4420719945072,3.532008830022071,0.2790517614216686,0.5990295618120549,-5.433545344965884,Medium,82.358,0.575,8.061,64.678,15.037,3.459,9.082,84.963
BRA,Brazil,2019,47.5,2.258698817850824,8771.439503726033,207455459,0.8147889031659986,9.079256211432272,19.15042721917157,99.8,1415.8347703197387,0.0,86.6797991084296,1.279317697228155,0.2790517614216686,0.6020814438059511,-1.1780017875444693,Medium,81.386,1.05,8.841,62.823,16.067,3.423,10.415,83.933
BRA,Brazil,2020,50.0,2.1466461829,8435.010462091848,208660842,0.763906709275297,9.040146235298428,19.15622072626865,99.7,1379.2464991416214,0.0,86.9112186503004,5.263157894736836,0.2790517614216686,0.6147976187805188,-4.960937424027301,Medium,83.167,1.71,9.073,63.042,14.599,2.823,9.46,85.401
BRA,Brazil,2021,46.5,2.415808588653185,8799.228445799441,209550294,0.8820340503831456,9.082419320008778,19.16047433534081,99.5,1430.393466103202,0.0,87.1360781715439,-6.999999999999995,0.2790517614216686,0.596994973816124,12.538741032281408,Medium,77.372,2.552,11.013,55.274,20.388,3.693,13.248,79.612
BTN,Bhutan,2000,91.4,0.679217843960842,1259.623764523495,596863,-0.3868133723029507,7.138568355771263,13.29944288530299,31.1,276.69150741533235,0.0,27.5915239884015,0.0,0.4916618178880346,0.7190724481261761,0.0,High,100.0,0.0,0.0,100.0,0.0,0.0,0.0,100.0
BTN,Bhutan,2001,90.2,0.7190640379571508,1321.098782302794,610794,-0.3298048599181976,7.186219080154109,13.32251502909565,40.2,276.69150741533235,0.0,28.282501830034,-1.3129102844638971,0.4916618178880346,0.7129686841383835,5.86648221194348,High,100.0,0.0,0.0,100.0,0.0,0.0,0.0,100.0
BTN,Bhutan,2002,89.7,0.7645629707451366,1427.256933173146,624409,-0.2684508884699527,7.263509652547158,13.34456088135682,44.1,276.69150741533235,0.0,28.9630875013322,-0.5543237250554278,0.4916618178880346,0.7104254491434701,6.327521665142299,High,100.0,0.0,0.0,100.0,0.0,0.0,0.0,100.0
BTN,Bhutan,2003,89.7,0.7778403325894713,1506.415275178201,637663,-0.2512340038999988,7.317488117478866,13.36556520960706,41.1,276.69150741533235,0.0,29.6328608739429,0.0,0.4916618178880346,0.7104254491434701,1.736594937549052,High,100.0,0.0,0.0,100.0,0.0,0.0,0.0,100.0
BTN,Bhutan,2004,90.9,0.7701246956393418,1552.739151958014,650544,-0.261202834856905,7.347775845073365,13.38556421492391,51.9,276.69150741533235,0.0,30.2914018195132,1.3377926421404671,0.2790517614216686,0.8228342413644456,-0.9919306863972576,High,100.0,0.0,0.0,100.0,0.0,0.0,0.0,100.0
BTN,Bhutan,2005,88.7,0.8202579075793403,1632.021695005735,661865,-0.1981364667371172,7.39757482894411,13.40281688663066,59.8,308.2199542202715,0.0,30.9379917831613,-2.420242024202424,0.2790517614216686,0.811644007386826,6.509752540577707,High,100.0,0.0,0.0,100.0,0.0,0.0,0.0,100.0
BTN,Bhutan,2006,91.6,0.8476458670928252,1701.118781735862,670799,-0.1652923399737384,7.43904142049037,13.41622481817277,59.7,314.55026021207544,0.0,31.5664945864425,3.2694475760991937,0.2790517614216686,0.8263947703573244,3.338944892870277,High,100.0,0.0,0.0,100.0,0.0,0.0,0.0,100.0
BTN,Bhutan,2007,92.0,0.8506706786062145,1952.257346037786,678641,-0.1617302069668117,7.576741595392811,13.42784754801584,71.8,359.5420848430908,0.0,32.1738216649326,0.4366812227074357,0.2790517614216686,0.8284293583532553,0.3568484942613414,High,100.0,0.0,0.0,100.0,0.0,0.0,0.0,100.0
BTN,Bhutan,2008,87.8,0.8446115762925966,2017.760189134028,686351,-0.1688784303335091,7.60974335794221,13.43914443766133,67.6,359.5420848430908,0.0,32.76371954591,-4.565217391304355,0.4916618178880346,0.7007611561627987,-0.7122735584992101,High,100.0,0.0,0.0,100.0,0.0,0.0,0.0,100.0
BTN,Bhutan,2009,87.8,1.1543427263872,2148.564803750341,693988,0.1435311139300414,7.672555365082885,13.45020994827317,71.5,359.5420848430908,0.0,33.3396804958817,0.0,0.4916618178880346,0.7007611561627987,36.671430843294985,High,100.0,0.0,0.0,100.0,0.0,0.0,0.0,100.0
BTN,Bhutan,2010,84.8,1.289849949831251,2378.728107609852,701632,0.2545258936478513,7.774321215251078,13.46116432903421,73.3,359.5420848430908,0.0,33.9051967813552,-3.4168564920273314,0.4916618178880346,0.6855017461933175,11.738907375295238,High,100.0,0.0,0.0,100.0,0.0,0.0,0.0,100.0
BTN,Bhutan,2011,84.9,1.559396484520925,2552.488710730937,709377,0.4442988775115249,7.844824127200807,13.47214239903119,81.8,359.5420848430908,0.0,34.4637606688377,0.1179245283019048,0.4916618178880346,0.6860103931923002,20.89751096435195,High,100.0,0.0,0.0,100.0,0.0,0.0,0.0,100.0
BTN,Bhutan,2012,82.8,1.470975729109593,2654.747989460268,717279,0.3859259418975882,7.88410500994692,13.48322016523259,91.5,359.5420848430908,0.0,35.0188644248365,-2.473498233215554,0.4916618178880346,0.6753288062136633,-5.670190762197103,High,100.0,0.0,0.0,100.0,0.0,0.0,0.0,100.0
BTN,Bhutan,2013,81.7,1.526046054382281,2671.074602011714,725273,0.4226801122117664,7.890236143087461,13.49430341468314,87.4,359.5420848430908,0.0,35.5740003158589,-1.328502415458932,0.4916618178880346,0.6697336892248535,3.743795644134984,High,100.0,0.0,0.0,100.0,0.0,0.0,0.0,100.0
BTN,Bhutan,2014,82.1,1.540362741581064,2797.818839719079,733139,0.4320179351700314,7.936595406781571,13.50509059454173,91.4,359.5420848430908,0.0,36.1326606084122,0.489596083231314,0.4916618178880346,0.6717682772207844,0.938155644626204,High,100.0,0.0,0.0,100.0,0.0,0.0,0.0,100.0
BTN,Bhutan,2015,81.6,1.768252999522021,2954.04081911097,740618,0.5699920532548879,7.990929281246013,13.51524025178417,95.4,359.5420848430908,0.0,36.6983375690037,-0.6090133982947665,0.4916618178880346,0.6692250422258708,14.794583885289605,High,100.0,0.0,0.0,100.0,0.0,0.0,0.0,100.0
BTN,Bhutan,2016,80.8,1.904619276715347,3173.367732174306,747866,0.6442821338624442,8.062548679029444,13.52497909652332,99.3,359.5420848430908,0.0,37.2745234641407,-0.9803921568627416,0.4916618178880346,0.6651558662340091,7.711921157786095,High,100.0,0.0,0.0,100.0,0.0,0.0,0.0,100.0
BTN,Bhutan,2017,79.7,1.953508719600708,3211.809032755935,754335,0.6696270990815819,8.074589618989068,13.5335918454016,97.7,359.5420848430908,0.0,37.8645544995016,-1.3613861386138515,0.4916618178880346,0.6595607492451994,2.566887959344521,Medium,100.0,0.0,0.0,100.0,0.0,0.0,0.0,100.0
BTN,Bhutan,2018,80.0,2.304020090581355,3300.550064617359,759759,0.8346554626660068,8.101844419811647,13.54075655671085,100.0,359.5420848430908,0.0,38.4661892776975,0.3764115432873138,0.4916618178880346,0.6610866902421475,17.942657100209438,High,100.0,0.0,0.0,100.0,0.0,0.0,0.0,100.0
BTN,Bhutan,2019,81.0,2.361719820507725,3467.385989793557,764824,0.8593900911405478,8.151156271992651,13.5474010209801,100.0,359.5420848430908,0.0,39.0746823405146,1.2499999999999956,0.4916618178880346,0.6661731602319746,2.504306718602068,High,100.0,0.0,0.0,100.0,0.0,0.0,0.0,100.0
BTN,Bhutan,2020,83.9,1.835180505086973,3092.124283993629,770006,0.6071428445635378,8.03661360424026,13.5541535860073,100.0,359.5420848430908,0.0,39.6888839873439,3.580246913580254,0.4916618178880346,0.6809239232024731,-22.294740927717505,High,100.0,0.0,0.0,100.0,0.0,0.0,0.0,100.0
BTN,Bhutan,2021,81.8,1.991767275953585,3206.203669972538,775442,0.6890223229967578,8.072842858903579,13.56118846834402,100.0,359.5420848430908,0.0,40.3075199874379,-2.502979737783084,0.4916618178880346,0.6702423362238362,8.53249968777272,High,100.0,0.0,0.0,100.0,0.0,0.0,0.0,100.0
BTN,Bhutan,2022,82.5,1.942851581608218,3349.733096327985,780914,0.6641567812750614,8.116635948907156,13.56822030752182,100.0,359.5420848430908,0.0,40.9365143617581,0.8557457212714059,0.4916618178880346,0.6738028652167152,-2.45589406633604,High,100.0,0.0,0.0,100.0,0.0,0.0,0.0,100.0
BWA,Botswana,2000,38.5,2.444046734733054,5062.642891735881,1677382,0.8936551633577219,8.529643936544536,14.33274480258182,26.5,1076.2989461185823,64.75108011165845,53.2047727398794,0.0,0.7462426384237097,0.3227077753964869,0.0,Low,0.0,0.0,0.0,0.0,100.0,97.368,0.0,0.0
BWA,Botswana,2001,37.5,2.310288076418569,4971.963717941883,1712254,0.8373722251645621,8.511570155327606,14.35332118916488,24.8,1065.3150742435878,64.50909778842646,54.0489894446035,-2.5974025974025983,0.7444966917365686,0.3184942787502304,-5.47283554007385,Low,0.0,0.0,0.0,0.0,100.0,98.23,0.0,0.0
BWA,Botswana,2002,36.1,2.393104392974863,5175.476553172314,1744763,0.8725914322851551,8.551686701463298,14.37212928777584,27.0,1070.9826333234082,64.55314040518827,55.0142988603802,-3.733333333333333,0.7448144672657945,0.3112143329998597,3.5846748897512493,Low,0.0,0.0,0.0,0.0,100.0,97.391,0.0,0.0
BWA,Botswana,2003,36.2,2.328837169489158,5320.440295139003,1775736,0.8453690741125082,8.579311341155258,14.3897255428363,33.1,1046.9623244497664,63.45402586911184,56.0979233496432,0.2770083102493048,0.7368841550123192,0.31568813612558,-2.6855169241411403,Low,0.0,0.0,0.0,0.0,100.0,97.115,0.0,0.0
BWA,Botswana,2004,34.3,2.242984241450331,5369.42516766112,1807146,0.8078072298559372,8.58847613664489,14.40725936321141,35.3,1075.8431242123493,61.107889046682,57.2582489329358,-5.248618784530401,0.7199563490552966,0.3144877461234198,-3.686514847994249,Low,0.0,0.0,0.0,0.0,100.0,94.845,0.0,0.0
BWA,Botswana,2005,33.0,2.386409526288985,5514.217426647054,1839877,0.8697899461183226,8.61508502255226,14.42520927952467,37.5,1096.3110477542248,61.83951838107201,58.4535554684584,-3.790087463556846,0.7252351884165036,0.3052359154560412,6.394395564095179,Low,0.0,0.0,0.0,0.0,100.0,99.057,0.0,0.0
BWA,Botswana,2006,31.8,2.213157956507173,5865.000265213611,1874516,0.7944204351630104,8.676757806307286,14.44386105073117,39.7,1108.5948178663505,62.03200992126797,59.6421228144112,-3.6363636363636376,0.726624050059036,0.2984377206469825,-7.259926172488463,Low,0.0,0.0,0.0,0.0,100.0,98.99,0.0,0.0
BWA,Botswana,2007,29.0,2.314199291440304,6085.6354476126,1911201,0.8390637492809434,8.713686428500589,14.46324239822508,41.9,1124.0947817550536,61.24468057544246,60.7822308289942,-8.805031446540879,0.7209433249355112,0.2870359672372291,4.56548230712801,Low,0.0,0.0,0.0,0.0,100.0,98.795,0.0,0.0
BWA,Botswana,2008,27.8,2.312548398180485,6158.61629368051,1949970,0.8383501191283482,8.725607403645729,14.4833245458062,44.5,1163.7853493268462,61.96369699725183,61.8321593704079,-4.137931034482756,0.7261311598272957,0.2783382858035444,-0.0713375579158182,Low,0.0,0.0,0.0,0.0,100.0,100.0,0.0,0.0
BWA,Botswana,2009,28.9,2.0736203284015,5179.413860714604,1990673,0.7292960305621305,8.552447174548897,14.50398333048178,43.4,1061.9409927550532,58.69012985040792,62.7501882968523,3.9568345323740974,0.7025117745811842,0.2957430954154099,-10.331808405262954,Low,0.0,0.0,0.0,0.0,100.0,100.0,0.0,0.0
BWA,Botswana,2010,29.9,1.663558949806479,5584.5034321846,2033111,0.5089592530631062,8.6277507965719,14.52507769023461,52.0,1140.2771055960543,60.236553537392304,63.4945974665277,3.460207612456756,0.7136695041092957,0.2952507006411812,-19.775142680585432,Low,0.0,0.0,0.0,0.0,100.0,100.0,0.0,0.0
BWA,Botswana,2011,28.9,1.935486982375509,5850.078585754607,2073535,0.6603589652963419,8.674210373598,14.54476543819816,53.2,1086.796718975305,57.17216291255871,64.0187810722889,-3.3444816053511683,0.6915593656988777,0.3012192998565632,16.346161499155976,Low,0.0,0.0,0.0,0.0,100.0,91.667,0.0,0.0
BWA,Botswana,2012,27.8,1.671569564316327,5742.919244526362,2108617,0.5137630439099078,8.655722939216826,14.56154284031387,56.0,1189.3491869736183,61.563943302856096,64.3993247826904,-3.806228373702414,0.7232468638626955,0.2797804337858445,-13.635711346157663,Low,0.0,0.0,0.0,0.0,100.0,71.429,0.0,0.0
BWA,Botswana,2013,26.7,2.579458322160881,6284.976780026177,2140682,0.9475794242395617,8.745917426510948,14.57663502781544,58.0,1200.2980296649946,66.48075479372993,64.7579735458393,-3.956834532374109,0.7587225573725783,0.2564474700420933,54.313549207022135,Low,0.0,0.0,0.0,0.0,100.0,82.609,0.0,0.0
BWA,Botswana,2014,25.8,3.290955431842081,6547.122541158922,2172044,1.191177927433186,8.786780925412547,14.59117921765766,60.0,1330.9450958778689,70.18368452100503,65.0965122400825,-3.3707865168539297,0.7854398721073962,0.23851098968384,27.5831985176314,Low,0.0,0.0,0.0,0.0,100.0,95.671,0.0,0.0
BWA,Botswana,2015,26.1,3.218393726061183,6141.203947266163,2203273,1.168882392254693,8.722776084536143,14.60545454003144,62.1,1285.4127560500128,71.89050735483752,65.4103584313295,1.162790697674421,0.7977549107947853,0.2338794113370936,-2.20488266352128,Low,0.0,0.0,0.0,0.0,100.0,96.296,0.0,0.0
BWA,Botswana,2016,26.7,3.021510880732566,6490.834635934826,2234776,1.105756997915943,8.778146404809219,14.61965155729343,64.2,1245.8424682417567,0.0,65.6949296854899,2.298850574712641,0.2790517614216686,0.4962828680175482,-6.117425712533042,Medium,0.0,0.0,0.0,0.0,100.0,99.628,0.0,0.0
BWA,Botswana,2017,26.7,3.282589543517649,6662.576448054672,2266747,1.188632605883722,8.804261542787957,14.63385632202667,67.4,1315.8010726984132,0.0,65.9456435684731,0.0,0.2790517614216686,0.4962828680175482,8.64066598104667,Medium,0.0,0.0,0.0,0.0,100.0,99.669,0.0,0.0
BWA,Botswana,2018,25.6,3.570376936429736,6843.846120277393,2299141,1.272671174652003,8.83110515087232,14.64804613287813,68.3,1305.313023918298,0.0,66.1579176461888,-4.1198501872659055,0.2790517614216686,0.4906877510287385,8.76708431245692,Medium,0.322,0.322,0.0,0.0,99.678,99.357,0.0,0.322
BWA,Botswana,2019,26.2,3.148258445346928,6951.731890511457,2332083,1.146849425453045,8.846746100394796,14.66227241758587,70.1,1202.8822178714563,0.0,66.3271694845464,2.34375,0.2790517614216686,0.4937396330226347,-11.822799065717504,Medium,0.398,0.398,0.0,0.0,99.602,99.602,0.0,0.398
BWA,Botswana,2020,27.7,2.574882898388516,6254.248062410908,2365894,0.9458040567276444,8.741016201831568,14.67666652116436,71.8,1120.172832928728,0.0,66.4488166494554,5.725190839694649,0.2790517614216686,0.5013693380073753,-18.212467524889863,Medium,0.459,0.459,0.0,0.0,99.541,97.248,0.0,0.459
BWA,Botswana,2021,27.4,2.726029912873146,6895.911849431069,2401441,1.002846306388438,8.838684029406704,14.69157953180687,73.7,1149.1141990477718,0.0,66.5182767068255,-1.0830324909747335,0.2790517614216686,0.4998433970104272,5.870053918926743,Medium,0.402,0.402,0.0,0.0,99.598,95.984,0.0,0.402
CAF,Central African Republic,2000,88.9,0.0668855141210867,437.1689284148256,3833416,-2.704772865621582,6.080319684277343,15.15926686965023,6.0,603.8037999957767,10.807091106766707,37.7014879765364,0.0,0.4916618178880346,0.7063562731516084,0.0,High,80.0,0.0,0.0,80.0,20.0,0.0,0.0,80.0
CAF,Central African Republic,2001,88.9,0.0697029993976252,446.6586341920831,3919487,-2.663511929177056,6.101794620963095,15.18147133585583,5.7,603.8037999957767,10.807091106766707,37.7560236207831,0.0,0.4916618178880346,0.7063562731516084,4.212399820143142,High,72.727,0.0,0.0,72.727,27.273,0.0,0.0,72.727
CAF,Central African Republic,2002,89.2,0.069694117212425,452.8087022170347,4006077,-2.663639366321069,6.115469745381493,15.20332301619142,6.1,603.8037999957767,10.807091106766707,37.8169752995511,0.3374578177727683,0.4916618178880346,0.7078822141485566,-0.0127429024245562,High,72.727,0.0,0.0,72.727,27.273,0.0,0.0,72.727
CAF,Central African Republic,2003,90.2,0.0644393025152288,418.2405322898585,4103086,-2.742031544517962,6.03605670312503,15.22724993147763,6.6,603.8037999957767,10.807091106766707,37.8863171931924,1.1210762331838486,0.4916618178880346,0.7129686841383835,-7.539825321525706,High,72.727,0.0,0.0,72.727,27.273,0.0,0.0,72.727
CAF,Central African Republic,2004,90.6,0.0611282223493176,433.8252277702332,4192826,-2.794781615205363,6.07264175200434,15.24888552755753,7.0,603.8037999957767,10.807091106766707,37.9626889392062,0.4434589800443422,0.4916618178880346,0.7150032721343144,-5.138292993051364,High,80.0,0.0,0.0,80.0,20.0,0.0,0.0,80.0
CAF,Central African Republic,2005,91.0,0.0588974564039908,427.9680431552368,4288810,-2.831957374248761,6.05904852726904,15.27151986314729,7.4,603.8037999957767,10.807091106766707,38.0448510426866,0.4415011037527616,0.4916618178880346,0.7170378601302452,-3.649322456293669,High,81.25,0.0,0.0,81.25,18.75,0.0,0.0,81.25
CAF,Central African Republic,2006,90.8,0.0611753665667712,439.2943309027676,4377579,-2.794010677570475,6.085169646056142,15.29200638980968,7.8,603.8037999957767,10.807091106766707,38.134433681123,-0.219780219780219,0.4916618178880346,0.7160205661322798,3.8675866529034986,High,82.353,0.0,0.0,82.353,17.647,0.0,0.0,82.353
CAF,Central African Republic,2007,90.9,0.0600972042027709,450.7627854018929,4462770,-2.811791957611692,6.110941226410812,15.31128020744141,8.4,603.8037999957767,10.807091106766707,38.2343339436079,0.1101321585903258,0.4916618178880346,0.7165292131312626,-1.7624125926953615,High,87.5,0.0,0.0,87.5,12.5,0.0,0.0,87.5
CAF,Central African Republic,2008,93.6,0.0439790970970725,450.3136168860222,4558984,-3.124040823919093,6.10994426643731,15.33261034964785,7.5,603.8037999957767,10.807091106766707,38.3474489192338,2.9702970297029507,0.4916618178880346,0.7302626821037955,-26.82006146461512,High,87.5,0.0,0.0,87.5,12.5,0.0,0.0,87.5
CAF,Central African Republic,2009,93.9,0.0431878936120556,492.2153989148365,4529047,-3.142195063468442,6.198916423357112,15.3260221000513,9.4,603.8037999957767,10.807091106766707,38.476675697093,0.3205128205128416,0.4916618178880346,0.7317886231007438,-1.7990444034593156,High,87.5,0.0,0.0,87.5,12.5,0.0,0.0,87.5
CAF,Central African Republic,2010,93.8,0.044491480627065,519.1414564084844,4492995,-3.112457554720987,6.252176401729686,15.31803007520948,9.8,603.8037999957767,10.807091106766707,38.6244963104203,-0.106496272630463,0.4916618178880346,0.731279976101761,3.018408414911522,High,81.25,0.0,0.0,81.25,18.75,0.0,0.0,81.25
CAF,Central African Republic,2011,93.3,0.0476449067813707,532.3829549385199,4565021,-3.043979542708807,6.277363070491018,15.33393367221968,10.4,603.8037999957767,10.807091106766707,38.8030669465007,-0.5330490405117239,0.4916618178880346,0.7287367411068475,7.087707825995504,High,83.333,0.0,0.0,83.333,16.667,0.0,0.0,83.333
CAF,Central African Republic,2012,93.1,0.0479521337506679,553.7295783149125,4610848,-3.037551979150208,6.316676441789753,15.34392234599575,11.0,603.8037999957767,10.807091106766707,39.0301696038517,-0.2143622722400873,0.4916618178880346,0.7277194471088819,0.6448264674060233,High,83.333,0.0,0.0,83.333,16.667,0.0,0.0,83.333
CAF,Central African Republic,2013,95.1,0.0320522555159282,349.8211716889729,4642419,-3.440387723179699,5.857422085878639,15.35074612456083,11.5,603.8037999957767,10.807091106766707,39.3042963482777,2.148227712137496,0.4916618178880346,0.7378923870885361,-33.15781174079301,High,100.0,0.0,0.0,100.0,0.0,0.0,0.0,100.0
CAF,Central African Republic,2014,94.8,0.0349759105308854,351.5615549116249,4623182,-3.353095725005764,5.862384816577848,15.34659377057096,12.0,603.8037999957767,10.807091106766707,39.6226521868738,-0.3154574132492094,0.4916618178880346,0.736366446091588,9.121526606775989,High,100.0,0.0,0.0,100.0,0.0,0.0,0.0,100.0
CAF,Central African Republic,2015,92.9,0.0504177719405873,366.3228539381206,4629320,-2.987411548191087,5.903515059151972,15.34792054702568,12.7,603.8037999957767,10.807091106766707,39.9824421267351,-2.0042194092826926,0.4916618178880346,0.7267021531109166,44.149991166251446,High,100.0,0.0,0.0,100.0,0.0,0.0,0.0,100.0
CAF,Central African Republic,2016,92.1,0.0533555326292948,376.8582541203984,4713663,-2.930777602219647,5.931869132982872,15.36597587074158,13.4,603.8037999957767,10.807091106766707,40.3808711749566,-0.8611410118407048,0.4916618178880346,0.7226329771190549,5.826835609017711,High,100.0,0.0,0.0,100.0,0.0,0.0,0.0,100.0
CAF,Central African Republic,2017,91.6,0.0552204845258517,387.3579513174203,4793511,-2.896421298055536,5.959349204342171,15.38277368627073,14.1,603.8037999957767,10.807091106766707,40.8151443386334,-0.5428881650380024,0.4916618178880346,0.7200897421241415,3.4953299211052835,High,100.0,0.0,0.0,100.0,0.0,0.0,0.0,100.0
CAF,Central African Republic,2018,91.4,0.0601599989505308,395.0200154559085,4878657,-2.810747616785186,5.978936435657612,15.40038053503547,14.6,603.8037999957767,10.807091106766707,41.2824666248606,-0.2183406113536956,0.4916618178880346,0.7190724481261761,8.945076210562174,High,100.0,0.0,0.0,100.0,0.0,0.0,0.0,100.0
CAF,Central African Republic,2019,91.3,0.0611563525655635,401.8258216143503,4944703,-2.79432153728038,5.996018715160014,15.41382746056789,14.3,603.8037999957767,10.807091106766707,41.7800430407332,-0.1094091903720007,0.4916618178880346,0.7185638011271933,1.65617292621969,High,100.0,0.0,0.0,100.0,0.0,0.0,0.0,100.0
CAF,Central African Republic,2020,90.9,0.0633426623175616,398.8342741221393,5026628,-2.759196206586331,5.988545977529536,15.4302599395387,15.4,603.8037999957767,10.807091106766707,42.3050785933463,-0.4381161007666945,0.4916618178880346,0.7165292131312626,3.5749511870482253,High,100.0,0.0,0.0,100.0,0.0,0.0,0.0,100.0
CAF,Central African Republic,2021,90.9,0.063124743256196,396.0206229319614,5112100,-2.762642458623461,5.981466288009476,15.44712083666351,15.7,603.8037999957767,10.807091106766707,42.8547782897949,0.0,0.4916618178880346,0.7165292131312626,-0.3440320526361895,High,100.0,0.0,0.0,100.0,0.0,0.0,0.0,100.0
CAF,Central African Republic,2022,90.9,0.0632596180609838,398.9153979564201,5098039,-2.760508098729818,5.988749359210281,15.44436651394778,15.7,603.8037999957767,10.807091106766707,43.2751967457285,0.0,0.4916618178880346,0.7165292131312626,0.2136639261095529,High,100.0,0.0,0.0,100.0,0.0,0.0,0.0,100.0
CHN,China,2000,29.6,2.889075947712936,2237.442985003341,1262645000,1.060936709720399,7.713088968261597,20.95647456400401,96.7,898.0750044672099,79.92246260601699,36.4320234662299,0.0,0.8557069358632299,0.222706043767266,0.0,Low,16.639,0.001,0.044,16.407,82.126,78.213,0.426,17.874
CHN,China,2001,28.4,3.007475645712938,2405.893967432147,1271850000,1.101101070982849,7.785676825502058,20.96373837038239,97.0,921.506436459842,80.83314585219725,37.6597442626953,-4.054054054054069,0.8622776819221425,0.2133169067500172,4.09818572245324,Low,18.958,0.002,0.049,18.735,79.862,76.253,0.333,20.138
CHN,China,2002,27.0,3.227954545454546,2610.72960252379,1280400000,1.171848668974776,7.867385002449232,20.97043836605998,97.2,976.159336791292,81.92179284998467,39.0897827148438,-4.929577464788726,0.8701324689738008,0.2022684552384302,7.33102860054391,Low,17.618,0.003,0.051,17.41,80.862,77.543,0.253,19.138
CHN,China,2003,23.9,3.704678826451412,2857.037353811501,1288400000,1.309596568472719,7.957540476633052,20.97666697542132,97.4,1105.1374239649335,84.23097750252418,40.5302314758301,-11.48148148148148,0.8867936582716353,0.1781698036210491,14.76861815381405,Low,15.036,0.003,0.052,14.848,82.695,79.555,0.27,17.305
CHN,China,2004,20.2,4.240697490500164,3127.862765236318,1296075000,1.444727758191271,8.04810522769646,20.98260630357244,97.7,1249.0441533999422,86.09237233291466,41.7600135803223,-15.481171548117157,0.9002239621639809,0.1526347127125161,14.468694565952056,Low,16.222,0.004,0.058,16.046,81.487,78.174,0.339,18.513
CHN,China,2005,17.4,4.782994201208848,3465.81734409951,1303720000,1.565066752322106,8.15070376955034,20.98848755346801,97.9,1369.7919711964917,87.3709947582302,42.9899978637695,-13.861386138613865,0.909449456645425,0.1337798495002783,12.787913118620576,Low,16.173,0.003,0.078,15.879,81.704,79.198,0.486,18.296
CHN,China,2006,16.4,5.280525163613064,3883.354129424739,1311020000,1.664025555577578,8.264454525528068,20.99407129714174,98.2,1490.1864793883617,88.28426537963281,44.3430099487305,-5.747126436781613,0.9160388710894392,0.1253986722884442,10.402081655847928,Low,15.588,0.003,0.129,15.207,82.498,80.344,0.831,17.502
CHN,China,2007,14.9,5.707632456549699,4409.757008368781,1317885000,1.741804306607575,8.391574866779688,20.99929401580566,98.5,1595.466068477978,89.30917398288543,45.8892440795898,-9.14634146341462,0.9234337739756122,0.114071515860617,8.088348785452947,Low,15.258,0.003,0.167,14.788,82.848,80.959,1.033,17.152
CHN,China,2008,14.1,5.852258663576554,4811.47471804961,1324655000,1.766827683065626,8.47875891029852,21.00441788512203,98.8,1629.9775420938283,89.52115711800536,46.9895057678223,-5.369127516778526,0.9249632710378318,0.1092375913376456,2.533908904048144,Low,19.025,0.004,0.375,18.221,79.018,77.491,0.989,20.982
CHN,China,2009,13.4,6.249090185238045,5237.766665403525,1331260000,1.832435882790004,8.563650477569805,21.00939169913088,99.1,1728.616452295014,90.1612712655318,48.3417053222656,-4.964539007092195,0.9295818116003768,0.1033677920634942,6.78082676234566,Low,17.886,0.008,0.743,16.573,80.229,78.38,1.523,19.771
CHN,China,2010,12.3,6.80718476794211,5764.865349874065,1337705000,1.917978637911459,8.659537075947142,21.01422129601767,99.7,1899.7999610868465,90.80662758145954,49.2340270628041,-8.208955223880599,0.934238175366003,0.0954444931918713,8.930813385001679,Low,18.691,0.017,1.174,16.909,79.532,76.859,1.848,20.468
CHN,China,2011,11.3,7.401850658161312,6275.909564362581,1345035000,2.001730057883816,8.744473703991705,21.01968587196647,99.9,2027.4652535685464,91.42473187813448,51.8300285339355,-8.130081300813007,0.9386979108321036,0.0881281554689939,8.735856458895208,Low,16.813,0.055,1.572,14.599,81.337,78.312,2.308,18.663
CHN,China,2012,11.5,7.584416514669286,6723.194437528233,1354190000,2.026095683627849,8.813318683295542,21.02646932655494,99.9,2085.218720958248,91.14921917962155,53.1003112792969,1.7699115044247815,0.9367100363592537,0.0901393867033844,2.4664893273235178,Low,20.041,0.072,2.066,17.299,77.988,75.151,2.211,22.012
CHN,China,2013,11.5,7.89327631231478,7198.068764781617,1363240000,2.066011297374995,8.881568041911155,21.03313005633184,100.0,2137.325726909069,91.00012191436451,54.4900016784668,0.0,0.9356342723412028,0.0906772687124097,4.072294777694729,Low,20.13,0.154,2.545,16.747,77.818,75.067,2.143,22.182
CHN,China,2014,11.9,7.93164331637339,7686.577929543814,1371860000,2.070860241967879,8.947230960796519,21.03943332022726,100.0,2177.550114352667,89.55484002130432,55.7502555847168,3.4782608695652195,0.9252062993410676,0.0979258432084082,0.4860719749383513,Low,22.249,0.406,2.757,18.288,75.452,72.536,2.3,24.548
CHN,China,2015,12.2,7.790570492658676,8175.332850773929,1379860000,2.052914091175337,9.008876710627591,21.04524788169384,100.0,2175.1544486832,71.06955889045516,57.3297843933105,2.521008403361336,0.7918316175865966,0.1661391250825918,-1.7786077624481034,Low,23.968,0.679,3.192,19.168,73.084,69.587,2.871,26.916
CHN,China,2016,12.6,7.763224839493007,8679.37704460133,1387790000,2.049397819968572,9.068705036023728,21.05097839075453,100.0,2149.2047500243984,0.0,58.8399238586426,3.278688524590168,0.2790517614216686,0.4245636411609866,-0.3510096364757631,Medium,24.829,1.085,3.927,18.804,71.695,67.768,3.07,28.305
CHN,China,2017,13.1,7.878026521703319,9221.51403820573,1396215000,2.064077431095893,9.129294515456,21.05703084088936,100.0,2215.911390220568,0.0,60.2402687072754,3.968253968253976,0.2790517614216686,0.4271068761559002,1.4787885779926624,Medium,25.242,1.784,4.612,17.641,71.002,67.077,3.077,28.998
CHN,China,2018,13.5,8.217736248538596,9798.652852331596,1402760000,2.106294775584854,9.190000191161818,21.06170756142398,100.0,2310.877570509788,0.0,61.5001983642578,3.053435114503822,0.2790517614216686,0.429141464151831,4.312117075252342,Medium,25.612,2.469,5.105,16.73,70.271,66.477,3.007,29.729
CHN,China,2019,14.3,8.391475870985156,10356.48041949954,1407745000,2.127216413350553,9.24536773024536,21.06525497032569,100.0,2397.9686890847347,0.0,62.7099151611328,5.925925925925935,0.2790517614216686,0.4332106401436927,2.114202953124189,Medium,26.85,2.985,5.402,16.959,68.503,64.705,3.099,31.497
CHN,China,2020,14.9,8.478583020338744,10573.64200592823,1411100000,2.137543339183443,9.26611958015344,21.06763537902799,100.0,2465.9695460598687,0.0,63.5234230266258,4.195804195804187,0.2790517614216686,0.4362625221375889,1.0380432559518482,Medium,28.088,3.356,5.997,16.991,67.204,63.271,3.246,32.796
CHN,China,2021,15.2,8.887156603132347,11469.57071349276,1412360000,2.184607156198058,9.34745278252613,21.0685279010284,100.0,2623.79959356116,0.0,64.721076965332,2.0134228187919323,0.2790517614216686,0.437788463134537,4.818889923156977,Medium,28.694,3.832,7.684,15.233,66.531,62.499,3.364,33.469
CIV,Cote d'Ivoire,2000,63.7,0.3936492697555184,1717.953856512308,17699004,-0.9322949444136672,7.448889243343163,16.68901892477433,48.7,383.698511747895,37.12388081553352,43.0840065011913,0.0,0.5469073463172411,0.5505544651933632,0.0,Medium,36.458,0.0,0.0,36.458,63.542,0.0,63.333,36.458
CIV,Cote d'Ivoire,2001,64.7,0.3843464127915679,1636.573187052179,18178913,-0.9562110164123694,7.400359814635219,16.71577285394696,49.7,359.27435037998805,34.292367648811464,43.4670149035012,1.569858712715866,0.5264774613281022,0.5658558776777597,-2.3632349095244587,Medium,36.475,0.0,0.0,36.475,63.525,0.0,63.32,36.475
CIV,Cote d'Ivoire,2002,65.3,0.3960059332810894,1551.279259028382,18654771,-0.9263260848068472,7.346835197922491,16.7416124890327,51.4,374.2174105192307,37.84229578141297,43.859032147728,0.9273570324574764,0.5520908415945683,0.5561010695384229,3.033596802643901,Medium,32.325,0.0,0.0,32.325,67.675,0.0,67.486,32.325
CIV,Cote d'Ivoire,2003,70.3,0.3040122993638559,1441.588017550368,19125542,-1.190687119960599,7.273500574909407,16.76653527714459,51.5,345.0635325851048,32.49572238037794,44.2593744150531,7.656967840735063,0.5135143373589949,0.6008216716053449,-23.230367574299805,Medium,35.63,0.0,0.0,35.63,64.37,0.0,64.173,35.63
CIV,Cote d'Ivoire,2004,75.4,0.305981117632049,1451.865471418936,19595000,-1.184231886018524,7.280604540554492,16.79078498961587,52.4,474.6445121038454,24.92616863482238,44.667357886658,7.254623044096742,0.4588986236627619,0.6540705254015794,0.6476113868790323,Medium,33.455,0.0,0.0,31.455,66.545,0.0,66.364,33.455
CIV,Cote d'Ivoire,2005,77.9,0.3186841759341948,1431.733202031113,20068458,-1.143554710708096,7.266641018731673,16.81465988672968,58.9,479.36734205455446,25.38667906062119,45.082298743724,3.315649867374004,0.4622212905484189,0.6651253669333186,4.151582424580069,High,26.984,0.0,0.0,25.044,73.016,0.0,72.84,26.984
CIV,Cote d'Ivoire,2006,74.8,0.3055804012712051,1437.774537985858,20546802,-1.185542355712266,7.270851737383268,16.83821586635844,60.2,460.4270685034425,21.445199227436245,45.5035131674326,-3.979460847240057,0.4337827932017162,0.663576558638206,-4.111837252219097,High,28.369,0.0,0.0,26.596,71.631,0.0,71.277,28.369
CIV,Cote d'Ivoire,2007,76.3,0.2964685958403956,1420.173895824501,21030558,-1.215813982375139,7.258534604945707,16.86148708085041,55.3,484.16288024964905,24.249025093065864,45.930317338965,2.0053475935828846,0.4540129092533039,0.6610912055971527,-2.981802953626833,High,33.808,0.0,0.0,31.673,66.192,0.0,65.836,33.808
CIV,Cote d'Ivoire,2008,74.2,0.3215747340658057,1454.627318000822,21514439,-1.134525307991794,7.28250500796539,16.88423484908337,60.3,475.6859682873626,24.612314497224784,46.3620274395029,-2.752293577981646,0.4566341086995815,0.6490990188953771,8.468397185287735,Medium,34.542,0.0,0.0,32.47,65.458,0.0,65.285,34.542
CIV,Cote d'Ivoire,2009,73.7,0.2914500175925564,1473.918369932904,21997940,-1.232886754128403,7.295679691251647,16.90645937057479,57.3,426.33967683994047,22.71372293900839,46.7979596502274,-0.6738544474393482,0.4429354236178468,0.653405126441331,-9.367874177293023,Medium,37.265,0.0,0.0,36.068,62.735,0.0,62.564,37.265
CIV,Cote d'Ivoire,2010,75.4,0.3252792092160886,1540.52927270246,22488065,-1.123071360191847,7.33988131993503,16.92849528199478,58.4,369.59298919728,28.406419463019272,47.2374301523201,2.3066485753052923,0.4840092694436287,0.641515202511146,11.6072017778448,Medium,28.067,0.0,0.0,26.891,71.933,0.0,70.42,28.067
CIV,Cote d'Ivoire,2011,79.1,0.3079975633104169,1426.464638645336,22982000,-1.177663407369673,7.262954381454147,16.95022185879971,55.8,412.2029962395736,25.66551278635246,47.6797551269623,4.907161803713511,0.4642331268396051,0.6702232127755179,-5.312865198891704,High,29.934,0.0,0.0,28.947,70.066,0.0,69.572,29.934
CIV,Cote d'Ivoire,2012,74.9,0.3843767852137365,1503.434330466815,23467078,-0.9561319959736388,7.315507323700698,16.97110906071563,55.8,442.1845532677779,30.045324076370893,48.1242507553354,-5.309734513274322,0.4958342657574211,0.6330594693593363,24.79864486016743,Medium,26.286,0.0,0.0,25.286,73.714,0.0,67.571,26.286
CIV,Cote d'Ivoire,2013,72.2,0.4094023440069925,1632.327127870059,23939775,-0.8930568803023775,7.397761961436247,16.99105185955369,61.5,446.3098013379073,33.75674126538773,48.5702332186208,-3.604806408544725,0.5226128190798858,0.6059367237255708,6.510684244195519,Medium,21.756,0.0,0.0,20.839,78.244,0.0,75.623,21.756
CIV,Cote d'Ivoire,2014,71.9,0.4264252277912106,1742.536930011777,24527395,-0.8523182432671257,7.463097336104085,17.01530121410133,61.9,438.71877312695045,34.15951913363435,49.0173144557368,-0.4155124653739572,0.525518935011522,0.6029577247628046,4.157983957201616,Medium,23.7,0.0,0.0,22.854,76.3,0.0,70.133,23.7
CIV,Cote d'Ivoire,2015,64.5,0.4462032559013896,1814.718550880167,25246342,-0.8069807000551739,7.503685666289023,17.04419183190366,62.6,383.8890107324079,3.1903177447655326,49.4694894689553,-10.292072322670387,0.3020704870170091,0.6770420708353408,4.638099910885862,High,16.552,0.0,0.0,15.402,83.448,0.0,78.161,16.552
CIV,Cote d'Ivoire,2016,64.0,0.4387749546401697,1889.277779499377,25989405,-0.8237686291467267,7.543949907775459,17.07319951293507,64.3,391.6555833646134,0.0,49.929991034032,-0.7751937984496138,0.2790517614216686,0.6860081986380976,-1.664779708120634,High,16.422,0.0,0.0,14.761,83.578,0.0,82.893,16.422
CIV,Cote d'Ivoire,2017,62.5,0.4612212780340617,1972.814317889471,26733372,-0.7738773554111,7.587216390032501,17.10142323055163,65.6,392.5888242630821,0.0,50.3977309654344,-2.34375,0.2790517614216686,0.678378493653357,5.11568018103945,High,21.245,0.099,0.0,20.059,78.755,0.0,77.964,21.245
CIV,Cote d'Ivoire,2018,60.5,0.4494291526637267,2013.323075984985,27464173,-0.79977705114413,7.607541907538328,17.12839291325508,67.1,358.54922881191,0.0,50.8718477756395,-3.200000000000003,0.2790517614216686,0.6682055536737028,-2.55671755227741,High,29.88,0.1,0.0,29.183,70.12,0.0,70.02,29.88
CIV,Cote d'Ivoire,2019,61.1,0.4676052847001893,2093.099943357791,28193009,-0.7601307476940475,7.646401472551903,17.1545845973727,68.6,376.7432129080049,0.0,51.3514799771241,0.9917355371900748,0.2790517614216686,0.6712574356675991,4.0442708108128445,High,33.114,0.094,0.0,32.364,66.886,0.0,66.792,33.114
CIV,Cote d'Ivoire,2020,61.8,0.4595501871681121,2055.084839964322,28915449,-0.7775071218924696,7.628072410732318,17.17988657772641,69.9,385.90091189668885,0.0,51.8357660823651,1.1456628477904962,0.2790517614216686,0.674817964660478,-1.7226275655207512,High,30.551,0.178,0.0,29.751,69.449,0.0,69.272,30.551
CIV,Cote d'Ivoire,2021,58.2,0.5803223078640106,2146.476353179455,29639736,-0.5441716265737138,7.671582871148986,17.2046264514699,71.1,475.7701142407004,0.0,52.3183461956059,-5.825242718446589,0.2790517614216686,0.6565066726971007,26.280507345701043,Medium,23.877,0.176,0.0,22.996,76.123,0.0,75.947,23.877
CMR,Cameroon,2000,84.6,0.3839899210273492,1151.276893029467,14912631,-0.9571389740634886,7.048626947148551,16.51771912992642,41.0,425.83947328627926,16.202697745582302,46.2449829402599,0.0,0.3959571868833614,0.7323367676976885,0.0,High,98.841,0.0,0.0,98.841,1.159,0.0,0.0,98.841
CMR,Cameroon,2001,85.3,0.3723376807457335,1169.926704649843,15309490,-0.9879540925192198,7.064696380231059,16.54398345551795,46.2,419.668248263033,15.424176927709247,46.7627509050978,0.8274231678486954,0.3903400168988723,0.738705881682812,-3.0345172212959737,High,98.006,0.0,0.0,98.006,1.994,0.0,0.0,98.006
CMR,Cameroon,2002,85.2,0.3573488915602707,1189.967078970265,15725528,-1.029042687153139,7.08168092099203,16.5707959370936,44.0,429.5026480892362,15.299261853788696,47.2589242513436,-0.1172332942555587,0.3894387318108849,0.7386478772278231,-4.025590199585116,High,96.33,0.0,0.0,96.33,3.67,0.0,0.0,96.33
CMR,Cameroon,2003,85.3,0.3549430271887843,1221.094461414539,16160340,-1.035797989178261,7.107502835094137,16.59807065043985,45.1,435.147080636702,16.098718901165064,47.7325523560061,0.1173708920187754,0.3952069605175745,0.736272409873461,-0.6732536264438482,High,95.616,0.0,0.0,95.616,4.384,0.0,0.0,95.616
CMR,Cameroon,2004,85.5,0.3393699414111098,1271.743268741671,16610487,-1.08066449400765,7.148143890778837,16.6255448008466,47.1,437.082365532497,16.119940314769707,48.1826845960942,0.2344665885111396,0.3953600768951867,0.7372131456826203,-4.387488860118271,High,95.332,0.0,0.0,95.332,4.668,0.0,0.0,95.332
CMR,Cameroon,2005,86.3,0.3204351447536615,1264.74345218659,17074594,-1.138075379561078,7.142624575998407,16.65310218568602,47.2,428.5395940625066,14.783686821128253,48.5837852394685,0.9356725146198784,0.3857187637230379,0.7461029782605564,-5.579397096489124,High,94.192,0.0,0.0,94.192,5.808,0.0,0.0,94.192
CMR,Cameroon,2006,85.5,0.3177533147806771,1277.329907123417,17550407,-1.14647993692709,7.152527168104391,16.68058769849043,49.0,385.03515307330935,16.955205191499907,49.2044173412861,-0.9269988412514474,0.4013866656349523,0.7341998513127375,-0.8369337811076072,High,88.735,0.0,0.0,76.087,11.265,0.0,0.0,88.735
CMR,Cameroon,2007,80.8,0.3732376075740271,1295.730674712867,18049896,-0.9855400445231868,7.166830042594611,16.70865048095371,48.2,352.80057887999743,28.75680031055853,49.7027028593758,-5.497076023391811,0.4865373312947099,0.6677181095306715,17.46143634462065,High,74.664,0.0,0.0,73.129,25.336,0.0,9.213,74.664
CMR,Cameroon,2008,80.8,0.3805792337440999,1295.02211276052,18574056,-0.9660608875001296,7.166283049478603,16.7372763262807,50.6,345.8728651501605,27.496808338444943,50.0858325268669,0.0,0.4774462589380452,0.6722636457090039,1.9670113678500911,High,75.709,0.0,0.0,74.291,24.291,0.0,8.865,75.709
CMR,Cameroon,2009,79.2,0.4035686142504955,1290.899613511486,19113974,-0.9074087580198196,7.163094629118,16.76593024854784,51.7,363.5450921803692,30.738309222773204,50.4714131335678,-1.9801980198019709,0.500834280239632,0.6524312830744872,6.040629248272,Medium,70.557,0.0,0.0,69.338,29.443,0.0,7.143,70.557
CMR,Cameroon,2010,78.7,0.3980055791962464,1290.901374575901,19668066,-0.9212892557149308,7.163095993331913,16.79450686321303,52.8,356.1376127188123,30.99606251935051,50.8505075371362,-0.631313131313127,0.502694017381784,0.6489581795084977,-1.3784607766341606,Medium,73.038,0.0,0.0,72.014,26.962,0.0,7.167,73.038
CMR,Cameroon,2011,78.6,0.3672097849063557,1297.306496269402,20232304,-1.001821973242373,7.168045468094994,16.82279109292091,53.7,363.1567069674057,27.176574941568,51.2229843034125,-0.1270648030495702,0.4751357164532822,0.6622286829737658,-7.737528290955464,High,75.0,0.0,0.0,73.98,25.0,0.0,6.293,75.0
CMR,Cameroon,2012,78.6,0.3609452188946708,1319.669616340536,20809529,-1.019029080378389,7.185136693601375,16.85092156476433,55.2,368.67461829540974,31.83446894825435,51.5887119982861,0.0,0.5087432729946368,0.6454249047030884,-1.7059910354192964,Medium,78.637,0.0,0.0,77.532,21.363,0.0,5.341,78.637
CMR,Cameroon,2013,77.7,0.3821585042707408,1347.213063670599,21402376,-0.9619198237903884,7.205793340346183,16.87901250186631,56.3,375.371615915553,32.40818280478361,51.9475591877024,-1.1450381679389166,0.5128827233222287,0.6387773565484482,5.877148183602987,Medium,69.401,0.0,0.0,68.297,30.599,0.0,14.511,69.401
CMR,Cameroon,2014,76.9,0.4021098379760953,1381.819384549067,22059893,-0.9110299988870486,7.23115630443297,16.90927172136989,56.8,395.0645059753105,33.42830766903305,52.2993944376709,-1.0296010296010238,0.5202431106572112,0.6310279868890953,5.220695989332214,Medium,64.006,0.145,0.0,62.845,35.994,0.0,19.448,64.006
CMR,Cameroon,2015,78.1,0.403515922523748,1415.000097105685,22763414,-0.9075393310253016,7.254884878703262,16.94066515597353,58.6,402.8199242001226,4.345270038107719,52.6440863142742,1.5604681404421283,0.3104036788941421,0.7420514667584224,0.3496767337824558,High,54.899,0.126,0.0,54.271,45.101,0.0,18.719,54.899
CMR,Cameroon,2016,78.8,0.4136323614389787,1435.618307278388,23454161,-0.8827777155243502,7.269350911545435,16.97055847848031,59.8,399.88337314644,0.0,52.9815033836792,0.8962868117797784,0.2790517614216686,0.761287954487538,2.5070730423618626,High,61.603,0.141,0.0,60.9,38.397,0.0,22.363,61.603
CMR,Cameroon,2017,79.2,0.4087804344727654,1444.906829165733,24128601,-0.8945771021167648,7.275800120381733,16.99890845829923,60.9,392.8663723749346,0.0,53.3115142121504,0.5076142131979822,0.2790517614216686,0.7633225424834689,-1.1730046820645268,High,63.354,0.248,0.0,62.609,36.646,0.0,21.988,63.354
CMR,Cameroon,2018,78.7,0.4252292645808138,1461.019699993169,24806383,-0.8551268094339443,7.286889895570243,17.02661155705117,62.2,392.3517177023612,0.0,53.6339873660653,-0.631313131313127,0.2790517614216686,0.7607793074885554,4.02387901203336,High,58.899,0.234,0.0,58.197,41.101,0.0,26.932,58.899
CMR,Cameroon,2019,78.9,0.4026919840140171,1470.317852761872,25506095,-0.9095833169249904,7.293233882767851,17.05442800117586,63.2,387.38570034475015,0.0,53.9487914119331,0.2541296060991183,0.2790517614216686,0.7617966014865207,-5.300030464510397,High,61.473,0.242,0.0,60.749,38.527,0.0,26.208,61.473
CMR,Cameroon,2020,78.9,0.3963288381727699,1434.519137234091,26210558,-0.9255110128923212,7.268584976032392,17.0816728646571,64.3,386.8610608166221,0.0,54.2557949164174,0.0,0.2790517614216686,0.7617966014865207,-1.580152099830645,High,60.114,0.227,0.0,59.432,39.886,0.0,30.455,60.114
CMR,Cameroon,2021,79.2,0.3844996674438818,1443.576002376632,26915758,-0.9558123549421916,7.274878649172878,17.10822247231517,65.4,378.00303010563175,0.0,54.5548664463635,0.3802281368821214,0.2790517614216686,0.7633225424834689,-2.9846858440645385,High,62.901,0.238,0.0,62.188,37.099,0.0,27.229,62.901
COD,"Congo, Dem. Rep.",2000,97.9,0.0371727398112935,339.5268222239202,50507442,-3.292179587104443,5.827552948955835,17.73763124972487,6.7,275.3879917522472,2.0362074038203666,34.9008752617485,0.0,0.2937433699802971,0.8510937270139207,0.0,High,27.93,0.0,0.0,22.2305,69.253,0.0,0.0,30.747
COD,"Congo, Dem. Rep.",2001,98.3,0.0350106917650026,322.0339200243072,52132646,-3.352101785141856,5.774656881686757,17.76930191317724,7.1,275.76206609152734,1.6394520027313109,35.4153526820763,0.4085801838610736,0.290880707249877,0.8545596463750615,-5.816219243635112,High,27.93,0.0,0.0,22.2305,69.253,0.0,0.0,30.747
COD,"Congo, Dem. Rep.",2002,98.3,0.0356238387555068,321.5478481904506,53750524,-3.334740237261245,5.773146360567967,17.79986397376173,7.7,276.77725912901053,1.7141515418219015,35.937064393184,0.0,0.2914196780766061,0.854290160961697,1.7513135547840175,High,27.93,0.0,0.0,22.2305,69.253,0.0,0.0,30.747
COD,"Congo, Dem. Rep.",2003,98.0,0.0419088893806426,329.7095365404693,55343867,-3.17225731750026,5.798212074562217,17.829076407005,8.3,278.85230499161906,2.0146422395180914,36.4654627231369,-0.3051881993896166,0.2935877733785771,0.8516801723137633,17.64282246018274,High,27.93,0.0,0.0,22.2305,69.253,0.0,0.0,30.747
COD,"Congo, Dem. Rep.",2004,97.9,0.0388664526195871,341.7149257514194,56997741,-3.247623800963758,5.833976839031823,17.85852219343452,9.0,281.5702445198714,2.111856130512777,37.0,-0.1020408163265207,0.2942891893690482,0.8508208173195451,-7.259645402249149,High,27.93,0.0,0.0,22.2305,69.253,0.0,0.0,30.747
COD,"Congo, Dem. Rep.",2005,97.4,0.0422504365918146,351.7084864116831,58775724,-3.16414059169827,5.862802668877996,17.88923947047702,6.0,283.6373360096066,2.545199809163818,37.4018738621901,-0.5107252298263587,0.297415843209002,0.8467142554046547,8.706696248687518,High,27.93,0.0,0.0,22.2305,69.253,0.0,0.0,30.747
COD,"Congo, Dem. Rep.",2006,97.3,0.0421028090513797,358.4543822755789,60615908,-3.16764081720902,5.881801405849979,17.92006792484111,10.2,285.45469355702136,2.6771857181901284,37.8024827128113,-0.1026694045174636,0.298368145664553,0.8457294571778964,-0.3494106862402368,High,27.93,0.0,0.0,22.2305,69.253,0.0,0.0,30.747
COD,"Congo, Dem. Rep.",2007,97.2,0.0451232624374833,377.437143095814,62477752,-3.098357368610984,5.933404046469565,17.95032108333498,15.2,287.0413195899958,2.872213229841413,38.201781337298,-0.1027749229188024,0.2997753048046132,0.8445172306088837,7.173994928503857,High,27.93,0.0,0.0,22.2305,69.253,0.0,0.0,30.747
COD,"Congo, Dem. Rep.",2008,97.0,0.0449242144792916,393.3311824648217,64390664,-3.102778331623053,5.974651960466874,17.98047921162147,11.6,288.8061860717697,3.065734888613418,38.5997245210844,-0.2057613168724326,0.3011715989409376,0.842801789542756,-0.4411204940412361,High,27.93,0.0,0.0,22.2305,69.253,0.0,0.0,30.747
COD,"Congo, Dem. Rep.",2009,97.0,0.0423191311503678,383.515898271062,66412044,-3.162516022116196,5.949381075674413,18.01138898354046,12.3,288.4163350522881,2.741026805810276,38.9962670496049,0.0,0.2988287707794173,0.8439732036235161,-5.798840022288198,High,27.93,0.0,0.0,22.2305,69.253,0.0,0.0,30.747
COD,"Congo, Dem. Rep.",2010,96.8,0.0429619235950425,400.6195679730917,68563038,-3.147441053363045,5.993012268701493,18.043264142824,13.0,289.7738415795899,3.075180802669737,39.391363708294,-0.2061855670103085,0.3012397529372022,0.8417504185466583,1.5189169229178123,High,27.93,0.0,0.0,22.2305,69.253,0.0,0.0,30.747
COD,"Congo, Dem. Rep.",2011,96.2,0.0475516268605632,417.1304340459909,70849311,-3.045939276894345,6.033398964366942,18.07606579928304,13.7,297.445424445388,3.6925655321550033,39.7849692825859,-0.619834710743794,0.3056942965945203,0.836471264724103,10.683188464238835,High,27.93,0.0,0.0,22.2305,69.253,0.0,0.0,30.747
COD,"Congo, Dem. Rep.",2012,95.5,0.0411769262109864,438.4060582436327,73254618,-3.18987722293221,6.083145554524712,18.10945184824284,15.4,355.43995640956456,2.8844573777935034,40.1770385579151,-0.7276507276507305,0.2998636485698448,0.8358260597435618,-13.405851850809414,High,27.93,0.0,0.0,22.2305,69.253,0.0,0.0,30.747
COD,"Congo, Dem. Rep.",2013,93.9,0.0439415039531586,464.5267154604937,75789395,-3.124895985184049,6.141019071046704,18.1434689331729,15.2,357.44161500333394,4.2375266742842,40.5675263197158,-1.675392670157061,0.3096262908328301,0.8228063866283459,6.713900226565572,High,27.93,0.0,0.0,22.2305,69.253,0.0,0.0,30.747
COD,"Congo, Dem. Rep.",2014,92.9,0.0473985501773,481.8302418837761,78403242,-3.049163637725689,6.177591856753407,18.17737583650648,13.5,359.36809077092374,5.459297133658246,40.9563873534225,-1.064962726304575,0.3184415879896628,0.8133122680601025,7.867382572582549,High,27.93,0.0,0.0,22.2305,69.253,0.0,0.0,30.747
COD,"Congo, Dem. Rep.",2015,95.8,0.0443348733039091,495.8266330148833,81035531,-3.115983703853379,6.206226335413076,18.21039827077702,16.6,358.5432602336807,3.107860858027807,41.3435764444694,3.1216361679224924,0.3014755455092625,0.836546052270801,-6.463651022934047,High,27.93,0.0,0.0,22.2305,69.253,0.0,0.0,30.747
COD,"Congo, Dem. Rep.",2016,97.0,0.0356208635159088,480.4613778804748,83956415,-3.334823758968962,6.174746846158916,18.24580835310084,17.3,355.06772234784324,0.0,41.7290483782911,1.2526096033403045,0.2790517614216686,0.8538617083023905,-19.654978437103065,High,27.93,0.0,0.0,22.2305,69.253,0.0,0.0,30.747
COD,"Congo, Dem. Rep.",2017,96.7,0.0373745177008366,482.8546821285406,87083398,-3.28676615167999,6.17971574322527,18.28237681515864,18.0,344.2710769454437,0.0,42.1127579403217,-0.3092783505154628,0.2790517614216686,0.8523357673054425,4.923109694251493,High,27.93,0.0,0.0,22.2305,69.253,0.0,0.0,30.747
COD,"Congo, Dem. Rep.",2018,96.4,0.0462188660927097,495.3121057110268,90047644,-3.074367207264406,6.205188080464554,18.31584946600133,18.7,336.6430682177315,0.0,42.4946599159958,-0.3102378490175805,0.2790517614216686,0.8508098263084943,23.664113775775,High,27.93,0.0,0.0,22.2305,69.253,0.0,0.0,30.747
COD,"Congo, Dem. Rep.",2019,96.3,0.0478324083410493,482.5242951294715,92947442,-3.040051870455333,6.179031272111332,18.34754475158091,19.1,330.73190986828985,0.0,42.8747090907476,-0.1037344398340356,0.2790517614216686,0.8503011793095117,3.491090078027858,High,27.93,0.0,0.0,22.2305,69.253,0.0,0.0,30.747
COD,"Congo, Dem. Rep.",2020,96.2,0.0482487769194453,470.8529500009291,95989998,-3.031384800338215,6.154545837203365,18.37975455650421,20.1,370.5032665490658,0.0,43.2528602500115,-0.1038421599169225,0.2790517614216686,0.8497925323105289,0.870473791382631,High,27.93,0.0,0.0,22.2305,69.253,0.0,0.0,30.747
COD,"Congo, Dem. Rep.",2021,96.3,0.0466742294309332,485.1608059297844,99148932,-3.064563098936838,6.184480394602183,18.41213364131382,20.8,393.949173556287,0.0,43.6290681792218,0.1039501039501011,0.2790517614216686,0.8503011793095117,-3.2633935801955394,High,27.93,0.0,0.0,22.2305,69.253,0.0,0.0,30.747
COG,"Congo, Rep.",2000,64.9,1.431737877001725,2057.019220235511,3151345,0.358889004996841,7.629013233428219,14.96333990379702,29.4,225.6623037524352,26.17783552092387,58.8947380255871,0.0,0.4679296290023452,0.5961470878386037,0.0,Medium,27.93,0.0,0.0,22.2305,69.253,0.0,0.0,30.747
COG,"Congo, Rep.",2001,61.2,1.344186482841905,2056.165059226174,3272537,0.2957889845902863,7.628597905077443,15.00107608304299,30.3,243.3098741395733,29.358715205326902,59.4417859130405,-5.701078582434516,0.4908802572672575,0.5658518347437873,-6.11504351223604,Medium,27.93,0.0,0.0,22.2305,69.253,0.0,0.0,30.747
COG,"Congo, Rep.",2002,68.6,0.8533856834740423,2100.168767145736,3350771,-0.1585436842371959,7.649772985789889,15.0247010265747,31.2,239.2400085982832,24.254574120310654,59.9716066874511,12.091503267973836,0.454052946499023,0.6219053680526248,-36.51285038443491,Medium,27.93,0.0,0.0,22.2305,69.253,0.0,0.0,30.747
COG,"Congo, Rep.",2003,62.1,1.035071289207323,2058.886836750381,3445753,0.0344703028065015,7.629920745221342,15.05265301619405,32.1,274.5538382907495,32.505968916154856,60.4694583791889,-9.475218658892114,0.5135882679872964,0.5590756523746123,21.28997582823957,Medium,27.93,0.0,0.0,22.2305,69.253,0.0,0.0,30.747
COG,"Congo, Rep.",2004,63.1,1.015241951180658,2058.884029468958,3565554,0.0151269596342604,7.629919381725648,15.08682999947674,33.0,283.3819600244394,32.10942271179963,60.9205990186239,1.6103059581320522,0.5107271146495439,0.5655926990333155,-1.9157461165646537,Medium,27.93,0.0,0.0,22.2305,69.253,0.0,0.0,30.747
COG,"Congo, Rep.",2005,63.1,1.17157455930687,2140.036862002514,3696393,0.1583486212485415,7.668578333102364,15.12286803725979,33.8,293.7892800349557,33.33490987309433,61.310286636126,0.0,0.5195692284900038,0.5611716421130857,15.398556762199169,Medium,27.93,0.0,0.0,22.2305,69.253,0.0,0.0,30.747
COG,"Congo, Rep.",2006,69.3,1.255456481183007,2226.0233547376,3837409,0.2274992364763174,7.707972023576318,15.16030795724137,34.9,369.7079830108519,28.97117015437915,61.6237792620651,9.825673534072887,0.488084048896403,0.6084503458468137,7.159759591038184,Medium,27.93,0.0,0.0,22.2305,69.253,0.0,0.0,30.747
COG,"Congo, Rep.",2007,60.2,1.071416907218567,2004.10103961966,3980430,0.0689819848316877,7.602950879905648,15.1969004116257,35.8,316.0585933470429,35.2076876518827,61.8502563370293,-13.131313131313128,0.5330816624354034,0.5396646621698873,-14.659175903175935,Medium,27.93,0.0,0.0,22.2305,69.253,0.0,0.0,30.747
COG,"Congo, Rep.",2008,56.8,1.077472148528862,2061.558298805741,4113517,0.07461769442862,7.631217431546139,15.22978893831626,36.8,327.7868403682859,35.49446416665118,62.0354815675203,-5.6478405315614655,0.5351508074011281,0.521336091721613,0.5651620083179987,Medium,27.93,0.0,0.0,22.2305,69.253,0.0,0.0,30.747
COG,"Congo, Rep.",2009,55.9,1.14836451954455,2211.315723820279,4281219,0.1383387732324179,7.701342967506131,15.26974834009054,37.1,359.4053551695627,40.27541464096049,62.2172294650265,-1.5845070422535137,0.5696462388463516,0.4995105530081569,6.579508445993842,Medium,27.93,0.0,0.0,22.2305,69.253,0.0,0.0,30.747
COG,"Congo, Rep.",2010,54.5,1.185848521723151,2332.285080559529,4462290,0.1704585704311611,7.754603787237018,15.3111726451392,40.0,402.966040477004,39.20737855349613,62.3922871058739,-2.5044722719141266,0.5619401632795525,0.4962425328057985,3.2641205419222885,Medium,27.93,0.0,0.0,22.2305,69.253,0.0,0.0,30.747
COG,"Congo, Rep.",2011,64.3,1.052427433833349,2307.493843997152,4609724,0.0510993377208536,7.743917298549896,15.3436785433324,40.8,456.0986241785604,38.85742506730831,62.5597508130231,17.98165137614678,0.5594151849187272,0.5473524278865163,-11.251107156243556,Medium,27.93,0.0,0.0,22.2305,69.253,0.0,0.0,30.747
COG,"Congo, Rep.",2012,65.1,0.9449313883703024,2467.061029068389,4740450,-0.0566429590234084,7.810782854394589,15.37164262587392,41.6,602.5147160376398,37.15574492360896,62.7187169094345,1.244167962674947,0.5471372516805336,0.5575605704974748,-10.214105220680558,Medium,27.93,0.0,0.0,22.2305,69.253,0.0,0.0,30.747
COG,"Congo, Rep.",2013,62.3,1.119845405662927,2390.657549386617,4857099,0.1131906451217947,7.779323732351907,15.39595190407259,42.5,493.8260776035943,45.53653116915376,62.8682817180686,-4.3010752688172005,0.6076061561261561,0.5130840023031478,18.510763791463635,Medium,27.93,0.0,0.0,22.2305,69.253,0.0,0.0,30.747
COG,"Congo, Rep.",2014,62.1,1.060536025788403,2488.681185489924,4975880,0.0587744650145932,7.819508204766065,15.42011279735473,43.4,543.8435260094516,39.31399250478758,63.0075415618859,-0.3210272873194197,0.5627094024230327,0.5345150851567442,-5.29621138548263,Medium,27.93,0.0,0.0,22.2305,69.253,0.0,0.0,30.747
COG,"Congo, Rep.",2015,64.2,1.128103702520862,2439.351894036956,5097581,0.1205380837090376,7.799487665806782,15.44427667144673,44.3,572.2558354384776,7.074613539227283,63.135592763847,3.3816425120772875,0.3300963910732905,0.661503177810252,6.371087364262729,High,27.93,0.0,0.0,22.2305,69.253,0.0,0.0,30.747
COG,"Congo, Rep.",2016,67.7,1.070437810289867,2174.193102512243,5222536,0.0680677332824159,7.684412887339259,15.46849366563946,45.3,583.8455657416224,0.0,63.2515316469123,5.451713395638635,0.2790517614216686,0.7048281376004577,-5.111754540130898,High,27.93,0.0,0.0,22.2305,69.253,0.0,0.0,30.747
COG,"Congo, Rep.",2017,69.8,1.033673823507371,2003.271210751872,5351011,0.0331192751676432,7.602536728772285,15.49279607298185,46.2,552.5180282406166,0.0,63.3544545340423,3.101920236336775,0.2790517614216686,0.7155097245790945,-3.43448133362746,High,27.93,0.0,0.0,22.2305,69.253,0.0,0.0,30.747
COG,"Congo, Rep.",2018,70.6,1.171231405196824,1909.956038211705,5483118,0.1580556784118751,7.554835504132702,15.51718447521972,47.0,486.78124567493353,0.0,63.4434577481975,1.1461318051575908,0.2790517614216686,0.7195789005709561,13.307639079289512,High,27.93,0.0,0.0,22.2305,69.253,0.0,0.0,30.747
COG,"Congo, Rep.",2019,69.8,1.288915246976807,1885.510808777312,5616661,0.2538009708076224,7.541954049260773,15.54124791719195,47.7,553.0783531580292,0.0,63.5176376123385,-1.1331444759206777,0.2790517614216686,0.7155097245790945,10.04787279933006,High,27.93,0.0,0.0,22.2305,69.253,0.0,0.0,30.747
COG,"Congo, Rep.",2020,71.4,1.28685363330599,1725.510400499626,5752791,0.2522001951116071,7.453278170047928,15.56519568631363,48.7,565.3874182277733,0.0,63.5760904494257,2.292263610315204,0.2790517614216686,0.7236480765628179,-0.1599495137987294,High,27.93,0.0,0.0,22.2305,69.253,0.0,0.0,30.747
COG,"Congo, Rep.",2021,71.4,1.206344066367253,1701.790604568719,5892183,0.1875943531112072,7.439436272521569,15.58913711514547,49.7,581.8181544741855,0.0,63.6179125824196,0.0,0.2790517614216686,0.7236480765628179,-6.256311118452828,High,27.93,0.0,0.0,22.2305,69.253,0.0,0.0,30.747
COL,Colombia,2000,27.9,1.622320467463568,4016.809517481673,39089934,0.4838575116793352,8.298243214136548,17.48137554935635,95.2,674.7893730143034,74.38894052873374,74.3493570179247,0.0,0.8157815627615284,0.2340217313354108,0.0,Low,75.356,0.023,0.0,74.165,24.644,4.859,19.271,75.356
COL,Colombia,2001,27.1,1.58737525769177,4020.50789754842,39709262,0.462081870865354,8.299163516306239,17.49709501819537,98.5,663.4577831162688,74.81922776823721,74.7938371677676,-2.8673835125447966,0.8188861638344336,0.2284002548070965,-2.1540263143220773,Low,74.154,0.023,0.0,72.972,25.846,5.169,20.144,74.154
COL,Colombia,2002,28.6,1.502462015817609,4058.284935787379,40324680,0.4071051064538265,8.308515733738236,17.51247424642019,94.9,640.5343974672608,73.13337712402883,75.192444355543,5.535055350553497,0.8067224433280885,0.2421118200450096,-5.349285965162065,Low,76.336,0.022,0.0,75.218,23.664,4.854,18.296,76.336
COL,Colombia,2003,30.6,1.466902086108046,4154.175285236175,40937429,0.3831527526307173,8.331869200280556,17.52755533700709,95.1,644.2137900550961,72.18095572823421,75.5341828570154,6.9930069930070005,0.7998505488915865,0.2557207072429148,-2.3667772852288715,Low,78.615,0.022,0.0,77.511,21.385,6.082,14.784,78.615
COL,Colombia,2004,29.0,1.446560254151037,4311.915912552334,41543171,0.3691884997002986,8.369137611599138,17.54224370956042,95.3,638.2568746043869,73.46617924602116,75.8080569479496,-5.228758169934644,0.8091236714616366,0.2429457939741664,-1.3867205009558292,Low,81.512,0.02,0.101,80.438,18.488,3.771,14.21,81.512
COL,Colombia,2005,28.9,1.469019767558087,4457.275374604425,42128977,0.3845953535736923,8.40229295578205,17.55624635167605,96.8,659.0175127930736,74.06327717779789,76.004938901378,-0.3448275862068972,0.8134318421658444,0.2402830616230798,1.5526151325256254,Low,80.016,0.02,0.1,78.895,19.984,4.666,14.818,80.016
COL,Colombia,2006,30.6,1.383188114876633,4694.034429391747,42691084,0.324391062866391,8.4540477111501,17.56950065077531,95.7,685.3914316494704,73.23621132546647,76.1619191918164,5.882352941176472,0.8074644108855811,0.2519137762459175,-5.842784050763983,Low,80.446,0.019,0.112,79.321,19.554,5.324,13.836,80.446
COL,Colombia,2007,31.0,1.416548403166352,4947.252608131083,43235374,0.3482232106656873,8.506587672816924,17.58216956073824,96.0,671.9740107635358,72.45416121730261,76.3144038775849,1.3071895424836557,0.8018217764266258,0.2567696814713259,2.411840293515999,Low,81.383,0.018,0.091,80.307,18.617,6.187,11.991,81.383
COL,Colombia,2008,30.8,1.398520727529872,5048.571872452488,43758808,0.3354150548084435,8.52686068474048,17.59420347621888,96.8,698.4986350694493,72.6526623012143,76.4596761810047,-0.6451612903225823,0.8032539980253798,0.2550362766739835,-1.272648050443137,Low,83.886,0.018,0.09,82.805,16.114,5.263,10.382,83.886
COL,Colombia,2009,31.4,1.475473826402383,5046.971217577268,44271541,0.3889791764447314,8.526543583446502,17.60585261322832,96.1,721.7237995544542,74.28645206169291,76.5964145836792,1.9480519480519431,0.8150420897408958,0.2521941128101218,5.502463950493519,Low,72.687,0.018,0.106,71.612,27.313,7.348,19.278,72.687
COL,Colombia,2010,30.6,1.522000457419078,5214.245476201313,44777319,0.4200255599776082,8.559149673592595,17.61721229686468,96.8,708.4621189194311,75.69099403996316,76.7232975672119,-2.547770700636931,0.8251761168101385,0.2430579232836388,3.1533348937906824,Low,70.513,0.017,0.066,66.412,29.487,6.708,19.874,70.513
COL,Colombia,2011,29.6,1.616635528531021,5517.101108689902,45259614,0.4803471553933312,8.615607839856338,17.62792566963131,96.7,718.5391257998091,72.76355584603364,76.839003613206,-3.26797385620915,0.8040541152183079,0.248532454089727,6.217808322634788,Low,81.75,0.016,0.065,78.428,18.25,3.647,12.382,81.75
COL,Colombia,2012,29.6,1.610005378883148,5675.756179783048,45715810,0.4762375199120005,8.6439590810118,17.63795474789684,97.0,690.2239370748543,75.52811514689421,76.942211203265,0.0,0.8240009158286756,0.2385590537845431,-0.4101202485570443,Low,77.894,0.016,0.079,74.707,22.106,5.328,14.256,77.894
COL,Colombia,2013,32.0,1.812178320900102,5910.805923011661,46151584,0.594529613871505,8.684537467094968,17.64744184118436,97.8,890.9950336505136,62.82368730430703,77.0315988189922,8.108108108108091,0.7323361470657098,0.296598966141611,12.557283638219886,Low,69.215,0.014,0.082,67.691,30.785,8.217,20.895,69.215
COL,Colombia,2014,32.1,1.823644747265187,6121.839820198248,46565429,0.6008371069290919,8.719617954543367,17.65636895682362,97.8,896.8197379761775,62.44902301032639,77.1058449419909,0.3125000000000044,0.7296328757104779,0.2984592488182097,0.6327427181332723,Low,69.089,0.014,0.099,67.059,30.911,7.749,20.21,69.089
COL,Colombia,2015,31.1,1.835567599192164,6248.514905345122,46969940,0.6073537520383245,8.740099099350715,17.66501838059125,98.2,899.7464054760321,27.28970099102185,77.1636280538646,-3.1152647975077885,0.4759519415751641,0.4202132458960395,0.6537924639575143,Medium,63.345,0.013,0.09,61.485,36.655,9.055,23.022,63.345
COL,Colombia,2016,30.5,1.865475153924599,6316.070677825417,47437512,0.623515794868643,8.750852565595602,17.67492386608452,98.4,923.3806461332564,0.0,77.2036266362166,-1.9292604501607744,0.2790517614216686,0.5156114539788911,1.629335511565877,Medium,65.616,0.013,0.066,63.621,34.384,8.113,20.874,65.616
COL,Colombia,2017,32.2,1.68289187289759,6309.677452925182,48131078,0.5205136665004333,8.749839837418161,17.68943863870144,98.5,870.7645988479564,0.0,77.2245191706503,5.573770491803298,0.2790517614216686,0.5242584529615971,-9.787494657481188,Medium,79.1,0.013,0.0,77.278,20.9,4.014,14.031,79.1
COL,Colombia,2018,30.4,1.741916000511173,6353.546428539201,49024465,0.5549856571248429,8.75676842867108,17.70783001718755,98.5,829.434495650998,0.0,77.2804816598084,-5.590062111801252,0.2790517614216686,0.5151028069799084,3.507303622065483,Medium,76.333,0.026,0.051,74.402,23.667,5.779,14.857,76.333
COL,Colombia,2019,31.5,1.724387390114027,6439.963598126466,49907985,0.5448718512417592,8.770278166617588,17.72569156795998,99.4,899.5526474632326,0.0,77.4595528518377,3.618421052631593,0.2790517614216686,0.5206979239687182,-1.0062833335248156,Medium,69.485,0.165,0.076,67.251,30.515,10.32,16.705,69.485
COL,Colombia,2020,32.0,1.66507219030647,5891.955232154031,50629997,0.5098684800339195,8.681343179480681,17.74005478469268,99.7,814.0277172974334,0.0,77.6382533537045,1.5873015873015817,0.2790517614216686,0.5232411589636317,-3.439783899349591,Medium,65.325,0.244,0.013,62.302,34.675,11.73,19.537,65.325
COL,Colombia,2021,29.7,1.800578035867778,6457.169218070858,51188173,0.5881077443882378,8.772946299201278,17.75101906723228,100.0,880.4662043073895,0.0,77.8339570326128,-7.187500000000002,0.2790517614216686,0.5115422779870294,8.138136373316463,Medium,75.071,0.391,0.071,71.954,24.929,5.263,16.311,75.071
COM,Comoros,2000,69.9,0.1680719295627518,1150.82840106354,536080,-1.783363239050623,7.048237310781568,13.19203868264705,39.8,58.54962252713948,0.0,28.0360512192055,0.0,0.4916618178880346,0.6097133433448942,0.0,Medium,0.0,0.0,0.0,0.0,100.0,0.0,0.0,0.0
COM,Comoros,2001,69.5,0.1774423449435328,1188.501070493566,547220,-1.729109540050739,7.080448187509616,13.21260619433015,42.0,58.54962252713948,0.0,27.9902886596605,-0.5722460658083017,0.4916618178880346,0.6076787553489634,5.57524115130863,Medium,0.0,0.0,0.0,0.0,100.0,0.0,0.0,0.0
COM,Comoros,2002,70.3,0.179631183544066,1217.115015599429,558923,-1.716849510434667,7.104238595998911,13.23376699667443,44.8,58.54962252713948,0.0,27.9586267103537,1.151079136690636,0.4916618178880346,0.6117479313408251,1.233549185359184,Medium,0.0,0.0,0.0,0.0,100.0,0.0,0.0,0.0
COM,Comoros,2003,64.4,0.2288530321271749,1216.980367129485,569798,-1.474675262561585,7.104127960671276,13.25303719103627,46.5,58.54962252713948,0.0,27.9448864609618,-8.39260312944522,0.4916618178880346,0.5817377584008454,27.401616808383444,Medium,0.0,0.0,0.0,0.0,100.0,0.0,0.0,0.0
COM,Comoros,2004,63.5,0.241431090538381,1231.147467988489,580704,-1.421171185992124,7.115701914288604,13.27199643957475,48.7,58.54962252713948,0.0,27.9596300229124,-1.3975155279503215,0.2790517614216686,0.683464963643184,5.496129238181302,High,0.0,0.0,0.0,0.0,100.0,0.0,0.0,0.0
COM,Comoros,2005,65.7,0.228961137347999,1274.614366297404,592677,-1.474202995733508,7.150398954036981,13.29240484155647,51.0,62.4286078251729,0.0,28.016895208368,3.464566929133861,0.2790517614216686,0.6946551976208035,-5.165015476082447,High,0.0,0.0,0.0,0.0,100.0,0.0,0.0,0.0
COM,Comoros,2006,61.8,0.2673818897963301,1227.24636392125,604753,-1.319077343622344,7.112528210148073,13.31257538918754,53.2,69.44984150554028,0.0,28.1143215973031,-5.936073059360735,0.2790517614216686,0.674817964660478,16.78046890111977,High,0.0,0.0,0.0,0.0,100.0,0.0,0.0,0.0
COM,Comoros,2007,74.4,0.1736023873164896,1212.696290848963,616927,-1.750987725027346,7.100601499068939,13.33250598146319,55.5,66.45843025187746,0.0,28.2493321448949,20.38834951456312,0.2790517614216686,0.7389074865322991,-35.073243947551624,High,0.0,0.0,0.0,0.0,100.0,0.0,0.0,0.0
COM,Comoros,2008,73.4,0.1693926811556204,1235.972471873742,629307,-1.775535702209801,7.119613365822802,13.35237449292368,57.8,66.45843025187746,0.0,28.4193498063202,-1.3440860215053752,0.4916618178880346,0.6275159883092889,-2.4249125982320874,Medium,0.0,0.0,0.0,0.0,100.0,0.0,0.0,0.0
COM,Comoros,2009,68.5,0.2067148845621212,1250.900353442265,641947,-1.576414804426854,7.131618853771031,13.37226102474715,60.1,66.45843025187746,0.0,28.6217975367563,-6.675749318801094,0.4916618178880346,0.6025922853591363,22.03294921119588,Medium,0.0,0.0,0.0,0.0,100.0,0.0,0.0,0.0
COM,Comoros,2010,66.0,0.2380748767630369,1272.606506647047,654836,-1.435170046541406,7.148822443662445,13.39214010158727,69.7,66.45843025187746,0.0,28.8540982913801,-3.649635036496346,0.4916618178880346,0.5898761103845687,15.170650273851717,Medium,0.0,0.0,0.0,0.0,100.0,0.0,0.0,0.0
COM,Comoros,2011,69.0,0.2107607745458465,1299.110990219218,668056,-1.557031558634299,7.16943545583752,13.41212728134038,69.3,66.45843025187746,0.0,29.1136750253686,4.545454545454541,0.4916618178880346,0.6051355203540498,-11.472904066386205,Medium,0.0,0.0,0.0,0.0,100.0,0.0,0.0,0.0
COM,Comoros,2012,68.3,0.213312207502604,1313.581249374402,681630,-1.544998423531603,7.180512464368516,13.43224226761316,69.3,66.45843025187746,0.0,29.397950693899,-1.0144927536231974,0.4916618178880346,0.601574991361171,1.2105824540906251,Medium,0.0,0.0,0.0,0.0,100.0,0.0,0.0,0.0
COM,Comoros,2013,63.6,0.2507928847214562,1343.545117104701,696192,-1.383127840954939,7.203067009259239,13.45338076334258,69.4,66.45843025187746,0.0,29.7043482521482,-6.8814055636896025,0.4916618178880346,0.5776685824089838,17.570807436510492,Medium,0.0,0.0,0.0,0.0,100.0,0.0,0.0,0.0
COM,Comoros,2014,68.0,0.2171459572201382,1342.328024213636,711503,-1.52718553762735,7.202160717032962,13.47513491294729,71.8,66.45843025187746,0.0,30.0302906552932,6.91823899371069,0.4916618178880346,0.6000490503642228,-13.416220934133785,Medium,0.0,0.0,0.0,0.0,100.0,0.0,0.0,0.0
COM,Comoros,2015,67.0,0.2355913590814138,1329.37048235986,726682,-1.445656504102193,7.192460787629862,13.49624424679197,74.1,66.45843025187746,0.0,30.3732008585112,-1.4705882352941124,0.4916618178880346,0.5949625803743958,8.494471689646055,Medium,0.0,0.0,0.0,0.0,100.0,0.0,0.0,0.0
COM,Comoros,2016,64.0,0.2701751689605941,1345.625557393058,741741,-1.308684756418461,7.204614282344687,13.51675540461131,76.4,66.45843025187746,0.0,30.7305018169792,-4.477611940298509,0.4916618178880346,0.5797031704049146,14.67957484265334,Medium,0.0,0.0,0.0,0.0,100.0,0.0,0.0,0.0
COM,Comoros,2017,59.5,0.3445363824869263,1369.41038262485,756669,-1.065555584563568,7.222135548537035,13.53668118448516,78.7,66.45843025187746,0.0,31.0996559689293,-7.03125,0.4916618178880346,0.5568140554506928,27.523333773570435,Medium,0.0,0.0,0.0,0.0,100.0,0.0,0.0,0.0
COM,Comoros,2018,57.7,0.2686660013737866,1391.846204610116,771590,-1.314286301422913,7.238386349596544,13.55620859984678,81.0,66.45843025187746,0.0,31.4073645195839,-3.025210084033614,0.4916618178880346,0.5476584094690041,-22.021007060413623,Medium,0.0,0.0,0.0,0.0,100.0,0.0,0.0,0.0
COM,Comoros,2019,55.3,0.2873205200247146,1389.364306438046,786578,-1.247156891862394,7.236601588018069,13.57544717011682,83.3,66.45843025187746,0.0,31.7287584068243,-4.159445407279039,0.4916618178880346,0.5354508814934191,6.943386418653885,Medium,0.0,0.0,0.0,0.0,100.0,0.0,0.0,0.0
COM,Comoros,2020,50.8,0.3349693266829809,1359.70624686714,802163,-1.093716313489495,7.215023960449196,13.59506710809308,85.6,66.45843025187746,0.0,32.0638072194881,-8.137432188065096,0.4916618178880346,0.5125617665391974,16.58385090426806,Medium,0.0,0.0,0.0,0.0,100.0,0.0,0.0,0.0
COM,Comoros,2021,41.2,0.4854713056146981,1359.762420211587,818174,-0.7226350957477582,7.215065272448952,13.61483030690091,87.9,66.45843025187746,0.0,32.4124444313246,-18.89763779527558,0.4916618178880346,0.4637316546368576,44.9300777542996,Medium,0.0,0.0,0.0,0.0,100.0,0.0,0.0,0.0
COM,Comoros,2022,39.3,0.5152315784930975,1368.374188533599,834188,-0.6631388124114102,7.22137859040991,13.63421407560196,89.9,66.45843025187746,0.0,32.7746035528748,-4.611650485436902,0.4916618178880346,0.4540673616561862,6.130181647032118,Medium,0.0,0.0,0.0,0.0,100.0,0.0,0.0,0.0
CPV,Cabo Verde,2000,27.9,0.6181105054520346,2037.317209127139,453317,-0.4810880260982419,7.619389127778704,13.02434693898329,58.6,185.66034587062185,0.0,53.9332149202283,0.0,0.4916618178880346,0.3960816037721577,0.0,Medium,27.93,0.0,0.0,22.2305,69.253,0.0,0.0,30.747
CPV,Cabo Verde,2001,26.0,0.705637496116604,2051.217338881015,460293,-0.3486536349466512,7.62618871973324,13.03961852221631,60.3,185.66034587062185,0.0,54.7762172320995,-6.810035842293905,0.4916618178880346,0.3864173107914863,14.160411430082288,Medium,27.93,0.0,0.0,22.2305,69.253,0.0,0.0,30.747
CPV,Cabo Verde,2002,26.0,0.7735854712383792,2127.708722965024,467046,-0.2567191157350546,7.662800962786934,13.05418303287079,58.6,185.66034587062185,0.0,55.5703407979481,0.0,0.4916618178880346,0.3864173107914863,9.629303359829834,Medium,27.93,0.0,0.0,22.2305,69.253,0.0,0.0,30.747
CPV,Cabo Verde,2003,24.8,0.767243437132301,2186.895004227646,473383,-0.2649511392728001,7.69023801048344,13.06766006498207,63.7,185.66034587062185,0.0,56.3297071979641,-4.61538461538461,0.4916618178880346,0.3803135468036938,-0.819823321646107,Medium,27.93,0.0,0.0,22.2305,69.253,0.0,0.0,30.747
CPV,Cabo Verde,2004,24.4,0.8125247720967104,2379.796362241347,479370,-0.2076088765086038,7.774770200921409,13.08022802080154,65.4,185.66034587062185,0.0,57.0677167011018,-1.6129032258064613,0.2790517614216686,0.4845839870409459,5.9018210874055566,Medium,27.93,0.0,0.0,22.2305,69.253,0.0,0.0,30.747
CPV,Cabo Verde,2005,23.9,1.251868113746225,2514.167792553269,485115,0.2246369266709244,7.829697130182018,13.09214125521474,67.0,204.0753223462478,0.0,57.7977695763157,-2.049180327868849,0.2790517614216686,0.4820407520460325,54.071378096669534,Medium,27.93,0.0,0.0,22.2305,69.253,0.0,0.0,30.747
CPV,Cabo Verde,2006,21.2,1.346163251332714,2683.839438568925,490728,0.2972585101478263,7.895003674606552,13.103645281791,68.8,207.8544529759867,0.0,58.5332660925599,-11.297071129707115,0.2790517614216686,0.4683072830734994,7.532353971722294,Medium,27.93,0.0,0.0,22.2305,69.253,0.0,0.0,30.747
CPV,Cabo Verde,2007,21.0,1.50950240835164,3056.971028511544,496190,0.4117800656266433,8.025179844747969,13.11471419687271,70.5,207.58177311110663,0.0,59.287606518789,-0.943396226415094,0.2790517614216686,0.467289989075534,12.133681175534882,Medium,27.93,0.0,0.0,22.2305,69.253,0.0,0.0,30.747
CPV,Cabo Verde,2008,23.8,1.446878958023756,3238.441592874976,501355,0.3694087938558946,8.082847503220247,13.12506971197504,72.3,207.58177311110663,0.0,60.0741911239572,13.33333333333333,0.4916618178880346,0.3752270768138668,-4.148615463043093,Medium,27.93,0.0,0.0,22.2305,69.253,0.0,0.0,30.747
CPV,Cabo Verde,2009,22.1,1.399017269891196,3159.586986939774,506141,0.3357700400611878,8.05819659770341,13.13457056557868,74.1,207.58177311110663,0.0,60.906420177019,-7.14285714285714,0.4916618178880346,0.3665800778311607,-3.30792619984831,Medium,27.93,0.0,0.0,22.2305,69.253,0.0,0.0,30.747
CPV,Cabo Verde,2010,21.2,1.470819013542991,3194.616677342327,509784,0.3858193977091182,8.069222383821264,13.14174238557483,81.1,207.58177311110663,0.0,61.7974262732302,-4.072398190045257,0.4916618178880346,0.3620022548403164,5.132298592524109,Medium,27.93,0.0,0.0,22.2305,69.253,0.0,0.0,30.747
CPV,Cabo Verde,2011,20.8,1.704379925974735,3309.201216438979,511447,0.5332013648077363,8.104462114909028,13.14499924219193,82.3,207.58177311110663,0.0,62.7419929036884,-1.8867924528301767,0.4916618178880346,0.3599676668443856,15.87965006443106,Medium,27.93,0.0,0.0,22.2305,69.253,0.0,0.0,30.747
CPV,Cabo Verde,2012,24.3,1.461065913996347,3341.742105483601,511955,0.3791662474225768,8.114247538458907,13.14599200953404,83.2,207.58177311110663,0.0,63.7260454520996,16.826923076923084,0.4916618178880346,0.3777703118087803,-14.27580836116904,Medium,27.93,0.0,0.0,22.2305,69.253,0.0,0.0,30.747
CPV,Cabo Verde,2013,25.9,1.428083361803895,3361.093877022051,512225,0.3563332388269162,8.120021758612051,13.1465192606154,84.3,207.58177311110663,0.0,64.7486207521826,6.584362139917688,0.4916618178880346,0.3859086637925035,-2.257430816535666,Medium,27.93,0.0,0.0,22.2305,69.253,0.0,0.0,30.747
CPV,Cabo Verde,2014,26.1,1.510952011024231,3383.842280979095,512326,0.4127399230405401,8.12676711236428,13.14671642015226,85.3,207.58177311110663,0.0,65.8085112712742,0.7722007722007929,0.4916618178880346,0.386925957790469,5.802787948993382,Medium,27.93,0.0,0.0,22.2305,69.253,0.0,0.0,30.747
CPV,Cabo Verde,2015,26.4,1.543343598871181,3415.062667309312,512394,0.433951230944314,8.13595112243954,13.14684913933428,86.4,207.58177311110663,0.0,66.9045094767116,1.1494252873563091,0.4916618178880346,0.3884518987874171,2.1437866729461907,Medium,27.93,0.0,0.0,22.2305,69.253,0.0,0.0,30.747
CPV,Cabo Verde,2016,23.9,1.62012197739165,3560.140072953397,512554,0.482501441095994,8.177555169407253,13.14716135029777,87.5,207.58177311110663,0.0,68.0354078358316,-9.469696969696972,0.4916618178880346,0.3757357238128495,4.974807850735608,Medium,27.93,0.0,0.0,22.2305,69.253,0.0,0.0,30.747
CPV,Cabo Verde,2017,21.8,1.731550245372817,3719.713060479148,512893,0.5490171028469468,8.221401810012392,13.14782252539965,88.6,207.58177311110663,0.0,69.1999988159713,-8.786610878661083,0.4916618178880346,0.3650541368342126,6.877770287430041,Medium,27.93,0.0,0.0,22.2305,69.253,0.0,0.0,30.747
CPV,Cabo Verde,2018,21.9,1.550597469883038,3853.679400352415,513415,0.438640321099493,8.25678365930564,13.14883976397718,90.2,207.58177311110663,0.0,70.3970748844677,0.4587155963302614,0.4916618178880346,0.3655627838331953,-10.45033350740674,Medium,27.93,0.0,0.0,22.2305,69.253,0.0,0.0,30.747
CPV,Cabo Verde,2019,19.7,1.629825871808039,4115.90283469406,514104,0.488473182000616,8.322613489944018,13.15018085860076,91.4,207.58177311110663,0.0,71.6254285086577,-10.04566210045662,0.4916618178880346,0.3543725498555758,5.109540255536293,Medium,27.93,0.0,0.0,22.2305,69.253,0.0,0.0,30.747
CPV,Cabo Verde,2020,23.4,1.220760901455082,3255.936289840575,514679,0.1994743540488451,8.088235159928715,13.15129868434219,93.7,207.58177311110663,0.0,72.8838521558784,18.781725888324875,0.4916618178880346,0.3731924888179359,-25.098691671838715,Medium,27.93,0.0,0.0,22.2305,69.253,0.0,0.0,30.747
CPV,Cabo Verde,2021,22.6,1.254042880175903,3471.655342178596,516649,0.2263726363437287,8.152386803047161,13.15511900609432,95.5,207.58177311110663,0.0,74.1607930892827,-3.4188034188034067,0.4916618178880346,0.3691233128260743,2.7263306582927527,Medium,27.93,0.0,0.0,22.2305,69.253,0.0,0.0,30.747
CPV,Cabo Verde,2022,21.8,1.308536367152101,3997.767632506533,519741,0.2689092356107107,8.293491392437424,13.16108588955302,97.1,207.58177311110663,0.0,75.033738060849,-3.539823008849563,0.4916618178880346,0.3650541368342126,4.345424533533837,Medium,27.93,0.0,0.0,22.2305,69.253,0.0,0.0,30.747
CUB,Cuba,2000,34.4,2.610101314155798,4112.261683506707,11109109,0.9593890382654288,8.321728444095221,16.22327596037998,97.0,1076.535339458295,75.51259212883876,75.635383605957,0.0,0.8238889144163976,0.2630301104418521,0.0,Low,6.853,0.0,0.0,0.599,93.147,0.0,8.716,6.853
CUB,Cuba,2001,34.0,2.496677175037051,4229.903094333557,11144132,0.9149607178122612,8.349934362636901,16.22642363931061,96.2,1048.45762651591,74.27336059215885,75.887565612793,-1.1627906976744096,0.8149476323955925,0.2654661634563238,-4.345583771158412,Low,6.536,0.0,0.0,0.458,93.464,0.0,8.235,6.536
CUB,Cuba,2002,34.8,2.376693794577603,4277.39565642359,11177418,0.8657103599612286,8.361099611879945,16.22940605089696,95.5,970.8465117119356,77.61404917626365,75.8514891112497,2.35294117647058,0.8390513110787472,0.2574835001066081,-4.805722648450428,Low,6.628,0.0,0.0,0.637,93.372,0.0,7.776,6.628
CUB,Cuba,2003,33.6,2.301438000646423,4426.965995918332,11209383,0.83353414524032,8.39546975163608,16.23226175339085,96.5,963.215606214526,80.4410637631581,75.8636638735113,-3.44827586206895,0.8594487379922633,0.2411810226620575,-3.1664068001892143,Low,5.376,0.0,0.0,0.822,94.624,0.0,10.183,5.376
CUB,Cuba,2004,33.8,2.252633654472079,4670.188021380245,11238756,0.812100044798678,8.448954611389995,16.23487872014818,96.6,936.6494499046069,80.82081457111295,75.917681659226,0.5952380952380931,0.8621887094754374,0.2408283309184359,-2.120602256529869,Low,5.627,0.0,0.0,0.575,94.373,0.0,11.957,5.627
CUB,Cuba,2005,26.3,2.326790175656428,5182.352836017325,11262554,0.8444897107902812,8.553014447576277,16.23699397555982,96.8,897.3691560044018,85.5401850150998,76.0033319545493,-22.189349112426022,0.8962398297474334,0.1856542458587349,3.2919920661368174,Low,3.192,0.0,0.0,0.456,96.808,0.0,12.638,3.192
CUB,Cuba,2006,22.0,2.375331935399497,5799.411636686153,11278550,0.8651371899942404,8.665511749438265,16.23841324967214,96.9,910.0033849873698,87.42774560788091,76.1121531072403,-16.349809885931567,0.9098589243975184,0.1569728775774362,2.0862113073592647,Low,3.036,0.0,0.0,0.546,96.964,0.0,13.54,3.036
CUB,Cuba,2007,18.6,2.446233243958328,6215.766037277716,11287272,0.8945493900197955,8.73484425254854,16.23918627716782,97.1,871.1179407986829,87.64581169628846,76.2356834650585,-15.454545454545444,0.9114323110794368,0.1388921862710649,2.9849010785478525,Low,3.01,0.0,0.0,0.681,96.99,0.0,14.14,3.01
CUB,Cuba,2008,18.7,2.361766037931016,6469.085078476681,11291762,0.859409660342056,8.774789967677503,16.23958399126482,97.3,928.466364196819,89.27713720671,76.365461375763,0.5376344086021501,0.9232026227804212,0.1335156774195554,-3.4529498050084984,Low,3.959,0.0,0.057,0.792,96.041,0.0,14.367,3.959
CUB,Cuba,2009,19.0,2.385406843676235,6561.253050930061,11294719,0.8693696941430711,8.7889368775586,16.23984582931005,97.6,900.4555724364811,97.93387856669676,76.4930251871133,1.6042780748663166,0.9856625938106786,0.1038116329013748,1.0009800024869842,Low,3.892,0.0,0.0,0.846,96.108,0.0,13.424,3.892
CUB,Cuba,2010,15.6,2.494510024378156,6716.490484970583,11297409,0.9140923269030456,8.812321047837221,16.24008396535573,97.8,977.391285791928,96.40850676577006,76.6099132468685,-17.894736842105264,0.4916618178880346,0.3335180228972849,4.573776628131854,Medium,3.276,0.0,0.057,0.575,96.724,0.0,13.046,3.276
CUB,Cuba,2011,19.2,2.45522503021925,6902.163975711391,11301571,0.898218419049547,8.8395902610853,16.24045230056795,98.0,948.0272256039184,94.88313496484334,76.707663902788,23.076923076923084,0.9636509211652112,0.1158347632220739,-1.574858139473656,Low,3.211,0.0,0.113,0.563,96.789,0.0,11.549,3.211
CUB,Cuba,2012,19.4,2.555795163748239,7109.248341856352,11303175,0.9383633939253334,8.86915179876374,16.24059421766825,98.3,968.1466306602524,95.8531447659896,76.7776920066844,1.041666666666674,0.9706497191608064,0.1133526582222417,4.096167654335448,Low,3.744,0.054,0.109,0.597,96.256,0.0,11.34,3.744
CUB,Cuba,2013,18.2,2.568761817735568,7307.820044107413,11298167,0.943423999830148,8.896700292688335,16.24015105813534,98.5,919.5346538085956,97.1423767597215,76.81640625,-6.185567010309279,0.9799517636173936,0.1025978720061556,0.5073432398358779,Low,4.883,0.571,0.104,0.675,95.117,0.0,10.338,4.883
CUB,Cuba,2014,23.2,2.384027680863742,7392.483246330271,11285775,0.868791360236258,8.908218985417708,16.23905364110835,98.7,938.1120977342896,94.58487182529667,76.8442459106445,27.472527472527464,0.9614988981024004,0.1372566547127875,-7.191563483868436,Low,4.375,0.463,0.103,0.515,95.625,0.0,14.359,4.375
CUB,Cuba,2015,21.1,2.611168982174382,7727.919972079983,11275065,0.9597980069542232,8.952595020259022,16.23810420830314,99.0,958.5026523264212,14.348091194430395,76.8702850341797,-9.051724137931028,0.3825758616663573,0.4160365859521723,9.52762852268334,Medium,4.414,0.638,0.098,0.245,95.586,0.0,14.468,4.414
CUB,Cuba,2016,19.2,2.423685459786828,7774.0698462623,11265612,0.8852892989733901,8.95854909596948,16.23726545793604,99.2,941.599587735624,0.0,76.9115829467773,-9.004739336492895,0.2790517614216686,0.4581343430938452,-7.180060871871719,Medium,4.428,0.681,0.097,0.292,95.572,0.0,14.209,4.428
CUB,Cuba,2017,22.0,2.356819258187513,7927.277694317665,11247829,0.8573129380215577,8.978064963675273,16.23568569021432,99.4,904.82520614924,0.0,76.9603271484375,14.583333333333348,0.2790517614216686,0.4723764590653611,-2.758864659162341,Medium,3.889,0.389,0.097,0.389,96.111,0.0,13.612,3.889
CUB,Cuba,2018,24.0,2.385465263658937,8120.43123558256,11227118,0.8693941844171305,9.002138539575917,16.23384265976245,99.6,858.7937638348728,0.0,77.0156326293945,9.090909090909085,0.2790517614216686,0.4825493990450151,1.2154519432030495,Medium,3.462,0.577,0.096,0.673,96.538,0.0,12.692,3.462
CUB,Cuba,2019,23.1,1.989851507375894,8124.752820591077,11202846,0.6880600165431359,9.002670584654078,16.23167841112843,99.8,854.4694562101996,0.0,77.0728225708008,-3.749999999999998,0.2790517614216686,0.4779715760541708,-16.58434362092669,Medium,4.3,1.014,0.097,0.676,95.7,0.0,11.836,4.3
CUB,Cuba,2020,24.5,1.653643039581602,7252.288111798439,11176354,0.502980756853672,8.889072299684374,16.22931085443519,99.9,805.8613879577429,0.0,77.1080322265625,6.060606060606055,0.2790517614216686,0.4850926340399287,-16.896158660485426,Medium,4.729,1.156,0.105,0.578,95.271,0.0,10.562,4.729
CUB,Cuba,2021,20.9,1.956021523861175,7379.042752836741,11122168,0.6709125755710876,8.906399200893967,16.22445079181247,100.0,791.9741434848457,0.0,77.0987701416016,-14.693877551020416,0.2790517614216686,0.4667813420765513,18.28559592619696,Medium,4.431,1.234,0.112,0.673,95.569,0.0,8.861,4.431
DJI,Djibouti,2013,29.9,0.8888897914754311,2140.137694423358,984824,-0.117782020247039,7.668625449134448,13.80021822398597,58.6,603.8037999957767,10.807091106766707,70.7969331287484,0.0,0.4916618178880346,0.4062545437518118,0.0,Medium,0.0,0.0,0.0,0.0,100.0,0.0,0.0,0.0
DJI,Djibouti,2014,29.4,0.8811060349031681,2253.140822497682,1002717,-0.1265773028500037,7.72008044291642,13.81822387359189,58.9,603.8037999957767,10.807091106766707,70.8899032189478,-1.6722408026755842,0.4916618178880346,0.4037113087568983,-0.875671725213889,Medium,0.0,0.0,0.0,0.0,100.0,0.0,0.0,0.0
DJI,Djibouti,2015,24.8,0.8000486125336049,2376.125547198727,1020313,-0.223082787493362,7.77322651881667,13.83562000093281,59.1,603.8037999957767,10.807091106766707,71.0068853915837,-15.646258503401356,0.4916618178880346,0.3803135468036938,-9.199508249704724,Medium,0.0,0.0,0.0,0.0,100.0,0.0,0.0,0.0
DJI,Djibouti,2016,23.6,0.7184482673880382,2502.851814494315,1037653,-0.3306615769069645,7.825186086520714,13.85247199009389,59.8,603.8037999957767,10.807091106766707,71.1492236341041,-4.838709677419351,0.4916618178880346,0.3742097828159013,-10.19942336843177,Medium,0.0,0.0,0.0,0.0,100.0,0.0,0.0,0.0
DJI,Djibouti,2017,23.3,0.6414236837589741,2596.45134698268,1054841,-0.4440650673050559,7.861900925185719,13.8689006026338,60.2,603.8037999957767,10.807091106766707,71.318261933957,-1.2711864406779738,0.4916618178880346,0.3726838418189532,-10.720964490469386,Medium,0.0,0.0,0.0,0.0,100.0,0.0,0.0,0.0
DJI,Djibouti,2018,24.7,0.6862695707176724,2677.1650334451,1071882,-0.3764847682150592,7.892513690273533,13.88492653992736,62.4,603.8037999957767,10.807091106766707,71.5153442785902,6.008583690987113,0.4916618178880346,0.3798048998047111,6.991616944339385,Medium,0.0,0.0,0.0,0.0,100.0,0.0,0.0,0.0
DJI,Djibouti,2019,23.4,0.765677513458601,2781.943501134839,1088709,-0.2669941985940113,7.930905063554963,13.90050314857525,64.7,603.8037999957767,10.807091106766707,71.7418146554518,-5.263157894736848,0.4916618178880346,0.3731924888179359,11.570954932168576,Medium,0.0,0.0,0.0,0.0,100.0,0.0,0.0,0.0
DJI,Djibouti,2020,27.5,0.6749077984922023,2773.406617800969,1105188,-0.3931791922658971,7.927831669485868,13.91552601420915,64.5,603.8037999957767,10.807091106766707,71.9990170519895,17.521367521367527,0.4916618178880346,0.3940470157762269,-11.854823129960767,Medium,0.0,0.0,0.0,0.0,100.0,0.0,0.0,0.0
DJI,Djibouti,2021,26.6,0.7310603898513085,2854.15987035097,1121248,-0.3132592099889073,7.956532812708635,13.92995290863003,65.4,603.8037999957767,10.807091106766707,72.2882954556515,-3.272727272727272,0.4916618178880346,0.3894691927853825,8.320038897839899,Medium,35.0,0.0,35.0,0.0,65.0,0.0,0.0,35.0
DJI,Djibouti,2022,26.9,0.762292717589368,2959.786730112679,1137096,-0.2714246532417688,7.992872494084725,13.94398820188611,65.0,603.8037999957767,10.807091106766707,72.6109938538856,1.1278195488721776,0.4916618178880346,0.3909951337823306,4.272195316779759,Medium,35.0,0.0,35.0,0.0,65.0,0.0,0.0,35.0
DMA,Dominica,2000,11.1,0.7911138357344075,6879.597372739179,68511,-0.2343134078719641,8.836315407810757,11.1347495952997,81.1,568.1073285845387,0.0,65.2352744316641,0.0,0.4916618178880346,0.3106289079430631,0.0,Low,37.5,0.0,0.0,37.5,62.5,0.0,0.0,37.5
DMA,Dominica,2001,9.4,0.7980904404873477,6897.656740865178,68288,-0.2255333540100898,8.838937030134108,11.13148933466142,82.1,568.1073285845387,0.0,65.3586067945228,-15.315315315315312,0.4916618178880346,0.3019819089603571,0.8818711590935058,Low,37.5,0.0,0.0,37.5,62.5,0.0,0.0,37.5
DMA,Dominica,2002,13.6,0.7196454429768748,6676.972714679568,68367,-0.3289966285704814,8.806419977385474,11.13264553105088,87.7,568.1073285845387,0.0,65.5209250395792,44.68085106382978,0.4916618178880346,0.3233450829176307,-9.82908622017462,Low,42.857,0.0,0.0,42.857,57.143,0.0,0.0,42.857
DMA,Dominica,2003,10.6,0.8171484437699726,7047.661895959456,68531,-0.2019345069055424,8.86045119483643,11.13504147662283,84.0,568.1073285845387,0.0,65.7244163144059,-22.058823529411764,0.4916618178880346,0.3080856729481496,13.5487553967921,Low,37.5,0.0,0.0,37.5,62.5,0.0,0.0,37.5
DMA,Dominica,2004,11.4,0.871097903829626,7323.853000827505,68649,-0.1380009045089105,8.89889183470651,11.13676184444763,85.0,568.1073285845387,0.0,65.9653093849432,7.547169811320753,0.2790517614216686,0.4184598771731942,6.602161513121629,Medium,27.273,0.0,0.0,27.273,72.727,0.0,0.0,27.273
DMA,Dominica,2005,10.0,0.8569267029417755,7381.747285294527,68734,-0.1544028915312183,8.906765649096409,11.1379992611709,86.0,596.5024587540373,0.0,66.2400724917823,-12.28070175438597,0.2790517614216686,0.4113388191874363,-1.6268206852007472,Medium,25.0,0.0,0.0,25.0,75.0,0.0,0.0,25.0
DMA,Dominica,2006,9.8,0.9083510158997762,7698.537014838244,68806,-0.0961243936967576,8.948785591716899,11.13904622942125,87.0,610.4118826846496,0.0,66.5451738755145,-1.999999999999991,0.2790517614216686,0.4103215251894709,6.001016514185431,Medium,25.0,0.0,0.0,25.0,75.0,0.0,0.0,25.0
DMA,Dominica,2007,7.8,1.098087062617108,8106.189518783252,68847,0.093569631944903,9.000383186977029,11.13964193022272,88.1,624.5733292663442,0.0,66.877081776731,-20.408163265306133,0.2790517614216686,0.4001485852098168,20.88796548869236,Medium,16.667,0.0,0.0,16.667,83.333,0.0,0.0,16.667
DMA,Dominica,2008,8.0,1.068928457315479,8682.573781797728,68854,0.0666567049347509,9.069073282341725,11.13974359978222,90.9,624.5733292663442,0.0,67.232264436023,2.564102564102577,0.4916618178880346,0.2948608509745992,-2.655400131218588,Low,15.385,0.0,0.0,15.385,84.615,0.0,0.0,15.385
DMA,Dominica,2009,7.5,1.089103159851301,8582.714814357185,68864,0.085354568437046,9.057505554364052,11.1398888240814,90.2,624.5733292663442,0.0,67.6071900939817,-6.25,0.4916618178880346,0.2923176159796857,1.8873763157629009,Low,15.385,0.0,0.0,15.385,84.615,0.0,0.0,15.385
DMA,Dominica,2010,10.3,1.122583830726557,8574.273086822379,68859,0.1156330200074419,9.056521497224807,11.13981621456807,91.3,624.5733292663442,0.0,67.9983269911984,37.33333333333335,0.4916618178880346,0.3065597319512014,3.0741505588715023,Low,14.286,0.0,0.0,14.286,85.714,0.0,0.0,14.286
DMA,Dominica,2011,13.8,0.8616569881105817,8553.838467010395,69053,-0.1488980131376305,9.054135404695808,11.14262960467135,90.1,624.5733292663442,0.0,68.3978165602727,33.98058252427185,0.4916618178880346,0.3243623769155961,-23.243417148374444,Low,26.667,0.0,0.0,26.667,73.333,0.0,0.0,26.667
DMA,Dominica,2012,11.3,0.7856130096356955,8532.34388117289,69118,-0.2412909619520947,9.051619383651603,11.14357046787412,93.5,624.5733292663442,0.0,68.754609337094,-18.11594202898551,0.4916618178880346,0.3116462019410285,-8.825319068279525,Low,20.0,0.0,0.0,20.0,80.0,0.0,0.0,20.0
DMA,Dominica,2013,11.4,0.8592125080685649,8459.658698802403,69715,-0.1517389975255807,9.043064108855312,11.15217078162912,94.6,624.5733292663442,0.0,69.119704197722,0.8849557522123908,0.4916618178880346,0.3121548489400112,9.368416450613392,Low,26.667,0.0,0.0,26.667,73.333,0.0,0.0,26.667
DMA,Dominica,2014,9.9,0.9506486862859336,8576.26367623609,70373,-0.0506106997388906,9.056753628667709,11.16156494585521,95.7,624.5733292663442,0.0,69.4907847110252,-13.157894736842104,0.4916618178880346,0.3045251439552706,10.641858371325297,Low,20.0,0.0,0.0,20.0,80.0,0.0,0.0,20.0
DMA,Dominica,2015,8.7,1.028263030819486,8282.598747021415,70410,0.0278710008606287,9.021912056472,11.16209057751318,96.7,624.5733292663442,0.0,69.8679153463528,-12.121212121212132,0.4916618178880346,0.2984213799674781,8.164356155246178,Low,13.333,0.0,0.0,13.333,86.667,0.0,0.0,13.333
DMA,Dominica,2016,10.7,1.11628307904491,8499.522919031491,69606,0.1100044868522772,9.047765313730451,11.15060604950346,97.8,624.5733292663442,0.0,70.2511605730541,22.988505747126432,0.4916618178880346,0.3085943199471322,8.560071264574741,Low,25.0,0.0,0.0,25.0,75.0,0.0,0.0,25.0
DMA,Dominica,2017,9.7,1.010277972436347,7985.6341102129,68496,0.0102255132210335,8.985399470171473,11.13453062838473,98.9,624.5733292663442,0.0,70.6405848604787,-9.345794392523366,0.4916618178880346,0.3035078499573052,-9.496256693173278,Low,23.077,0.0,0.0,23.077,76.923,0.0,0.0,23.077
DMA,Dominica,2018,7.9,1.048786927567694,8261.16492553236,68174,0.0476341892093678,9.0193208887177,11.12981853947273,99.6,624.5733292663442,0.0,71.0362526779762,-18.556701030927822,0.4916618178880346,0.2943522039756165,3.811718772654249,Low,18.182,0.0,0.0,18.182,81.818,0.0,0.0,18.182
DMA,Dominica,2019,7.6,1.269888037713612,8624.516959935374,67880,0.2389287373036217,9.062364235686069,11.12549671934816,99.9,624.5733292663442,0.0,71.4382284948964,-3.797468354430389,0.4916618178880346,0.2928262629786684,21.08160431201094,Low,14.286,0.0,0.0,14.286,85.714,0.0,0.0,14.286
DMA,Dominica,2020,8.6,1.140988264543531,7302.944549512538,67573,0.131894785589123,8.89603290875444,11.1209637739623,100.0,624.5733292663442,0.0,71.846576780589,13.157894736842104,0.4916618178880346,0.2979127329684954,-10.150483297894542,Low,14.286,0.0,0.0,14.286,85.714,0.0,0.0,14.286
DMA,Dominica,2021,8.8,1.136870926460522,7738.317300703863,67202,0.1282796871814857,8.953939539938476,11.11545828797313,100.0,624.5733292663442,0.0,72.2613620044042,2.3255813953488413,0.4916618178880346,0.2989300269664608,-0.3608571806526184,Low,14.286,0.0,0.0,14.286,85.714,0.0,0.0,14.286
DMA,Dominica,2022,8.9,1.215095920749409,8590.922090698159,66826,0.1948230207952069,9.058461353885278,11.10984750535456,100.0,624.5733292663442,0.0,72.682648635692,1.1363636363636245,0.4916618178880346,0.2994386739654435,6.880727835342659,Low,13.333,0.0,0.0,13.333,86.667,0.0,0.0,13.333
DOM,Dominican Republic,2000,19.1,2.214978932199777,4123.105731631146,8584190,0.7952428920296424,8.324361976722292,15.96543269725088,88.8,856.256386147598,85.59982332155788,61.3128549215919,0.0,0.8966701310281073,0.1488165112916432,0.0,Low,6.995,0.0,0.0,5.765,93.005,0.0,0.0,6.995
DOM,Dominican Republic,2001,18.9,2.195834699401384,4158.984302824295,8720283,0.7865622473174548,8.333026165468969,15.98116224948698,89.8,819.6530736578056,85.91337216296274,62.2979450293469,-1.0471204188481795,0.8989324432234608,0.146668061196001,-0.8643076699325514,Low,6.698,0.0,0.0,5.452,93.302,1.09,0.0,6.698
DOM,Dominican Republic,2002,17.9,2.374394715007001,4280.801823974078,8852235,0.8647425481659239,8.36189561307953,15.99618052747354,89.7,882.2007937736312,83.97846269642568,63.2914022524877,-5.291005291005291,0.8849717177956814,0.1485619539200636,8.131760357657836,Low,7.482,0.0,0.0,6.259,92.518,4.245,0.0,7.482
DOM,Dominican Republic,2003,18.9,2.092594943333534,4162.666861176606,8980620,0.7384048955103627,8.3339112202544,16.01057948021133,89.2,783.8923699652797,85.40772845452173,64.426197134766,5.586592178770955,0.8952841314549195,0.1484922170802717,-11.868278256028542,Low,9.591,0.0,0.0,8.392,90.409,9.52,6.417,9.591
DOM,Dominican Republic,2004,20.7,1.913861251731487,4212.010441217729,9104892,0.6491227991447779,8.345695352172381,16.024322409459,90.3,749.3869058928025,80.75409452758126,65.8914085229291,9.523809523809534,0.8617073121675093,0.1744362727056655,-8.541246463939245,Low,14.476,0.0,0.0,13.311,85.524,10.982,6.156,14.476
DOM,Dominican Republic,2005,19.4,2.036848861478451,4549.24957008857,9225034,0.7114039378687188,8.422717568691741,16.03743143352093,90.1,772.0377114888064,83.90853400852349,67.5759180469321,-6.2801932367149815,0.8844671695322041,0.1564439330365429,6.426150779514228,Low,15.442,0.0,0.0,14.318,84.558,10.72,8.321,15.442
DOM,Dominican Republic,2006,18.0,2.203082842933277,4904.717158393978,9341183,0.7898576717129335,8.497952706400847,16.04994346171329,90.1,792.6097043369004,82.57653191649837,69.333853706035,-7.216494845360821,0.8748565309997091,0.1541281943170325,8.161331191464294,Low,13.536,0.0,0.0,12.403,86.464,13.891,12.261,13.536
DOM,Dominican Republic,2007,17.9,2.194929215925534,5204.785006522538,9455658,0.7861497981372445,8.557333675012996,16.06212385046127,96.9,812.2797114298667,82.37724589191112,71.0193434994977,-0.5555555555555647,0.8734186459105242,0.1543384898626422,-0.3701007900768327,Low,12.766,0.0,0.0,11.668,87.234,14.207,15.992,12.766
DOM,Dominican Republic,2008,17.7,2.164433158225158,5308.92664966814,9573130,0.7721585064922143,8.577144956264481,16.07447077369631,97.6,772.5747720368563,85.9990467011553,72.4865154265802,-1.1173184357541888,0.8995506006745163,0.1402552184826808,-1.3893868412297117,Low,10.541,0.0,0.0,9.446,89.459,13.963,16.769,10.541
DOM,Dominican Republic,2009,17.3,2.046473201093524,5294.649533744258,9695265,0.7161179218699671,8.574452067694693,16.08714817996248,97.9,743.5873877222675,84.35373186676158,73.5894974865426,-2.259887005649708,0.8876793534443645,0.1441562541018258,-5.449923767956033,Low,11.782,0.0,0.0,10.618,88.218,14.036,16.436,11.782
DOM,Dominican Republic,2010,16.9,2.131092368516855,5666.456334302058,9820175,0.7566346973281407,8.642319216205266,16.09994950094579,98.1,773.4042548629958,84.67326565949304,74.1642773174177,-2.3121387283237094,0.8899848481573572,0.1409689187493987,4.134877865887288,Low,10.758,0.0,0.0,9.675,89.242,12.517,22.801,10.758
DOM,Dominican Republic,2011,16.8,2.124291685757984,5773.574034591559,9945621,0.7534384224622873,8.661046584483083,16.11264291175961,97.9,780.0827495398648,85.48490275067661,74.2440389501301,-0.5917159763313529,0.8958409581061574,0.1375322167760159,-0.3191172217281157,Low,10.787,0.0,0.063,9.708,89.213,12.69,21.954,10.787
DOM,Dominican Republic,2012,16.5,2.173188363414363,5860.298933210133,10070411,0.776195381095198,8.675955893763161,16.12511207816176,97.9,791.4299466003304,86.17988196913751,74.2398679969568,-1.7857142857142905,0.9008553601827104,0.1334990747407913,2.30178736678206,Low,12.13,0.0,0.592,10.533,87.87,12.544,21.065,12.13
DOM,Dominican Republic,2013,16.6,2.107538940455469,6075.033999727373,10193833,0.7455208878076199,8.711942864856029,16.13729348756234,98.4,762.3559203460534,85.22869193103088,74.2251359951216,0.60606060606061,0.8939923502169718,0.1374392267226433,-3.0208804751627905,Low,13.036,0.056,1.354,10.609,86.964,12.472,25.113,13.036
DOM,Dominican Republic,2014,17.3,2.103721690251823,6430.278110513385,10315528,0.743708009629874,8.768773068320177,16.14916089076834,98.5,745.7862129008278,85.98924290371107,74.1931533822153,4.216867469879504,0.8994798644842008,0.1382559985819077,-0.181123590666421,Low,10.127,0.116,1.389,7.639,89.873,14.005,24.769,10.127
DOM,Dominican Republic,2015,14.9,2.287895661730537,6800.953093954736,10434829,0.8276324700872314,8.824818042218276,16.16065971120057,98.6,797.9231706647336,76.7792422041232,74.1372305958285,-13.8728323699422,0.8330280262042838,0.1592743897462812,8.754673792267065,Low,7.889,0.167,1.611,5.167,92.111,12.833,23.778,7.889
DOM,Dominican Republic,2016,15.3,2.357159171789985,7177.753764754883,10551430,0.8574571531927173,8.87874176696129,16.17177195372465,98.9,842.638249219176,0.0,74.0506780735522,2.684563758389258,0.2790517614216686,0.4382971101335197,3.0273893699793275,Medium,11.076,0.426,1.704,7.987,88.924,12.567,20.341,11.076
DOM,Dominican Republic,2017,16.9,2.230153757770692,7379.399780671366,10666843,0.8020705327680638,8.906447583754675,16.18265070320925,100.0,824.396571608205,0.0,73.926806252977,10.457516339869263,0.2790517614216686,0.446435462117243,-5.388071180736064,Medium,15.833,0.729,2.031,11.302,84.167,12.552,28.646,15.833
DOM,Dominican Republic,2018,15.9,2.376968467878984,7818.70593240469,10782053,0.8658259227784931,8.964274338056052,16.19339355058174,98.9,860.8644315883005,0.0,73.7589255716938,-5.917159763313595,0.2790517614216686,0.4413489921274159,6.583165380267375,Medium,13.776,1.173,2.551,8.98,86.224,11.633,24.184,13.776
DOM,Dominican Republic,2019,14.4,2.612574596960926,8117.046391857863,10894043,0.9603361707439172,9.00172162213943,16.20372668404482,99.0,927.8821708239724,0.0,73.5403464672933,-9.433962264150942,0.2790517614216686,0.4337192871426754,9.912042682340584,Medium,12.547,1.739,3.712,6.109,87.453,16.729,26.081,12.547
DOM,Dominican Republic,2020,16.0,2.445972584322738,7395.873426239604,11008300,0.894442828830432,8.908677478547647,16.21416009169089,100.0,862.922281087901,0.0,73.2643793773663,11.111111111111116,0.2790517614216686,0.4418576391263987,-6.37692844567912,Medium,16.162,3.079,5.49,6.619,83.838,30.631,32.068,16.162
DOM,Dominican Republic,2021,14.8,2.667160876689984,8344.905103123949,11123476,0.9810145645992174,9.029406464326538,16.22456838786871,98.1,954.9218475570766,0.0,72.9243347395035,-7.499999999999996,0.2790517614216686,0.4357538751386062,9.0429587716941,Medium,17.779,3.966,5.693,7.0,82.221,26.878,35.978,17.779
DZA,Algeria,2000,0.4,2.845567061729084,3553.324205219913,30903893,1.045762366426655,8.175638840160971,17.24639272098729,98.6,873.6577870577179,99.79732988290846,59.8521239445692,0.0,0.9991077356240704,0.0024807201838955,0.0,Low,0.197,0.0,0.0,0.197,99.803,0.0,96.772,0.197
DZA,Algeria,2001,0.4,2.739232537410528,3610.006056319831,31331221,1.00767778533024,8.191464728976442,17.26012563440007,98.6,863.4983253423638,99.7577853262408,60.6177172788536,0.0,0.998822414420496,0.0026233807856828,-3.736848298136497,Low,0.263,0.0,0.0,0.263,99.737,0.0,96.844,0.263
DZA,Algeria,2002,0.5,2.824735160508377,3754.660815384459,31750835,1.03841461171113,8.230753231325922,17.27342958216975,98.6,911.440557642084,99.72289035058746,61.3812658601162,25.0,0.9985706407937034,0.0032579145980618,3.1214079830796937,Low,0.217,0.0,0.0,0.217,99.783,0.0,97.613,0.217
DZA,Algeria,2003,0.5,2.999342549737197,3945.898160940073,32175818,1.098393114563619,8.280431878074175,17.28672573458872,98.6,955.848483496115,99.71349618617803,62.1427907986812,0.0,0.998502860180599,0.003291804904614,6.18137203338367,Low,0.879,0.0,0.0,0.879,99.121,0.0,96.787,0.879
DZA,Algeria,2004,0.4,2.961418200146952,4066.282048064954,32628286,1.085668275265097,8.31048435923574,17.30069013884169,98.6,954.2984093388908,99.7205700936354,62.9023132048725,-20.0,0.9985538997157408,0.0027576381380603,-1.264422084552097,Low,0.8,0.0,0.0,0.8,99.2,0.0,96.992,0.8
DZA,Algeria,2005,0.6,3.06259438261496,4223.602521339427,33109249,1.119262394209004,8.34844372089672,17.315323227297,98.6,979.3264577690333,99.59232534606032,63.6598541890144,49.99999999999998,0.9976285904238004,0.0042375867819961,3.416477364223236,Low,1.622,0.0,0.0,1.622,98.378,0.0,96.255,1.622
DZA,Algeria,2006,0.4,3.137801869918027,4279.615471208265,33623506,1.143522513349368,8.361618441364064,17.33073596367241,98.7,1032.638668150222,99.72238805940007,64.4154348614309,-33.33333333333333,0.9985670166709868,0.0027510796604373,2.455679006334877,Low,0.624,0.0,0.0,0.624,99.376,0.0,97.247,0.624
DZA,Algeria,2007,0.4,3.185667166704456,4339.250557728312,34189416,1.158661738580802,8.375456929632021,17.34742668045176,98.7,1077.6618923307844,99.73486301186594,65.1690763324461,0.0,0.9986570257329676,0.002706075129447,1.5254403805833538,Low,0.592,0.0,0.0,0.592,99.408,0.0,97.284,0.592
DZA,Algeria,2008,0.3,3.265902500795518,4367.565380175414,34816961,1.183536141315015,8.381961011598609,17.36561521106865,99.3,1070.7280703859851,99.80396337612552,65.901485871159,-25.00000000000001,0.999155597489978,0.0019481422519591,2.5186351835387866,Low,0.696,0.0,0.0,0.696,99.304,0.0,97.34,0.696
DZA,Algeria,2009,0.3,3.270995897628221,4336.100540529495,35490445,1.185094494391052,8.374730730242147,17.38477406328738,98.8,1147.306005542531,99.92099471655705,66.5097384559521,0.0,1.0,0.0015259409969481,0.1559567939172224,Low,0.779,0.0,0.0,0.779,99.221,0.0,97.636,0.779
DZA,Algeria,2010,0.3,3.277772367793777,4456.610274164303,36188236,1.187164035504599,8.402143727831959,17.40424465160534,98.9,1151.1388966556478,96.08237707066532,67.1235057867459,0.0,0.9723036721338528,0.0153741049300217,0.207168409182934,Low,0.372,0.0,0.0,0.372,99.628,0.0,97.529,0.372
DZA,Algeria,2011,0.2,3.381899260382031,4501.354301335197,36903376,1.218437463037487,8.41213358633255,17.42381359534066,99.0,1174.2680645003377,96.391089085483,67.7344007507578,-33.33333333333333,0.9745310857413946,0.0137517511272681,3.176757898485194,Low,0.976,0.0,0.0,0.976,99.024,0.0,96.935,0.976
DZA,Algeria,2012,0.2,3.726007583348594,4518.439789564638,37646166,1.315337307429229,8.41592203393833,17.44374167435555,98.8,1258.837184589751,96.8559437804052,68.3421258553675,0.0,0.9778850973227414,0.0120747453365947,10.175002165135204,Low,1.08,0.0,0.0,1.08,98.92,0.0,97.073,1.08
DZA,Algeria,2013,0.1,3.793615642519007,4543.234440067668,38414171,1.333319559717542,8.421394469109343,17.46393698593908,99.2,1273.7224269380563,97.15503409489132,68.9463836079277,-50.0,0.980043088603916,0.0104871026970247,1.814490648718792,Low,0.551,0.0,0.0,0.551,99.449,0.0,97.946,0.551
DZA,Algeria,2014,0.1,3.954415952381213,4634.101491799524,39205031,1.374832917086335,8.441197606306115,17.48431563836231,99.3,1358.047878144249,97.03029003247262,69.5468765157615,0.0,0.9791430373951688,0.0109371283013983,4.2387085307206585,Low,0.389,0.0,0.0,0.389,99.611,0.0,98.569,0.389
DZA,Algeria,2015,0.1,4.112454696805652,4685.059027290017,40019529,1.414020100056504,8.452133793801268,17.50487811793516,99.4,1414.4970206439211,21.62619444170385,70.1433070861612,0.0,0.4350887067515911,0.2829642936231871,3.9965129194179374,Low,0.32,0.087,0.029,0.203,99.68,0.0,98.3,0.32
DZA,Algeria,2016,0.1,3.934956252057338,4768.731400810268,40850721,1.369899764160129,8.469835594801888,17.52543502905333,99.4,1371.2020770523218,0.0,70.7353778263851,0.0,0.2790517614216686,0.3609827662881484,-4.316119151079912,Medium,0.479,0.127,0.042,0.31,99.521,0.0,98.1,0.479
DZA,Algeria,2017,0.1,3.989520188382155,4742.900755325293,41689299,1.383670970132429,8.4644042012069,17.54575503513178,99.5,1380.3468180173957,0.0,71.3227912436551,0.0,0.2790517614216686,0.3609827662881484,1.3866465807920836,Medium,0.841,0.749,0.013,0.079,99.159,0.0,98.672,0.841
DZA,Algeria,2018,0.2,4.112578662739602,4717.003588536104,42505035,1.414050243626394,8.458929044050583,17.56513309746579,99.6,1442.3021119345744,0.0,71.905249845153,100.0,0.2790517614216686,0.3614914132871311,3.0845432168962184,Medium,1.068,0.899,0.013,0.156,98.932,0.0,98.371,1.068
DZA,Algeria,2019,0.2,4.196519349111549,4672.664086786354,43294546,1.434255455303748,8.449484656270382,17.58353722660973,99.5,1463.5098573600862,0.0,72.4824561380175,0.0,0.2790517614216686,0.3614914132871311,2.041071873772493,Medium,1.066,0.87,0.012,0.184,98.934,0.0,98.468,1.066
DZA,Algeria,2020,0.1,3.904231068411352,4363.685337677834,44042091,1.362060854404696,8.381072240246514,17.60065634825567,99.7,1373.6783209440646,0.0,73.0541126293395,-50.0,0.2790517614216686,0.3609827662881484,-6.965016871948359,Medium,1.109,1.033,0.013,0.063,98.891,0.0,98.438,1.109
DZA,Algeria,2021,0.1,4.050872388097531,4456.74687637774,44761099,1.398932262390762,8.402174378957262,17.61684999427905,99.8,1451.445177092926,0.0,73.6199218261573,0.0,0.2790517614216686,0.3609827662881484,3.755959038199253,Medium,0.946,0.923,0.012,0.012,99.054,0.0,98.621,0.946
ECU,Ecuador,2000,19.4,1.738674586889046,3953.398797283572,12689206,0.5531230912884926,8.282330942924474,16.35626226878112,93.7,638.7560542261825,91.4791858896178,60.6865005107058,0.0,0.939090806477046,0.129132114564122,0.0,Low,71.51,0.0,0.0,71.51,28.49,0.0,0.0,71.51
ECU,Ecuador,2001,17.1,1.883478406350062,4049.000188995097,12910740,0.6331202834439749,8.306225262709141,16.37357008108715,94.0,668.5636809525419,93.0592328321189,61.0123544006659,-11.855670103092775,0.950491133938743,0.1117330698566712,8.328402597757446,Low,63.752,0.0,0.0,63.752,36.248,0.0,0.0,63.752
ECU,Ecuador,2002,17.1,1.849347473587492,4174.89793579965,13138472,0.6148328598912344,8.336845190471081,16.39105527810982,94.2,709.3057439444358,83.70027802530004,61.2871268050958,0.0,0.8829645645520969,0.1454963545499942,-1.8121223289579105,Low,63.082,0.0,0.0,63.082,36.918,0.0,4.064,63.082
ECU,Ecuador,2003,16.6,1.865123337739953,4220.212984666379,13372306,0.6233271837455352,8.347640876056564,16.40869640989775,95.0,770.2157371772977,76.67803865943613,61.5418469886978,-2.923976608187129,0.8322978241332678,0.1682864897644952,0.8530502989715583,Low,61.934,0.0,0.0,61.934,38.066,0.0,8.188,61.934
ECU,Ecuador,2004,16.7,1.966815201539074,4430.237179841884,13608701,0.6764155855979126,8.39620840107369,16.42621992554644,94.8,785.5919268550981,70.2682196083149,61.7829573274038,0.6024096385542022,0.7860498082120856,0.1919191447240691,5.452286277343199,Low,57.344,0.0,0.0,57.344,42.656,0.0,9.688,57.344
ECU,Ecuador,2005,16.2,2.08473639953538,4589.328492034524,13846163,0.7346424201768352,8.431488994320295,16.44351871250384,95.8,837.8914187154882,68.32309226471092,62.0068704145716,-2.9940119760479056,0.7720153589338354,0.1963931343682806,5.995540298042745,Low,54.035,0.0,0.0,53.877,45.965,0.0,11.709,54.035
ECU,Ecuador,2006,14.2,2.199127638384167,4706.980568238164,14086131,0.7880607537190542,8.456801913123694,16.46070125425845,96.3,811.0273915236199,69.73764852501368,62.2099988435587,-12.34567901234568,0.7822216408781668,0.1811170534164608,5.487084068483727,Low,50.284,0.0,0.0,50.142,49.716,0.0,12.713,50.284
ECU,Ecuador,2007,15.9,2.209114485936793,4715.303598425548,14328773,0.7925917501374649,8.458568582904595,16.47778017157451,96.8,875.476008346416,72.40038406360732,62.3887552077227,11.9718309859155,0.8014337644343278,0.1801579906210863,0.4541276903765379,Low,52.0,0.0,0.0,51.884,48.0,0.0,11.652,52.0
ECU,Ecuador,2008,15.3,2.241423480786064,4939.902150217888,14575202,0.8071111465272304,8.505100802337592,16.49483214945299,97.2,762.8247112588492,73.10306672108729,62.5395521004212,-3.773584905660377,0.8065037482312942,0.1745711167287069,1.462531482861107,Low,60.573,0.0,0.0,60.465,39.427,0.0,9.302,60.573
ECU,Ecuador,2009,12.9,2.387050438710386,4909.336817056835,14825954,0.8700584777201174,8.498894143856889,16.51188985153649,96.5,830.3440691340267,82.29926756948555,62.6588021150118,-15.68627450980392,0.8728560180627983,0.1291874538373699,6.497074701530781,Low,50.385,0.0,0.0,50.275,49.615,0.0,10.463,50.385
ECU,Ecuador,2010,11.8,2.537220524790081,5022.203743872045,15076695,0.931069200288508,8.521624109159822,16.52866073206781,97.5,867.4652267106087,79.05597862633192,62.7405258611644,-8.52713178294573,0.8494550955899985,0.13529279808496,6.2910311254597895,Low,44.13,0.0,0.0,44.027,55.87,0.0,11.277,44.13
ECU,Ecuador,2011,13.2,2.500210912966381,5359.457246156387,15326227,0.9163750935021652,8.586617988892252,16.54507610183435,96.9,891.3467179056659,78.68000187915742,62.7949053547691,11.864406779661008,0.8467423546451074,0.1437702265431635,-1.4586675246434089,Low,53.989,0.0,0.0,53.94,46.011,0.0,9.496,53.989
ECU,Ecuador,2012,13.2,2.482694474522987,5579.856242821576,15572194,0.9093444520453456,8.626918292108284,16.56099744589329,97.2,872.1417056372595,77.97345829171022,62.8408732819135,0.0,0.8416445135327982,0.1463191470993181,-0.7005984316183822,Low,53.41,0.0,0.0,53.322,46.59,0.0,10.295,53.41
ECU,Ecuador,2013,11.8,2.603781028406931,5893.321726830364,15807128,0.956964630336992,8.681575078092349,16.57597153550499,98.0,911.6701399500593,79.82138311474881,62.8837286624122,-10.606060606060597,0.854977628860303,0.1325315314498077,4.877223320328583,Low,47.625,0.0,0.259,47.193,52.375,0.0,12.219,47.625
ECU,Ecuador,2014,12.2,2.710262795597964,6055.041727614853,16035124,0.9970456027354502,8.708646547394471,16.59029212416337,99.0,983.1690960547048,78.1516061618721,62.9232432195799,3.3898305084745672,0.8429298829745661,0.1405899923886071,4.089505454926123,Low,47.54,0.083,0.331,46.879,52.46,0.0,12.03,47.54
ECU,Ecuador,2015,13.1,2.660475924807385,5976.159680565097,16266225,0.978505025890015,8.695533446764424,16.60460143014731,98.8,937.0350248476768,36.93789969552693,62.959188676731,7.377049180327866,0.5455654585462284,0.2938500275936203,-1.8369757674954523,Low,51.103,0.155,0.387,50.213,48.897,0.0,10.879,51.103
ECU,Ecuador,2016,14.8,2.548787986577999,5849.135879336722,16505139,0.9356179467986026,8.674049216381379,16.61918234492436,98.7,885.908943461603,0.0,62.9913367571804,12.977099236641232,0.2790517614216686,0.4357538751386062,-4.19804356009994,Medium,59.978,0.147,0.295,57.732,40.022,0.0,7.437,59.978
ECU,Ecuador,2017,17.0,2.449837611688021,6104.272535217513,16759519,0.8960217414162918,8.716744220594295,16.63447695332237,99.2,900.0972122963254,0.0,63.0194591842425,14.864864864864868,0.2790517614216686,0.4469441091162257,-3.8822520904466695,Medium,73.518,0.144,0.252,71.47,26.482,0.0,6.216,73.518
ECU,Ecuador,2018,16.3,2.475989538021157,6063.095617877599,17049547,0.906640129458478,8.709975776667743,16.65163419242588,98.7,859.0065244756005,0.0,63.0433276812321,-4.117647058823525,0.2790517614216686,0.4433835801233468,1.0674963192812026,Medium,71.912,0.137,0.274,70.031,28.088,0.0,5.234,71.912
ECU,Ecuador,2019,17.7,2.417840209074718,5971.389383867231,17340021,0.8828746660861823,8.694734906925728,16.6685277403886,99.1,904.4176804954044,0.0,63.0627139714638,8.588957055214719,0.2790517614216686,0.4505046381091047,-2.3485288630465284,Medium,77.781,0.123,0.277,75.994,22.219,0.0,4.284,77.781
ECU,Ecuador,2020,20.2,2.085857997220459,5355.689341964435,17546065,0.7351802800622227,8.585914703255185,16.68034026621165,98.8,785.5014305117359,0.0,63.0773897782521,14.124293785310726,0.2790517614216686,0.4632208130836723,-13.730527377626212,Medium,79.642,0.128,0.256,77.756,20.358,0.0,3.675,79.642
ECU,Ecuador,2021,18.9,2.32777079470983,5815.094773909489,17682454,0.8449110691414357,8.66821236299871,16.68808340644679,100.0,886.2519421989845,0.0,63.0871268249117,-6.435643564356441,0.2790517614216686,0.4566084020968971,11.597759665889807,Medium,81.196,0.125,0.187,79.608,18.804,0.0,3.518,81.196
EGY,"Egypt, Arab Rep.",2000,8.3,1.750273017288057,2458.608350030162,73083284,0.559771785646037,7.807350757481505,18.10711022551972,97.7,569.8813560923124,91.48981985305102,42.7339398932519,0.0,0.9391675324666944,0.0726339346822174,0.0,Low,27.93,0.0,0.0,22.2305,69.253,0.0,0.0,30.747
EGY,"Egypt, Arab Rep.",2001,7.8,1.891485092789642,2492.034411887212,74652029,0.6373622839018896,7.820854688755505,18.12834826175424,97.4,634.0951040884581,90.7295038968966,42.7835506765333,-6.024096385542177,0.9336817138866508,0.0728336089773257,8.068002769098538,Low,27.93,0.0,0.0,22.2305,69.253,0.0,0.0,30.747
EGY,"Egypt, Arab Rep.",2002,7.3,1.90141842765088,2498.481211917132,76239137,0.6426001485182549,7.823438311010992,18.14938549772884,97.5,636.5261938942527,91.92075725401088,42.8347629483917,-6.41025641025641,0.9422768245733316,0.0659928186390717,0.52516062109631,Low,27.93,0.0,0.0,22.2305,69.253,0.0,0.0,30.747
EGY,"Egypt, Arab Rep.",2003,7.4,1.899146587384817,2524.80477192682,77853548,0.6414046207334819,7.833919020671481,18.17034003002916,98.8,647.5398533530598,91.95637051844658,42.8834685533792,1.3698630136986356,0.9425337807849644,0.066372987532238,-0.1194813426137808,Low,27.93,0.0,0.0,22.2305,69.253,0.0,0.0,30.747
EGY,"Egypt, Arab Rep.",2004,7.6,2.0184066565906,2574.423417891235,79477443,0.7023084162933949,7.853380872642999,18.19098380351487,97.8,692.1413600288449,92.86163202406296,42.9255593360476,2.7027027027026973,0.949065407994824,0.0641244679252736,6.279666351084967,Low,27.93,0.0,0.0,22.2305,69.253,0.0,0.0,30.747
EGY,"Egypt, Arab Rep.",2005,6.5,2.199565864807297,2635.703052278194,81101004,0.7882600067128178,7.876905238396004,18.21120589878706,99.4,778.7696403041571,93.6670787511882,42.9569271409488,-14.473684210526317,0.954876853335584,0.0556236282660839,8.975357251481885,Low,27.93,0.0,0.0,22.2305,69.253,0.0,0.0,30.747
EGY,"Egypt, Arab Rep.",2006,6.2,2.283861905727351,2761.624107697919,82700403,0.8258678283754115,7.92357423046352,18.23073503301711,99.0,806.4024891638194,93.77973219271313,42.9729991680104,-4.61538461538461,0.9556896685048838,0.0536912796844858,3.832394486056412,Low,27.93,0.0,0.0,22.2305,69.253,0.0,0.0,30.747
EGY,"Egypt, Arab Rep.",2007,6.0,2.396375727555429,2902.065598049629,84276225,0.8739574824646982,7.97317803761651,18.24961035472483,98.4,844.3844213464758,93.90444192292826,42.9729666344509,-3.2258064516129115,0.956589472000508,0.0522240839387084,4.9264721980747606,Low,27.93,0.0,0.0,22.2305,69.253,0.0,0.0,30.747
EGY,"Egypt, Arab Rep.",2008,5.9,2.352835223295081,3052.212978447214,85864789,0.8556210789442442,8.023622173209196,18.26828439605125,99.8,859.1502590010232,94.21538837790264,42.9608989120873,-1.6666666666666607,0.9588330075021496,0.0505936691889047,-1.816931450259862,Low,27.93,0.0,0.0,22.2305,69.253,0.0,0.0,30.747
EGY,"Egypt, Arab Rep.",2009,5.7,2.403869340225822,3135.096613030141,87501636,0.8770796642082976,8.050415270145644,18.28716804829591,98.9,862.435116243687,94.47139314376234,42.9383470624904,-3.3898305084745783,0.9606801286756104,0.048652814604209,2.1690476419878424,Low,27.93,0.0,0.0,22.2305,69.253,0.0,0.0,30.747
EGY,"Egypt, Arab Rep.",2010,5.4,2.374079881006419,3233.845212467863,89196072,0.8646099438970468,8.081427176427553,18.30634756070619,99.4,838.1667074752282,94.32839730181075,42.9057175520154,-5.263157894736836,0.9596483875418133,0.0476427441741595,-1.239229550496479,Low,27.93,0.0,0.0,22.2305,69.253,0.0,0.0,30.747
EGY,"Egypt, Arab Rep.",2011,5.4,2.40787061503775,3222.376501118562,91093059,0.8787427947063813,8.077874410143682,18.3273921683286,99.4,860.0531198556171,94.05864785468032,42.8634168470177,0.0,0.9577020959809872,0.0486158899545725,1.4233191688986624,Low,27.93,0.0,0.0,22.2305,69.253,0.0,0.0,30.747
EGY,"Egypt, Arab Rep.",2012,5.3,2.500581761675146,3220.991942030666,93161001,0.9165234094726814,8.077444647630045,18.3498397478776,99.7,866.240866672303,93.89304409593704,42.8118514138525,-1.85185185185186,0.9565072345956837,0.0487046736482415,3.8503375579398647,Low,27.93,0.0,0.0,22.2305,69.253,0.0,0.0,30.747
EGY,"Egypt, Arab Rep.",2013,5.3,2.399510904623475,3216.378390262898,95333553,0.8752649268457304,8.076011282041456,18.37289238430916,99.9,825.189960336054,93.8973902079236,42.7514277188751,0.0,0.9565385925879684,0.0486889946520992,-4.041893714523592,Low,27.93,0.0,0.0,22.2305,69.253,0.0,0.0,30.747
EGY,"Egypt, Arab Rep.",2014,5.4,2.390123214455518,3235.662462352572,97528654,0.8713449187800375,8.081988965677631,18.39565677997118,99.8,832.7720908581092,90.22065734555792,42.6825522284408,1.8867924528301885,0.9300102930212468,0.0624617914344427,-0.3912334863687694,Low,27.93,0.0,0.0,22.2305,69.253,0.0,0.0,30.747
EGY,"Egypt, Arab Rep.",2015,5.3,2.403818166151463,3306.981594141408,99597342,0.8770583757721033,8.103791147239484,18.41664603545174,99.3,810.8171272797371,62.7106573100733,42.6056314089048,-1.85185185185186,0.7315206149997963,0.1611979834461853,0.5729809916542372,Low,27.93,0.0,0.0,22.2305,69.253,0.0,0.0,30.747
EGY,"Egypt, Arab Rep.",2016,5.1,2.460760601826035,3381.222463062068,101644589,0.9004704898897546,8.125992598550411,18.43699286494445,100.0,872.5814077638092,0.0,42.5210717266225,-3.773584905660377,0.2790517614216686,0.3864151162372837,2.3688329041017697,Medium,27.93,0.0,0.0,22.2305,69.253,0.0,0.0,30.747
EGY,"Egypt, Arab Rep.",2017,4.9,2.523786415523977,3452.909612455395,103696057,0.92576031967364,8.146972520521286,18.45697464933317,100.0,897.2180735624817,0.0,42.4486008687179,-3.9215686274509673,0.2790517614216686,0.3853978222393183,2.5612330452289056,Medium,27.93,0.0,0.0,22.2305,69.253,0.0,0.0,30.747
EGY,"Egypt, Arab Rep.",2018,5.0,2.424431521956785,3568.639662861614,105682094,0.8855970729725142,8.179939755339424,18.47594603251648,100.0,870.8135734883944,0.0,42.4577177449969,2.0408163265306145,0.2790517614216686,0.385906469238301,-3.9367393752519297,Medium,27.93,0.0,0.0,22.2305,69.253,0.0,0.0,30.747
EGY,"Egypt, Arab Rep.",2019,6.2,2.203838589286239,3701.244634518797,107553158,0.7902006532577576,8.216424429774438,18.49349577633386,100.0,844.7830134470928,0.0,42.4812027332648,24.0,0.2790517614216686,0.3920102332260935,-9.098748744716168,Medium,27.93,0.0,0.0,22.2305,69.253,0.0,0.0,30.747
EGY,"Egypt, Arab Rep.",2020,6.7,2.25205800434348,3770.869478674215,109315124,0.811844466759011,8.235060884798894,18.50974531502903,100.0,805.2594566466366,0.0,42.5181534630674,8.064516129032251,0.2790517614216686,0.394553468221007,2.1879739873716497,Medium,27.93,0.0,0.0,22.2305,69.253,0.0,0.0,30.747
EGY,"Egypt, Arab Rep.",2021,6.1,2.357952009664861,3837.319923244474,110957008,0.8577934497727283,8.252529465255515,18.52465336893534,100.0,857.8219384692754,0.0,42.5686062621468,-8.955223880597018,0.2790517614216686,0.3915015862271108,4.702099373868074,Medium,27.93,0.0,0.0,22.2305,69.253,0.0,0.0,30.747
ERI,Eritrea,2000,76.8,0.2983047407890679,845.1324300605436,2247031,-1.209639694898925,6.73949333704271,14.62512034724497,29.3,315.3955350296093,28.23366717444007,34.0983619689941,0.0,0.482762830109084,0.6492594801641762,0.0,Medium,0.0,0.0,0.0,0.0,100.0,0.0,0.0,0.0
ERI,Eritrea,2001,74.8,0.3180254653928347,893.2687354391927,2312079,-1.145623819556499,6.79488747114669,14.65365767774081,30.3,322.6685412202593,28.209662468384355,34.3253211975098,-2.604166666666663,0.482589631767759,0.6391731393551846,6.610932347773657,Medium,0.0,0.0,0.0,0.0,100.0,0.0,0.0,0.0
ERI,Eritrea,2002,74.7,0.30322050599713,889.0091135929823,2392978,-1.1932949955842,6.790107486972024,14.68804917336726,32.2,299.8327078096873,28.00905087882775,34.5420799255371,-0.1336898395721819,0.4811421824850582,0.6393882169975523,-4.655274814995448,Medium,0.0,0.0,0.0,0.0,100.0,0.0,0.0,0.0
ERI,Eritrea,2003,75.0,0.2808449246021197,830.3796722826013,2493903,-1.269952631727894,6.721883032683531,14.72935951112173,32.4,330.94947172604105,28.81266198634052,34.7451286315918,0.4016064257028162,0.4869403834948336,0.6380150574896127,-7.379310090334757,Medium,0.0,0.0,0.0,0.0,100.0,0.0,0.0,0.0
ERI,Eritrea,2004,69.8,0.2761053064253177,808.5914201845922,2598284,-1.286972941015512,6.695293746446186,14.77036178509583,33.4,268.6676676118523,37.51330970677735,34.9324645996094,-6.933333333333335,0.5497171469401251,0.5801770318198662,-1.687628211019554,Medium,0.0,0.0,0.0,0.0,100.0,0.0,0.0,0.0
ERI,Eritrea,2005,74.7,0.2270391531687594,809.7947934688887,2661215,-1.482632795454213,6.696780874173698,14.79429334338892,34.5,264.1901467234737,37.29147884223337,35.1022033691406,7.020057306590277,0.5481165967103264,0.6059010098849182,-17.770811395046472,Medium,0.0,0.0,0.0,0.0,100.0,0.0,0.0,0.0
ERI,Eritrea,2006,77.3,0.2009985566868454,789.4024320180846,2703502,-1.604457551611303,6.671276244067787,14.81005852758569,35.6,245.383387133755,27.05991773897345,35.2525177001953,3.4805890227576963,0.4742940134161317,0.6560371235055659,-11.469650110330477,Medium,0.0,0.0,0.0,0.0,100.0,0.0,0.0,0.0
ERI,Eritrea,2007,79.1,0.1932399200647997,789.072701743247,2743222,-1.643822752953646,6.670858460762138,14.82464369992954,36.7,244.4337243548072,27.888735028851865,35.3820953369141,2.3285899094437124,0.4802740816383919,0.6622027353761244,-3.8600459376102014,High,0.0,0.0,0.0,0.0,100.0,0.0,0.0,0.0
ERI,Eritrea,2008,81.4,0.1644340305653428,693.3988742124936,2816327,-1.805245819208662,6.541605409673737,14.8509441116775,37.8,239.25916399818027,19.123459804338257,35.4897117614746,2.907711757269293,0.4170310189397752,0.7055231477020352,-14.906800566775914,High,0.0,0.0,0.0,0.0,100.0,0.0,0.0,0.0
ERI,Eritrea,2009,81.7,0.1665232514452618,702.4309364807783,2887885,-1.792620330991666,6.554547085315662,14.87603495825742,38.9,244.67792193345508,22.68392502704126,35.5742034912109,0.3685503685503688,0.4427204262370966,0.6942043850503226,1.2705526178103277,High,0.0,0.0,0.0,0.0,100.0,0.0,0.0,0.0
ERI,Eritrea,2010,80.9,0.1754727884758382,703.8773743816538,2945186,-1.740271299517656,6.556604156869258,14.89568253096818,40.1,248.89495649492423,21.80611926623404,35.6346549987793,-0.9791921664626612,0.4363868972438848,0.6933019735550667,5.374346797160756,High,0.0,0.0,0.0,0.0,100.0,0.0,0.0,0.0
ERI,Eritrea,2011,77.1,0.2056371801092885,751.3748997946678,2998485,-1.581641924642751,6.621904727996705,14.91361771907694,41.2,258.7609726893528,21.424404001846632,35.6706275939941,-4.697156983930794,0.4336327518485231,0.6753504602914048,17.190352929054754,High,0.0,0.0,0.0,0.0,100.0,0.0,0.0,0.0
FJI,Fiji,2000,50.1,1.716356942308858,3960.889031500005,840909,0.5402039877735312,8.284223781955562,13.64223872858212,76.8,761.694759402813,0.0,48.0649880871211,0.0,0.4916618178880346,0.5090012375463184,0.0,Medium,72.0,0.0,0.0,54.667,28.0,0.0,0.0,72.0
FJI,Fiji,2001,40.4,1.840404145028931,3998.797292088675,849596,0.609985191540137,8.29374891791181,13.6525162213608,77.7,761.694759402813,0.0,48.4287914591462,-19.36127744510978,0.4916618178880346,0.459662478644996,7.227354617344539,Medium,74.684,0.0,0.0,58.228,25.316,0.0,0.0,74.684
FJI,Fiji,2002,49.0,1.507839295891027,4086.104341305776,858049,0.410677696195502,8.3153473113476,13.66241648639652,79.6,761.694759402813,0.0,48.7795139144731,21.287128712871283,0.4916618178880346,0.5034061205575087,-18.07020757023324,Medium,69.88,0.0,0.0,54.217,30.12,0.0,0.0,69.88
FJI,Fiji,2003,40.8,1.760734907409331,4087.724491010234,866286,0.5657312829237442,8.315743735045455,13.67197038706428,80.0,761.694759402813,0.0,49.1260494882891,-16.73469387755102,0.4916618178880346,0.4616970666409268,16.772053375148353,Medium,54.023,0.0,0.0,39.08,45.977,0.0,0.0,54.023
FJI,Fiji,2004,35.7,2.263354247534785,4264.597237741774,874366,0.8168478933022701,8.358103021173914,13.68125433128243,80.6,761.694759402813,0.0,49.4772922157817,-12.49999999999999,0.2790517614216686,0.5420610979259918,28.5459973565803,Medium,56.818,0.0,0.0,42.045,43.182,0.0,0.0,56.818
FJI,Fiji,2005,40.0,1.961515403245091,4255.450974218474,882379,0.6737173394253655,8.35595602228162,13.6903769479075,81.6,655.0473209357883,0.0,49.8421361321385,12.04481792717087,0.2790517614216686,0.5639329188822482,-13.335908182223488,Medium,52.809,0.0,0.0,38.202,47.191,0.0,0.0,52.809
FJI,Fiji,2006,39.1,2.089929410971905,4295.406797483447,890365,0.7371302907517523,8.365301544131956,13.69938676999478,82.6,627.8324058111,0.0,50.2294752725468,-2.2499999999999964,0.2790517614216686,0.5593550958914038,6.546673429857775,Medium,52.222,0.0,0.0,37.778,47.778,0.0,0.0,52.222
FJI,Fiji,2007,36.0,1.920292437783461,4223.448006267085,897832,0.6524774857870473,8.348407136512181,13.70773824737689,88.9,583.6281175097346,0.0,50.6494569776975,-7.928388746803073,0.2790517614216686,0.5435870389229399,-8.116875732638063,Medium,68.539,0.0,1.124,57.303,31.461,0.0,0.0,68.539
FJI,Fiji,2008,42.1,1.429822260153044,4240.772656868579,903399,0.3575501429474567,8.352500762017595,13.71391959527265,86.2,583.6281175097346,0.0,51.0979752573339,16.94444444444445,0.4916618178880346,0.468309477627702,-25.54143150178484,Medium,67.857,0.0,2.381,59.524,32.143,0.0,0.0,67.857
FJI,Fiji,2009,41.6,1.172237965960458,4164.293148008567,907239,0.1589147131728334,8.334301827835281,13.71816120044959,85.6,583.6281175097346,0.0,51.5628013169579,-1.187648456057011,0.4916618178880346,0.4657662426327884,-18.01512687073531,Medium,62.651,0.0,2.41,55.422,37.349,0.0,0.0,62.651
FJI,Fiji,2010,28.0,1.863427718446122,4272.359150901996,910419,0.6224176511227166,8.359921448010295,13.72166021208371,92.4,583.6281175097346,0.0,52.0415147785104,-32.6923076923077,0.4916618178880346,0.3965902507711404,58.96326279786943,Medium,52.273,0.0,1.136,46.591,47.727,0.0,0.0,52.273
FJI,Fiji,2011,33.4,1.364090914567426,4375.5808542034,912989,0.3104882101087343,8.383794556654063,13.72447911131175,92.5,583.6281175097346,0.0,52.5335449475105,19.285714285714285,0.4916618178880346,0.4240571887162065,-26.796682207511857,Medium,57.647,0.0,0.0,52.941,42.353,0.0,0.0,57.647
FJI,Fiji,2012,33.3,1.317276520955976,4427.978444550379,914918,0.2755663634828506,8.395698425828959,13.72658972275543,92.6,583.6281175097346,0.0,53.0383211294771,-0.2994011976047983,0.4916618178880346,0.4235485417172238,-3.431911547207656,Medium,66.279,0.0,1.163,60.465,33.721,0.0,0.0,66.279
FJI,Fiji,2013,32.8,1.498441646878055,4630.351265447177,916352,0.4044256659940408,8.440388011469713,13.7281558493158,91.8,583.6281175097346,0.0,53.5552726299291,-1.501501501501501,0.4916618178880346,0.4210053067223103,13.75300652824234,Medium,63.636,0.0,0.0,59.091,36.364,0.0,0.0,63.636
FJI,Fiji,2014,33.2,1.700005993995107,4883.243004362512,917585,0.5306317769354291,8.493564828205857,13.72950049767153,93.0,583.6281175097346,0.0,54.0838287543856,1.2195121951219745,0.4916618178880346,0.4230398947182411,13.451598034331449,Medium,48.352,0.0,0.0,43.956,51.648,0.0,0.0,48.352
FJI,Fiji,2015,32.7,1.760547280688194,5097.531068646955,918578,0.5656247156500681,8.536511597309282,13.73058210109869,93.2,583.6281175097346,0.0,54.6234188083653,-1.5060240963855387,0.4916618178880346,0.4204966597233276,3.561239601915256,Medium,48.387,0.0,1.075,43.011,51.613,0.0,0.0,48.387
FJI,Fiji,2016,27.7,1.732548854069885,5218.858234127478,919166,0.5495936502816846,8.560033927857635,13.73122201614677,93.4,583.6281175097346,0.0,55.1734720973874,-15.290519877675845,0.4916618178880346,0.3950643097741922,-1.5903251747584224,Medium,54.737,1.053,0.0,51.579,45.263,0.0,0.0,54.737
FJI,Fiji,2017,28.6,1.676827111353467,5500.678401523487,918759,0.5169033835214313,8.612626709345646,13.73077912537957,96.0,583.6281175097346,0.0,55.7408343449609,3.249097472924189,0.4916618178880346,0.3996421327650367,-3.2161715143283587,Medium,50.0,0.98,0.0,48.039,50.0,0.0,0.0,50.0
FJI,Fiji,2018,25.8,1.804335026930374,5720.214471771094,917180,0.5901921177738761,8.651761578735798,13.72905902423316,95.1,583.6281175097346,0.0,56.2328347385698,-9.790209790209792,0.4916618178880346,0.3854000167935208,7.60411820118938,Medium,59.091,0.909,0.0,50.909,40.909,0.0,0.0,59.091
FJI,Fiji,2019,26.5,1.769594239364126,5701.104352694317,914899,0.5707502770083729,8.648415181143013,13.7265689556514,96.1,583.6281175097346,0.0,56.70989552257,2.713178294573648,0.4916618178880346,0.3889605457863998,-1.9254067037290048,Medium,57.895,0.877,0.0,49.123,42.105,0.0,0.0,57.895
FJI,Fiji,2020,31.8,1.174145839777128,4721.122818976297,914963,0.1605409383730493,8.459801935665695,13.72663890628158,97.1,583.6281175097346,0.0,57.186684691874,20.0,0.4916618178880346,0.4159188367324832,-33.64886629609296,Medium,62.963,0.926,0.0,51.852,37.037,0.0,0.0,62.963
FJI,Fiji,2021,29.7,1.464692798493745,4507.33353596072,916711,0.3816455266192744,8.413461023937561,13.72854754344153,92.1,583.6281175097346,0.0,57.6618364761928,-6.60377358490567,0.4916618178880346,0.4052372497538464,24.74538927564292,Medium,62.264,0.943,0.0,51.887,37.736,0.0,0.0,62.264
FJI,Fiji,2022,28.4,1.560001827234937,5291.516931235716,919422,0.4446869925652063,8.573860238233038,13.7315004907171,92.0,583.6281175097346,0.0,58.1352701465266,-4.377104377104379,0.4916618178880346,0.3986248387670712,6.507100249226694,Medium,60.748,0.935,0.0,56.075,39.252,0.0,0.0,60.748
FSM,"Micronesia, Fed. Sts.",2000,1.3,0.0017850130305951,2724.42245620978,112044,-6.328329563723889,7.910011741959011,11.62664693027193,46.0,603.8037999957767,10.807091106766707,22.3299999237061,0.0,0.4916618178880346,0.2607815020427579,0.0,Low,27.93,0.0,0.0,22.2305,69.253,0.0,0.0,30.747
FSM,"Micronesia, Fed. Sts.",2001,1.4,0.0017799136741868,2766.086121390345,112365,-6.331190413502056,7.925188647455957,11.62950778005009,48.4,603.8037999957767,10.807091106766707,22.3299999237061,7.692307692307687,0.4916618178880346,0.2612901490417406,-0.2856761447069589,Low,27.93,0.0,0.0,22.2305,69.253,0.0,0.0,30.747
FSM,"Micronesia, Fed. Sts.",2002,1.6,0.0017785998861696,2776.295560906423,112448,-6.331928804998732,7.928872786026315,11.63024617154677,50.1,603.8037999957767,10.807091106766707,22.3299999237061,14.285714285714302,0.4916618178880346,0.262307443039706,-0.0738118952760658,Low,27.93,0.0,0.0,22.2305,69.253,0.0,0.0,30.747
FSM,"Micronesia, Fed. Sts.",2003,0.9,0.0017811818141336,2829.336436356795,112285,-6.330478194464605,7.947797488358188,11.62879556101264,51.8,603.8037999957767,10.807091106766707,22.3299999237061,-43.75,0.4916618178880346,0.2587469140468271,0.1451663178519302,Low,27.93,0.0,0.0,22.2305,69.253,0.0,0.0,30.747
FSM,"Micronesia, Fed. Sts.",2004,1.0,0.0017869108778199,2747.879816113581,111925,-6.327266916561129,7.918584917347109,11.62558428310917,53.5,603.8037999957767,10.807091106766707,22.3299999237061,11.111111111111116,0.4916618178880346,0.2592555610458097,0.321643958007578,Low,27.93,0.0,0.0,22.2305,69.253,0.0,0.0,30.747
FSM,"Micronesia, Fed. Sts.",2005,1.4,0.0017951387642264,2824.414922881174,111412,-6.322672954054096,7.946056515186219,11.62099032060213,55.2,603.8037999957767,10.807091106766707,22.3299999237061,39.99999999999999,0.4916618178880346,0.2612901490417406,0.4604530930240935,Low,27.93,0.0,0.0,22.2305,69.253,0.0,0.0,30.747
FSM,"Micronesia, Fed. Sts.",2006,1.4,0.0018062115615602,2836.181875214809,110729,-6.316523687127089,7.950214016489517,11.61484105367512,57.0,603.8037999957767,10.807091106766707,22.3275140420008,0.0,0.4916618178880346,0.2612901490417406,0.6168212482728253,Low,27.93,0.0,0.0,22.2305,69.253,0.0,0.0,30.747
FSM,"Micronesia, Fed. Sts.",2007,1.2,0.0018201674554058,2808.831683998316,109880,-6.308826773661173,7.940523905052035,11.60714414020921,58.7,603.8037999957767,10.807091106766707,22.3208324539882,-14.28571428571428,0.4916618178880346,0.2602728550437752,0.7726610848197479,Low,27.93,0.0,0.0,22.2305,69.253,0.0,0.0,30.747
FSM,"Micronesia, Fed. Sts.",2008,1.4,0.0018359403686568,2759.977341315716,108936,-6.300198466256374,7.922977749009277,11.59851583280441,60.5,603.8037999957767,10.807091106766707,22.3111192453232,16.666666666666675,0.4916618178880346,0.2612901490417406,0.8665638540060527,Low,27.93,0.0,0.0,22.2305,69.253,0.0,0.0,30.747
FSM,"Micronesia, Fed. Sts.",2009,1.1,0.0018525894569134,2815.598351569369,107957,-6.291170912128153,7.942930076270446,11.58948827867619,62.2,603.8037999957767,10.807091106766707,22.2995385016606,-21.42857142857142,0.4916618178880346,0.2597642080447925,0.906842539159114,Low,27.93,0.0,0.0,22.2305,69.253,0.0,0.0,30.747
FSM,"Micronesia, Fed. Sts.",2010,2.0,0.0018597731076808,2884.917335830676,107540,-6.287300783815632,7.967251525440072,11.58561815036367,64.5,603.8037999957767,10.807091106766707,22.2903529875138,81.81818181818181,0.4916618178880346,0.2643420310356368,0.3877626929514433,Low,27.93,0.0,0.0,22.2305,69.253,0.0,0.0,30.747
FSM,"Micronesia, Fed. Sts.",2011,1.6,0.0018570446990659,2989.682052883645,107698,-6.288768926321881,8.002922323902359,11.58708629286992,66.3,603.8037999957767,10.807091106766707,22.2914664135472,-20.0,0.4916618178880346,0.262307443039706,-0.1467065312262372,Low,27.93,0.0,0.0,22.2305,69.253,0.0,0.0,30.747
FSM,"Micronesia, Fed. Sts.",2012,1.4,0.0018537399202891,2933.799984415008,107890,-6.290550101997349,7.984053784741442,11.58886746854539,67.8,603.8037999957767,10.807091106766707,22.2942568788425,-12.50000000000001,0.4916618178880346,0.2612901490417406,-0.177959032347752,Low,27.93,0.0,0.0,22.2305,69.253,0.0,0.0,30.747
FSM,"Micronesia, Fed. Sts.",2013,1.4,0.0018497794138049,2819.903289172146,108121,-6.292688882782187,7.944457868724278,11.59100624933022,69.4,603.8037999957767,10.807091106766707,22.2986323961146,0.0,0.4916618178880346,0.2612901490417406,-0.2136495222944345,Low,27.93,0.0,0.0,22.2305,69.253,0.0,0.0,30.747
FSM,"Micronesia, Fed. Sts.",2014,1.5,0.0018450865345584,2740.016678280878,108396,-6.295229100389807,7.915719286327414,11.59354646693784,71.2,603.8037999957767,10.807091106766707,22.3046193122479,7.14285714285714,0.4916618178880346,0.2617987960407233,-0.2536993985017943,Low,27.93,0.0,0.0,22.2305,69.253,0.0,0.0,30.747
FSM,"Micronesia, Fed. Sts.",2015,1.7,0.0018396556164685,2853.076435870277,108716,-6.298176889841509,7.956153142256746,11.59649425638955,73.0,603.8037999957767,10.807091106766707,22.3122336099411,13.33333333333333,0.4916618178880346,0.2628160900386887,-0.2943448986349906,Low,27.93,0.0,0.0,22.2305,69.253,0.0,0.0,30.747
FSM,"Micronesia, Fed. Sts.",2016,1.9,0.0018336007334402,2870.494248452659,109075,-6.301473631443773,7.962239505931292,11.59979099799181,74.8,603.8037999957767,10.807091106766707,22.3214896137555,11.764705882352944,0.4916618178880346,0.2638333840366541,-0.3291313316525546,Low,27.93,0.0,0.0,22.2305,69.253,0.0,0.0,30.747
FSM,"Micronesia, Fed. Sts.",2017,1.7,0.0018268009974333,2922.072462258434,109481,-6.305188930653281,7.98004839085957,11.60350629720132,76.5,603.8037999957767,10.807091106766707,22.332401189542,-10.526315789473683,0.4916618178880346,0.2628160900386887,-0.3708406024789168,Low,27.93,0.0,0.0,22.2305,69.253,0.0,0.0,30.747
FSM,"Micronesia, Fed. Sts.",2018,2.0,0.001819687195771,2910.693530470804,109909,-6.309090663120321,7.97614665839253,11.60740802966836,78.3,603.8037999957767,10.807091106766707,22.3449820355433,17.647058823529417,0.4916618178880346,0.2643420310356368,-0.3894130598950385,Low,27.93,0.0,0.0,22.2305,69.253,0.0,0.0,30.747
FSM,"Micronesia, Fed. Sts.",2019,2.0,0.0018135325801128,3019.250866196141,110282,-6.312478634079945,8.012764022046605,11.61079600062798,80.1,603.8037999957767,10.807091106766707,22.359245777081,0.0,0.4916618178880346,0.2643420310356368,-0.3382238261910197,Low,27.93,0.0,0.0,22.2305,69.253,0.0,0.0,30.747
FSM,"Micronesia, Fed. Sts.",2020,2.0,0.0018031663601283,2951.771143189641,110916,-6.318211070504741,7.990160656695297,11.61652843705278,81.9,603.8037999957767,10.807091106766707,22.3752060036598,0.0,0.4916618178880346,0.2643420310356368,-0.5716037361607418,Low,27.93,0.0,0.0,22.2305,69.253,0.0,0.0,30.747
FSM,"Micronesia, Fed. Sts.",2021,2.1,0.0017917293771948,3023.964574517832,111624,-6.324573993024005,8.014324022454955,11.62289135957204,83.6,603.8037999957767,10.807091106766707,22.3928762855411,5.000000000000004,0.4916618178880346,0.2648506780346195,-0.6342721995269307,Low,27.93,0.0,0.0,22.2305,69.253,0.0,0.0,30.747
FSM,"Micronesia, Fed. Sts.",2022,2.0,0.0017838985318515,2923.259151600412,112114,-6.328954123206713,7.980454420640829,11.62727148975475,85.3,603.8037999957767,10.807091106766707,22.4122701819053,-4.761904761904767,0.4916618178880346,0.2643420310356368,-0.437055140303666,Low,27.93,0.0,0.0,22.2305,69.253,0.0,0.0,30.747
GAB,Gabon,2000,72.8,5.17720677468618,7596.099706505193,1275572,1.644265678147095,8.935390198031547,14.05890526342244,73.6,1153.0615531166725,32.42682719064588,79.5660404650438,0.0,0.5130172459736986,0.6137863922725606,0.0,Medium,61.832,0.0,0.0,61.069,38.168,0.0,17.557,61.832
GAB,Gabon,2001,72.4,5.147416479521437,7556.769953148979,1309589,1.638494934343091,8.930199122999735,14.08522390549248,77.2,1205.6201717229071,35.1778224434218,80.4090993437448,-0.5494505494505364,0.5328661794981514,0.6018273375144034,-0.575412504487971,Medium,62.857,0.0,0.0,62.143,37.143,0.0,22.143,62.857
GAB,Gabon,2002,79.8,4.811487322833767,7338.75620613605,1345135,1.571006251047004,8.900924653044678,14.11200493772838,77.8,1417.039686006059,28.07278123425808,81.2205241874174,10.220994475138111,0.4816020086469353,0.6650993008647317,-6.526170128726438,High,62.585,0.0,0.0,61.905,37.415,0.0,22.449,62.585
GAB,Gabon,2003,83.6,5.311462364813543,7301.671544428417,1382350,1.669867195608675,8.895858579613687,14.13929550739633,78.5,1621.1664153700872,23.572263646924306,81.9970830091574,4.761904761904767,0.4491299517335403,0.700663915282772,10.391278380949998,High,58.824,0.0,0.0,58.17,41.176,0.0,22.876,58.824
GAB,Gabon,2004,85.8,4.660353163211544,7148.98713447497,1421609,1.539091231362831,8.874725966139406,14.1672998866973,79.2,1829.656184550844,20.954376341814665,82.7355438220611,2.631578947368429,0.4302414163784911,0.7212984169379162,-12.258567544700206,High,58.17,0.0,0.0,57.516,41.83,0.0,20.915,58.17
GAB,Gabon,2005,85.2,4.367421822418253,7130.225057717535,1463495,1.474172863018876,8.87209807780745,14.19633796864087,81.6,2074.204584639886,20.16241967677432,83.4326746392243,-0.6993006993006978,0.424527304301136,0.7211035909826975,-6.285603913146909,High,51.592,0.0,0.0,50.955,48.408,0.0,21.019,51.592
GAB,Gabon,2006,86.2,3.783769807410413,6724.08148977274,1508337,1.330720816202438,8.813450613695512,14.22651827738433,80.5,2263.430173239906,18.50843981866232,84.0852434737431,1.1737089201877993,0.4125935373412251,0.73215694445248,-13.363765597632838,High,57.229,0.0,0.0,56.627,42.771,0.0,19.88,57.229
GAB,Gabon,2007,87.3,3.325714528057102,6908.673991629991,1556237,1.201684546677324,8.840533001332654,14.25778128574661,81.3,2419.634659297298,18.19578951254291,84.6900183387136,1.2761020881670415,0.4103377082421738,0.7388799759908155,-12.105791384460597,High,46.243,0.0,0.0,45.665,53.757,0.0,19.653,46.243
GAB,Gabon,2008,87.3,3.434037985906949,6468.385233576093,1607175,1.233736824122592,8.774681778845467,14.28998853735939,82.0,2578.184798203382,17.08036486822964,85.2437672472316,0.0,0.402289715576912,0.7429039723234463,3.2571484093413705,High,49.171,0.0,0.0,48.619,50.829,0.0,27.624,49.171
GAB,Gabon,2009,87.9,3.279516308809333,6264.836114801538,1661556,1.187695944695328,8.742707708137507,14.3232650706927,82.7,2728.501385734962,16.42798051535447,85.7432582123932,0.6872852233677174,0.3975826432402564,0.7483093904856704,-4.4997078579725125,High,51.913,0.0,0.0,51.366,48.087,0.0,34.973,51.913
GAB,Gabon,2010,85.8,3.464313477866757,6481.496120735622,1719879,1.242514482525644,8.776706645526552,14.35776449747783,89.3,2957.467414375604,18.8862012255762,86.1852592472945,-2.3890784982935287,0.4153191549323028,0.7287595476610103,5.634890991730335,High,47.15,0.0,0.0,46.632,52.85,0.0,41.969,47.15
GAB,Gabon,2011,79.7,3.266020757750487,6699.233946065119,1781985,1.183572350238574,8.80974846243396,14.39323846946905,88.7,2295.781421164864,26.237139856611968,86.5665383650315,-7.109557109557107,0.4683575206228767,0.6712128978777783,-5.723867697976748,High,41.379,0.0,0.0,40.887,58.621,0.0,47.291,41.379
GAB,Gabon,2012,75.5,3.189146721865797,6803.226680792107,1846889,1.15975339570765,8.82515229050023,14.42901315992012,89.3,1955.4080460584205,30.82248820459857,86.8838635787001,-5.269761606022582,0.5014416469781684,0.6333076607428588,-2.3537522136766187,Medium,42.13,0.0,0.0,41.667,57.87,0.0,43.981,42.13
GAB,Gabon,2013,82.2,3.176953768806921,6938.257538622355,1913059,1.155922803342319,8.844805946849752,14.46421408955683,86.4,2771.538240401477,22.028732708377067,87.1482480671637,8.874172185430474,0.4379930939140855,0.6991112862067417,-0.382326500542518,High,44.976,0.0,0.0,44.498,55.024,0.0,40.191,44.976
GAB,Gabon,2014,81.3,3.167763428913986,6998.605454395762,1978399,1.153025795947302,8.853466187389746,14.49779848973026,87.1,2602.6537663408494,22.46019271553245,87.6236017962969,-1.094890510948909,0.4411061567199357,0.6929769318129722,-0.2892815118422764,High,40.201,0.0,0.0,39.698,59.799,0.0,47.236,40.201
GAB,Gabon,2015,81.9,3.155969973380552,7047.126546343554,2040989,1.149295888800393,8.860375230643234,14.52894505226251,87.3,2550.9604792747828,6.488200323875384,88.085308383892,0.738007380073813,0.325865312550841,0.7536492358914157,-0.3722959683727822,High,43.396,0.0,0.0,42.925,56.604,0.0,46.226,43.396
GAB,Gabon,2016,81.5,3.122878285354611,6991.325144673602,2100306,1.138755103911802,8.852425394466891,14.55759360636407,88.1,2489.2417985990323,0.0,88.5445883406178,-0.4884004884004977,0.2790517614216686,0.7750214234600712,-1.0485425496775005,High,37.9,0.0,0.0,37.443,62.1,0.0,52.511,37.9
GAB,Gabon,2017,90.2,2.665353052992721,6840.059593478019,2156900,0.9803365265142308,8.830551723075429,14.58418256361047,86.3,2263.593356818295,0.0,89.0009733256896,10.674846625766875,0.2790517614216686,0.8192737123715665,-14.65075454613618,High,41.964,0.0,0.0,41.518,58.036,0.0,49.554,41.964
GAB,Gabon,2018,90.3,2.445805711475475,6724.596142910797,2212318,0.8943746029881156,8.813527149568014,14.60955139259369,89.6,2294.91220106774,0.0,89.4539949981866,0.1108647450110744,0.2790517614216686,0.8197823593705493,-8.237082936188623,High,47.122,0.0,0.0,46.763,52.878,0.0,38.849,47.122
GAB,Gabon,2019,90.2,2.492739358629382,6817.568794687638,2267706,0.9133822497895144,8.82725820556544,14.6342793057975,90.3,2211.812265164814,0.0,89.9031850170394,-0.1107419712070845,0.2790517614216686,0.8192737123715665,1.918944212686191,High,46.479,0.0,0.0,46.127,53.521,0.0,38.732,46.479
GAB,Gabon,2020,91.3,2.380455182883904,6534.279665289974,2322539,0.8672917227093648,8.784817392789282,14.65817154177887,91.1,2143.314122669932,0.0,90.3480750410147,1.2195121951219523,0.2790517614216686,0.8248688293603763,-4.504449105630393,High,48.805,0.0,0.0,48.464,51.195,0.0,37.543,48.805
GAB,Gabon,2021,91.3,2.257184475087957,6479.04900690761,2376722,0.8141182291377316,8.776329020383013,14.68123278535878,91.8,2106.983787948759,0.0,90.7881967286967,0.0,0.2790517614216686,0.8248688293603763,-5.17845110810301,High,46.622,0.0,0.0,46.284,53.378,0.0,37.5,46.622
GEO,Georgia,2000,47.2,1.278497060800843,1561.198676388466,4077131,0.2456852168030456,7.353209187489335,15.2209041127544,99.8,703.7906883304609,59.00642523098335,52.4935999592259,0.0,0.7047939035586146,0.3876844317405299,0.0,Medium,78.804,0.0,0.0,78.804,21.196,0.0,18.342,78.804
GEO,Georgia,2001,53.1,0.9662281008765254,1661.830191064206,4014373,-0.0343553433719822,7.415674798754024,15.20539172878451,99.8,640.3676242372395,55.08472580066616,52.4098165040349,12.5,0.6764981254336964,0.4318424937429687,-24.424691264343945,Medium,79.797,0.0,0.0,79.797,20.203,0.0,19.186,79.797
GEO,Georgia,2002,56.8,0.9032264550969394,1768.597011688804,3978515,-0.1017819761671601,7.477941862492353,15.19641919205779,99.9,639.4694306033281,49.58558231284778,52.4127676027039,6.967984934086613,0.6368208001380624,0.4705010953531457,-6.520369850807828,Medium,93.185,0.0,0.0,93.185,6.815,0.0,5.702,93.185
GEO,Georgia,2003,55.3,1.001053714114505,1977.461433387411,3951736,0.0010531593474643,7.589569196739826,15.18966553399913,100.0,684.6365773063636,52.1405444779906,52.5144705663341,-2.640845070422537,0.6552553191079659,0.4536541308834534,10.830867327404214,Medium,90.986,0.0,0.0,90.986,9.014,0.0,7.887,90.986
GEO,Georgia,2004,54.5,1.098046005693421,2105.004728437988,3927340,0.0935322417482124,7.652072992402789,15.18347290989889,99.9,708.0526135974144,53.76825752544464,52.7173199317225,-1.446654611211573,0.6669995662284213,0.4437128313313641,9.689019701076852,Medium,87.318,0.0,0.0,87.318,12.682,0.0,11.224,87.318
GEO,Georgia,2005,41.5,1.27593582421795,2321.600842851635,3902469,0.2436798891577485,7.750012245177598,15.17711998771429,97.9,727.9456480777067,64.4076475508237,53.0036280624359,-23.85321100917432,0.7437647097310799,0.339206149712283,16.20057972090074,Medium,85.694,0.0,0.0,85.694,14.306,0.0,12.083,85.694
GEO,Georgia,2006,37.2,1.464198949217686,2554.812535039136,3880347,0.381308300580705,7.845734128141319,15.17143514059025,100.0,781.3440208310802,70.39997715122897,53.3593916521584,-10.361445783132528,0.7870004629644003,0.2957164521393665,14.754905491828074,Low,70.415,0.0,0.0,70.415,29.585,0.0,28.782,70.415
GEO,Georgia,2007,36.2,1.708712441304216,2891.13702331846,3860158,0.5357401285974623,7.969405137405951,15.16621867324578,100.0,865.6881246092388,70.68300536916475,53.7706073945741,-2.6881720430107503,0.7890425632834333,0.2896089319900229,16.69947190012482,Low,79.412,0.0,0.0,79.412,20.588,0.0,19.882,79.412
GEO,Georgia,2008,36.3,1.476179104880953,2970.158582824281,3848449,0.3894570635868932,7.996370625261619,15.16318076795237,100.0,780.7884909250272,66.78333044210805,54.2232719833673,0.2762430939226457,0.760905695974768,0.3041860126433383,-13.60868750073455,Low,84.606,0.0,0.0,84.606,15.394,0.0,15.274,84.606
GEO,Georgia,2009,36.7,1.696536222161226,2887.256079359217,3814419,0.5285886561260495,7.968061876581071,15.15429891752487,100.0,811.6048837679709,66.9876694364067,54.7033821122222,1.1019283746556583,0.7623800391639084,0.3054834290446989,14.927532611162642,Low,88.115,0.0,0.0,88.115,11.885,0.0,11.405,88.115
GEO,Georgia,2010,39.1,1.666994569142749,3090.065136623185,3786695,0.5110223459005718,8.035947449482943,15.14700416495554,100.0,824.6050830526251,64.69847622194573,55.1969344748228,6.539509536784727,0.745863091745473,0.3259494307295015,-1.7412922065904168,Low,93.166,0.0,0.0,93.166,6.834,0.0,6.533,93.166
GEO,Georgia,2011,31.5,2.019145249452873,3362.103003196797,3756441,0.7026742780272868,8.120321950975981,15.1389825245586,100.0,943.6420900630116,72.75749502934295,55.6899257648533,-19.437340153452688,0.8040103853182013,0.2582186120204517,21.124884677411828,Low,77.944,0.0,0.0,77.944,22.056,0.0,21.956,77.944
GEO,Georgia,2012,28.7,2.218846761783852,3609.780798625996,3728874,0.796987584235494,8.19140232888114,15.13161686937046,100.0,993.8477224149408,74.45474730858344,56.1683526759979,-8.888888888888891,0.8162563707050816,0.2378535033554958,9.890398542902856,Low,74.324,0.0,0.0,74.324,25.676,0.0,25.676,74.324
GEO,Georgia,2013,32.4,2.461032023300628,3806.506006490514,3717668,0.9005807836365828,8.244466988701285,15.1286071479564,100.0,1118.8661665153802,64.58937098757879,56.6182119019407,12.891986062717775,0.745075877539293,0.2922636889007502,10.914916058559632,Low,82.064,0.0,0.0,82.064,17.936,0.0,17.936,82.064
GEO,Georgia,2014,30.7,2.64568558380433,3960.350800919007,3719414,0.9729302316497884,8.284087886415668,15.12907668695895,100.0,1193.7818976040016,71.39239354495011,57.0237612994258,-5.246913580246915,0.794160928620483,0.2590741643774492,7.503094586150594,Low,80.175,0.0,0.0,80.175,19.825,0.0,19.825,80.175
GEO,Georgia,2015,27.5,2.858043269814103,4086.622346596499,3725276,1.050137219286037,8.315474075721644,15.13065150101071,100.0,1259.159978604844,73.9831016961049,57.3803800455672,-10.423452768729636,0.8128533614124483,0.2334512440140199,8.02656548872356,Low,77.86,0.0,0.0,77.86,22.14,0.0,22.14,77.86
GEO,Georgia,2016,27.2,2.95779616660474,4225.091549048057,3727505,1.084444452720461,8.348796207970258,15.13124966700175,100.0,1300.4989444552696,0.0,57.6984032005062,-1.090909090909098,0.2790517614216686,0.4988261030124618,3.4902514543499352,Medium,80.505,0.0,0.087,80.418,19.495,0.174,19.321,80.505
GEO,Georgia,2017,27.5,2.996482836391806,4442.50744127374,3728004,1.097439213014434,8.398974235046817,15.13138352774842,100.0,1312.7861034606694,0.0,57.9996827205757,1.1029411764705843,0.2790517614216686,0.5003520440094099,1.307955910683134,Medium,80.507,0.0,0.787,79.72,19.493,0.175,19.318,80.507
GEO,Georgia,2018,27.4,2.988555899841918,4713.653548453031,3726549,1.09479029409031,8.45821858661897,15.13099316228493,99.9,1301.8772880932922,0.0,58.3038181862576,-0.363636363636366,0.2790517614216686,0.4998433970104272,-0.2645413634150162,Medium,82.475,0.0,0.664,81.811,17.525,0.083,17.442,82.475
GEO,Georgia,2019,24.7,3.20488817553864,4975.811481948139,3720161,1.164677199136372,8.51234374824076,15.12927750488269,100.0,1371.179346722857,0.0,58.6304091780343,-9.85401459854014,0.2790517614216686,0.4861099280378941,7.238689284954147,Medium,76.054,0.0,0.759,75.295,23.946,0.0,23.946,76.054
GEO,Georgia,2020,23.4,3.100048459243198,4659.609253182341,3722716,1.131417743382857,8.446686872355555,15.12996406737737,100.0,1327.386444554554,0.0,58.9990552763878,-5.263157894736848,0.2790517614216686,0.4794975170511189,-3.271244129378148,Medium,74.731,0.0,0.806,73.925,25.269,0.0,25.269,74.731
GEO,Georgia,2021,25.2,3.328255060521327,5175.198651858251,3708610,1.202448160803856,8.551633004229327,15.1261677013071,100.0,1425.967856150544,0.0,59.4293560618005,7.692307692307687,0.2790517614216686,0.4886531630328076,7.361388193713592,Medium,81.171,0.0,0.633,80.538,18.829,0.0,18.829,81.171
GHA,Ghana,2000,71.6,0.3064201935857391,1022.275207145655,19637087,-1.182797937328725,6.929786017434896,16.79293053013453,43.7,322.1273346429661,28.1293639543572,43.9373786640616,0.0,0.4820102633135862,0.6231861196148244,0.0,Medium,91.353,0.0,0.0,91.213,8.647,0.0,0.0,91.353
GHA,Ghana,2001,69.3,0.3224861282519537,1035.226660532575,20167069,-1.13169515684364,6.942375677407062,16.81956158454718,44.8,313.1657283660477,32.18085034206502,44.6410507317701,-3.212290502793292,0.5112424780561207,0.5968711312669549,5.243105709911133,Medium,83.867,0.0,0.0,83.739,16.133,0.0,0.0,83.867
GHA,Ghana,2002,65.7,0.3705029786697031,1052.465916443987,20729388,-0.9928937946839724,6.958891181606041,16.84706296154491,46.8,303.79721453566214,35.92000165512995,45.3484692124806,-5.194805194805186,0.538221138152319,0.5650705092554784,14.889586314309478,Medium,68.776,0.0,0.0,68.638,31.224,0.0,0.0,68.776
GHA,Ghana,2003,64.5,0.3384701999675537,1077.699908666445,21296705,-1.083319226051534,6.982584334854193,16.87406292387749,48.3,281.2178263611784,36.46535694003477,46.0547973581418,-1.82648401826484,0.5421559762027889,0.556999326242451,-8.645754702745878,Medium,65.646,0.0,0.0,65.476,34.354,0.0,0.0,65.646
GHA,Ghana,2004,62.4,0.3071478173564308,1108.30475353633,21868298,-1.180426157513579,7.010586877806363,16.90054856612203,50.8,270.19210386377944,37.09842644158996,46.7572004525685,-3.255813953488373,0.546723688357162,0.5440338831866276,-9.254103496888488,Medium,87.333,0.0,0.0,87.167,12.667,0.0,0.0,87.333
GHA,Ghana,2005,61.4,0.3165246274761979,1143.311789343014,22449438,-1.150354228493983,7.04168440817412,16.92677613843162,41.2,261.8933684492926,37.63986896330327,47.4528437795757,-1.602564102564108,0.5506302951061033,0.5369941098223299,3.0528656203621107,Medium,82.789,0.0,0.0,82.641,17.211,0.0,0.0,82.789
GHA,Ghana,2006,58.6,0.3750189555856415,1185.265707385952,23040702,-0.9807787060608676,7.077722254076573,16.9527728620778,55.1,274.133659952501,42.718649568912646,48.1388926229785,-4.56026058631921,0.587274625380501,0.5044298287136153,18.48018227707804,Medium,66.389,0.0,0.0,66.269,33.611,0.0,0.0,66.389
GHA,Ghana,2007,54.5,0.3858553568376382,1205.317058042087,23642279,-0.9522927029621494,7.094497930022225,16.97854715025489,56.9,263.0254093027411,46.13906442154349,48.8125122665918,-6.996587030716728,0.6119535436619536,0.4712358426145979,2.889560938346225,Medium,53.161,0.0,0.0,53.017,46.839,0.0,0.0,53.161
GHA,Ghana,2008,57.3,0.3567595573202514,1282.634168867468,24249946,-1.03069323301837,7.156671186674486,17.00392494854116,60.5,276.02373690345706,40.23925552978383,49.4708679942306,5.137614678899083,0.5693853442507232,0.5067620582917289,-7.540597532673332,Medium,73.918,0.0,0.0,73.678,26.082,0.0,0.0,73.918
GHA,Ghana,2009,51.9,0.3989154179133821,1311.630537601251,24862664,-0.919005869743801,7.179026327408551,17.02887779840215,61.1,274.2686925550348,45.81629171558588,50.1111250897099,-9.424083769633508,0.609624679598086,0.4591754526729814,11.81632271039308,Medium,76.398,0.0,0.0,76.174,23.602,0.0,0.224,76.398
GHA,Ghana,2010,51.9,0.436820497903925,1381.227950350598,25474995,-0.8282329282167736,7.230728201591566,17.05320794080219,64.2,296.0995897715015,48.78078839197426,50.7296926788704,0.0,0.6310140649137165,0.4484807600151662,9.502034338209864,Medium,68.676,0.0,0.0,68.478,31.324,0.0,12.846,68.676
GHA,Ghana,2011,50.1,0.4595577527847386,1537.818340192826,26095088,-0.7774906589368191,7.338120028780589,17.07725765534751,64.1,302.77631143678724,49.85590074184163,51.3304086646488,-3.4682080924855474,0.6387711970070208,0.4354465479868253,5.205171229353445,Medium,66.401,0.0,0.0,66.225,33.599,0.0,25.553,66.401
GHA,Ghana,2012,46.5,0.5414623658295039,1640.540720880026,26734268,-0.6134817148094968,7.402781174330229,17.10145674615097,56.5,328.52015145609295,51.2632964298526,51.9197918381031,-7.185628742514972,0.6489258141135908,0.4120579474701629,17.822485323869675,Medium,65.926,0.0,0.0,65.761,34.074,0.0,16.79,65.926
GHA,Ghana,2013,46.2,0.5622431712213524,1718.597047699585,27386193,-0.575820833665375,7.449263567025666,17.12554953924596,70.7,323.6711495244618,53.021717870354735,52.4985794475913,-0.6451612903225712,0.6616131461783338,0.4041883404408433,3.837903925236419,Medium,62.895,0.0,0.0,62.741,37.105,0.0,11.393,62.895
GHA,Ghana,2014,47.7,0.5290427162623291,1726.369301346465,28041592,-0.6366861013057421,7.453775812456558,17.1491993945532,78.3,321.35470093533314,52.67439064049636,53.0663398797148,3.2467532467532534,0.6591071167369036,0.413071060146299,-5.904999234922215,Medium,63.609,0.0,0.0,63.456,36.391,0.0,21.33,63.609
GHA,Ghana,2015,44.0,0.5439978745520118,1722.772828336062,28696068,-0.6088099392073348,7.451690381251574,17.17227066785969,74.0,325.60404922755095,52.77633090522307,53.6226415210752,-7.756813417190777,0.6598426343776497,0.3938833623635658,2.8268337943182287,Medium,49.914,0.0,0.0,49.742,50.086,0.0,41.753,49.914
GHA,Ghana,2016,45.2,0.5463821564395668,1740.811019029283,29356742,-0.6044366278481674,7.462106386506757,17.19503278825081,79.3,327.9304794328791,0.0,54.167052758274,2.7272727272727337,0.2790517614216686,0.5903825628293489,0.4382888241095672,Medium,42.217,0.228,0.0,41.838,57.783,0.0,30.372,42.217
GHA,Ghana,2017,45.3,0.5789221228195321,1841.446361532492,30008354,-0.5465873133578307,7.518306607865188,17.21698636752845,79.0,351.1139713116854,0.0,54.6991419779128,0.221238938053081,0.2790517614216686,0.5908912098283315,5.955532404646613,Medium,42.632,0.226,0.0,42.256,57.368,0.0,30.0,42.632
GHA,Ghana,2018,42.1,0.6219974583505847,1915.453232378098,30637585,-0.4748192725043856,7.557709548482737,17.23773808119246,80.4,378.6574965755917,0.0,55.218477566593,-7.064017660044142,0.2790517614216686,0.5746145058608849,7.440609683606869,Medium,40.711,0.201,0.0,40.376,59.289,0.0,34.339,40.711
GHA,Ghana,2019,42.6,0.6486655259798435,1999.553722202112,31258945,-0.4328380634158474,7.60067929574395,17.25781613318783,83.5,380.4211550623765,0.0,55.7246279109161,1.187648456057011,0.2790517614216686,0.5771577408557985,4.28748819970699,Medium,42.312,0.289,0.0,41.908,57.688,0.0,41.561,42.312
GHA,Ghana,2020,40.0,0.7195790717386698,1970.194114603976,31887809,-0.3290888605156345,7.585887352209714,17.27773433170277,85.4,392.37309814048064,0.0,56.2171613974837,-6.103286384976525,0.2790517614216686,0.5639329188822482,10.93222052331324,Medium,37.354,0.304,0.0,36.949,62.646,0.0,58.743,37.354
GHA,Ghana,2021,39.0,0.7531551495118264,2030.048665009665,32518665,-0.2834840305575748,7.615815044659652,17.29732479014072,86.3,382.1918924285976,0.0,56.6952556826536,-2.500000000000002,0.2790517614216686,0.5588464488924211,4.666072026251267,Medium,34.783,0.589,0.0,34.103,65.217,0.0,62.5,34.783
GIN,Guinea,2000,85.5,0.1732268480377827,614.1372350836383,8428832,-1.753153283101395,6.42021841308073,15.94716876759105,15.2,603.8037999957767,10.807091106766707,30.9231105645224,0.0,0.4916618178880346,0.6890622751861963,0.0,High,50.617,0.0,0.0,50.617,49.383,0.0,0.0,50.617
GIN,Guinea,2001,84.8,0.1844739319622106,628.3205548649361,8539960,-1.690247115661673,6.443050473922217,15.96026688191303,16.4,603.8037999957767,10.807091106766707,31.2176948406254,-0.8187134502923965,0.4916618178880346,0.6855017461933175,6.492690972461013,High,57.292,0.0,0.0,57.292,42.708,0.0,0.0,57.292
GIN,Guinea,2002,84.3,0.1957559465191987,650.5549639732907,8674066,-1.630886566441347,6.477825789345845,15.97584821229478,17.7,603.8037999957767,10.807091106766707,31.5131362085814,-0.5896226415094352,0.4916618178880346,0.6829585111984039,6.115777138256706,High,58.416,0.0,0.0,58.416,41.584,0.0,0.0,58.416
GIN,Guinea,2003,83.5,0.2027217220219956,644.0712179088938,8870781,-1.595921067861746,6.467809306805135,15.99827340001503,18.9,603.8037999957767,10.807091106766707,31.8086015036327,-0.948991696322654,0.4916618178880346,0.6788893352065423,3.558397906504318,High,46.512,0.0,0.0,46.512,53.488,0.0,0.0,46.512
GIN,Guinea,2004,83.2,0.2019701356964781,645.1828433906887,9062726,-1.599635435597541,6.469533754748539,16.01968051576516,20.2,603.8037999957767,10.807091106766707,32.1032575610216,-0.3592814371257469,0.4916618178880346,0.6773633942095941,-0.37074780049271,High,61.111,0.0,0.0,61.111,38.889,0.0,0.0,61.111
GIN,Guinea,2005,81.6,0.1895229900050228,651.3596068716035,9245844,-1.663244942530526,6.479061881204381,16.03968471122704,20.2,603.8037999957767,10.807091106766707,32.3962712159907,-1.9230769230769384,0.4916618178880346,0.6692250422258708,-6.162864449505023,High,62.025,0.0,0.0,62.025,37.975,0.0,0.0,62.025
GIN,Guinea,2006,81.1,0.1966599270365932,645.4720019236535,9441171,-1.626279300643146,6.46998183509915,16.06059057703871,22.8,603.8037999957767,10.807091106766707,32.6868093037822,-0.6127450980392135,0.4916618178880346,0.6666818072309573,3.765736827696364,High,63.014,0.0,0.0,63.014,36.986,0.0,0.0,63.014
GIN,Guinea,2007,80.4,0.2007600482743153,673.6989974206261,9662281,-1.605644873737596,6.512783419796627,16.08374030667918,24.1,603.8037999957767,10.807091106766707,32.9740386596386,-0.8631319358816114,0.4916618178880346,0.6631212782380784,2.084878856361594,High,67.949,0.0,0.0,67.949,32.051,0.0,0.0,67.949
GIN,Guinea,2008,80.2,0.208306604693263,684.7757803773655,9898870,-1.568744223617008,6.529091456762495,16.10793116717605,25.4,603.8037999957767,10.807091106766707,33.2571261188022,-0.248756218905477,0.4916618178880346,0.662103984240113,3.7589931282723255,High,64.198,0.0,0.0,64.198,35.802,0.0,0.0,64.198
GIN,Guinea,2009,79.2,0.2156940569233563,660.7567013302843,10143534,-1.533894278477701,6.493385695438696,16.13234701611814,26.7,603.8037999957767,10.807091106766707,33.5352385165154,-1.2468827930174564,0.4916618178880346,0.6570175142502859,3.546432068715011,Medium,65.0,0.0,0.0,65.0,35.0,0.0,0.0,65.0
GIN,Guinea,2010,75.7,0.2414658747532485,675.7369173277077,10396086,-1.421027121243626,6.515803824743777,16.15693994712177,28.1,603.8037999957767,10.807091106766707,33.8075426880206,-4.419191919191922,0.4916618178880346,0.6392148692858912,11.948320782454292,Medium,76.19,0.0,0.0,76.19,23.81,0.0,0.0,76.19
GIN,Guinea,2011,74.8,0.2489957126006751,696.199991395571,10656810,-1.390319601136853,6.545636963018205,16.18170968238694,29.5,603.8037999957767,10.807091106766707,34.0732054685603,-1.1889035667107084,0.4916618178880346,0.6346370462950468,3.118385923112843,Medium,74.545,0.0,0.0,74.545,25.455,0.0,0.0,74.545
GIN,Guinea,2012,76.4,0.2299209244522382,719.5059167945462,10921581,-1.470019835903424,6.578564749774563,16.20625129802117,26.2,603.8037999957767,10.807091106766707,34.3313936933767,2.1390374331550888,0.4916618178880346,0.6427753982787702,-7.660689394691689,Medium,67.123,0.0,0.0,67.123,32.877,0.0,0.0,67.123
GIN,Guinea,2013,78.5,0.2028168118062097,729.833143236326,11191873,-1.595452112248285,6.592815937106983,16.23069844787208,32.2,603.8037999957767,10.807091106766707,34.5812741977122,2.7486910994764413,0.4916618178880346,0.653456985257407,-11.78844975097465,Medium,73.846,0.0,0.0,73.846,26.154,0.0,0.0,73.846
GIN,Guinea,2014,78.6,0.2068696698417945,738.2722744813078,11472924,-1.575666298297929,6.604312692171992,16.25550038251111,33.5,603.8037999957767,10.807091106766707,34.8177920826682,0.1273885350318471,0.4916618178880346,0.6539656322563896,1.9982850531430785,Medium,59.155,0.0,0.0,59.155,40.845,0.0,0.0,59.155
GIN,Guinea,2015,76.2,0.2436715342052015,747.3569667594476,11767070,-1.411934131881653,6.616542938138529,16.28081551026835,34.9,603.8037999957767,10.807091106766707,35.0373191833496,-3.0534351145038108,0.4916618178880346,0.6417581042808047,17.789879198604396,Medium,78.947,1.754,0.0,77.193,21.053,0.0,0.0,78.947
GIN,Guinea,2016,75.3,0.2674970574909529,807.2364210438877,12073030,-1.318646712740397,6.693616588244367,16.30648459719506,33.5,603.8037999957767,10.807091106766707,35.3100280761719,-1.1811023622047334,0.4916618178880346,0.6371802812899603,9.77772121124636,Medium,68.323,1.242,0.0,67.081,31.677,0.0,0.0,68.323
GIN,Guinea,2017,72.0,0.2640230931595969,867.907502577607,12385659,-1.331718705572074,6.766085145131337,16.33204982901767,35.4,603.8037999957767,10.807091106766707,35.5827331542969,-4.3824701195219085,0.4916618178880346,0.620394930323531,-1.2986925403744132,Medium,69.492,1.13,0.0,68.362,30.508,0.0,0.0,69.492
GIN,Guinea,2018,73.2,0.2944955966945969,899.9073280451746,12704774,-1.222491227803304,6.802291789183961,16.35748838630585,45.0,603.8037999957767,10.807091106766707,35.8554382324219,1.6666666666666607,0.4916618178880346,0.6264986943113235,11.541605383957831,Medium,62.371,1.031,0.0,61.34,37.629,0.0,0.0,62.371
GIN,Guinea,2019,68.3,0.3693319173819691,926.4222195485298,13034346,-0.9960595341536992,6.831330091363277,16.38309843147885,42.2,603.8037999957767,10.807091106766707,36.1281547546387,-6.693989071038264,0.4916618178880346,0.601574991361171,25.41169427568056,Medium,63.902,0.976,0.0,62.927,36.098,0.0,0.0,63.902
GIN,Guinea,2020,65.8,0.4033599719635876,945.570903389665,13371183,-0.9079258850497004,6.851788875651407,16.40861242683924,44.7,603.8037999957767,10.807091106766707,36.4802208060551,-3.660322108345537,0.4916618178880346,0.5888588163866033,9.213407501530968,Medium,60.887,0.806,0.0,60.081,39.113,0.0,0.0,60.887
GIN,Guinea,2021,66.8,0.3703508395345965,973.646890096159,13710513,-0.9933045076573198,6.881048702074966,16.43367346878157,46.8,603.8037999957767,10.807091106766707,36.8502178436256,1.5197568389057723,0.4916618178880346,0.5939452863764303,-8.183541928640082,Medium,73.077,0.549,0.0,72.527,26.923,0.0,0.0,73.077
GIN,Guinea,2022,66.6,0.3714513775283727,987.5025014653368,14055137,-0.9903373048749168,6.895179029901524,16.45849850969611,47.7,603.8037999957767,10.807091106766707,37.2384967469106,-0.2994011976047983,0.4916618178880346,0.5929279923784649,0.2971609285830734,Medium,74.5,0.75,0.0,73.75,25.5,0.0,0.0,74.5
GMB,"Gambia, The",2000,62.9,0.1829447647008695,659.9112376411409,1455084,-1.698571003936919,6.492105337553578,14.19057418888007,34.3,66.61271858840247,0.0,46.9722332873784,0.0,0.4916618178880346,0.5741080534161048,0.0,Medium,27.93,0.0,0.0,22.2305,69.253,0.0,0.0,30.747
GMB,"Gambia, The",2001,59.6,0.1994634153193522,679.539755947951,1495011,-1.612124441326611,6.521415739529362,14.21764412263939,29.9,66.61271858840247,0.0,48.3491979765917,-5.246422893481717,0.4916618178880346,0.5573227024496755,9.029310374359213,Medium,27.93,0.0,0.0,22.2305,69.253,0.0,0.0,30.747
GMB,"Gambia, The",2002,61.0,0.2016681741313845,640.0389321361304,1535691,-1.601131634615685,6.461529005966263,14.24449100057698,31.5,66.61271858840247,0.0,49.5731153377033,2.348993288590595,0.4916618178880346,0.5644437604354334,1.1053449618830369,Medium,27.93,0.0,0.0,22.2305,69.253,0.0,0.0,30.747
GMB,"Gambia, The",2003,62.4,0.2000493150719664,665.8342223261942,1577611,-1.609191367468976,6.501040724129668,14.27142223542283,27.8,66.61271858840247,0.0,50.6010077995371,2.2950819672131084,0.4916618178880346,0.5715648184211912,-0.8027340290012286,Medium,27.93,0.0,0.0,22.2305,69.253,0.0,0.0,30.747
GMB,"Gambia, The",2004,61.2,0.2015651521730549,693.563314497133,1621312,-1.601642614010743,6.541842532627411,14.29874625597873,34.8,66.61271858840247,0.0,51.5062022597801,-1.923076923076916,0.2790517614216686,0.6717660826665819,0.7577317125745608,High,27.93,0.0,0.0,22.2305,69.253,0.0,0.0,30.747
GMB,"Gambia, The",2005,61.7,0.1990357742509614,658.676285443081,1667037,-1.61427070030902,6.490232192938562,14.3265583570475,30.5,64.78560463864929,0.0,52.3582132660613,0.8169934640522847,0.2790517614216686,0.6743093176614954,-1.2548686590040603,High,27.93,0.0,0.0,22.2305,69.253,0.0,0.0,30.747
GMB,"Gambia, The",2006,60.2,0.2144262581801752,636.5960269088658,1715275,-1.539789384429383,6.456135273717718,14.35508397558174,38.1,66.46164609173455,0.0,53.1603285370566,-2.4311183144246407,0.2790517614216686,0.6666796126767547,7.732521446023144,High,27.93,0.0,0.0,22.2305,69.253,0.0,0.0,30.747
GMB,"Gambia, The",2007,57.3,0.2193372424783692,637.2093059753702,1765774,-1.517144813634047,6.45709818241037,14.38409967913689,39.8,75.32107732926184,0.0,53.9196109423854,-4.81727574750831,0.2790517614216686,0.6519288497062563,2.290290536183992,Medium,27.93,0.0,0.0,22.2305,69.253,0.0,0.0,30.747
GMB,"Gambia, The",2008,56.3,0.2150890171477106,657.6756791922277,1817852,-1.536703303297422,6.488711921050109,14.41316614226492,41.5,75.32107732926184,0.0,54.6431233516671,-1.7452006980802848,0.4916618178880346,0.5405373514832462,-1.936846329723308,Medium,27.93,0.0,0.0,22.2305,69.253,0.0,0.0,30.747
GMB,"Gambia, The",2009,53.9,0.2320160818885318,681.4334690865713,1871422,-1.460948591233191,6.524198622140029,14.44220912765952,43.2,75.32107732926184,0.0,55.3379286345209,-4.262877442273528,0.4916618178880346,0.5283298235076612,7.869795011056602,Medium,27.93,0.0,0.0,22.2305,69.253,0.0,0.0,30.747
GMB,"Gambia, The",2010,56.6,0.2287932815330396,701.0145245910613,1926630,-1.474936383836646,6.552528606636002,14.47128292065749,46.8,75.32107732926184,0.0,56.0110896605662,5.009276437847876,0.4916618178880346,0.5420632924801944,-1.3890417979907643,Medium,27.93,0.0,0.0,22.2305,69.253,0.0,0.0,30.747
GMB,"Gambia, The",2011,56.2,0.2336947974174608,625.4643602709834,1983784,-1.453739299484605,6.438494350299619,14.50051668993234,48.3,75.32107732926184,0.0,56.6696692994225,-0.7067137809187218,0.4916618178880346,0.5400287044842635,2.1423338358444566,Medium,27.93,0.0,0.0,22.2305,69.253,0.0,0.0,30.747
GMB,"Gambia, The",2012,57.0,0.2175132421709427,639.1398818890478,2043094,-1.525495546762162,6.460123337915383,14.52997588350977,49.9,75.32107732926184,0.0,57.3207304207091,1.4234875444839812,0.4916618178880346,0.5440978804761252,-6.9242257103448335,Medium,27.93,0.0,0.0,22.2305,69.253,0.0,0.0,30.747
GMB,"Gambia, The",2013,59.3,0.2121379205445333,638.5223685322139,2103820,-1.550518647231854,6.459156707798992,14.55926529784922,51.5,75.32107732926184,0.0,57.970305611505,4.035087719298236,0.4916618178880346,0.5557967614527274,-2.471261782850432,Medium,27.93,0.0,0.0,22.2305,69.253,0.0,0.0,30.747
GMB,"Gambia, The",2014,53.2,0.2235129321496419,611.879472952196,2164528,-1.498286004635375,6.416535323496578,14.58771288179344,53.0,75.32107732926184,0.0,58.6141799655551,-10.286677908937593,0.4916618178880346,0.5247692945147824,5.362083108908711,Medium,27.93,0.0,0.0,22.2305,69.253,0.0,0.0,30.747
GMB,"Gambia, The",2015,49.0,0.2288124812038863,619.5363642964605,2224529,-1.474852470248044,6.428971398775768,14.6150557657807,54.7,75.32107732926184,0.0,59.2458499408388,-7.8947368421052655,0.4916618178880346,0.5034061205575087,2.371025695594353,Medium,27.93,0.0,0.0,22.2305,69.253,0.0,0.0,30.747
GMB,"Gambia, The",2016,48.6,0.2249789711656477,615.1933654943861,2283769,-1.491748342631524,6.421936633826368,14.64133770628944,56.4,75.32107732926184,0.0,59.8652472486563,-0.8163265306122436,0.4916618178880346,0.5013715325615778,-1.675393762643007,Medium,27.93,0.0,0.0,22.2305,69.253,0.0,0.0,30.747
GMB,"Gambia, The",2017,48.0,0.2235515579656467,628.7772992729253,2342189,-1.498113207122019,6.44377713879812,14.6665965201399,56.2,75.32107732926184,0.0,60.471712657237,-1.2345679012345734,0.4916618178880346,0.4983196505676816,-0.6344651647242183,Medium,27.93,0.0,0.0,22.2305,69.253,0.0,0.0,30.747
GMB,"Gambia, The",2018,48.1,0.1918210792321489,658.1278332585633,2399632,-1.65119222042275,6.489399187925224,14.69082595022808,60.3,75.32107732926184,0.0,61.0645869348107,0.2083333333333437,0.4916618178880346,0.4988282975666643,-14.193807917175803,Medium,27.93,0.0,0.0,22.2305,69.253,0.0,0.0,30.747
GMB,"Gambia, The",2019,47.4,0.1892672062206636,682.7976429404264,2456844,-1.664595472854624,6.526198538864571,14.71438815742412,62.1,75.32107732926184,0.0,61.643210849607,-1.455301455301461,0.4916618178880346,0.4952677685737854,-1.3313828812288708,Medium,27.93,0.0,0.0,22.2305,69.253,0.0,0.0,30.747
GMB,"Gambia, The",2020,49.8,0.1677443512487215,670.7586428912512,2515733,-1.785314177326397,6.508409374636435,14.73807477034454,62.2,75.32107732926184,0.0,62.2069251698555,5.063291139240511,0.4916618178880346,0.5074752965493703,-11.371676795846476,Medium,27.93,0.0,0.0,22.2305,69.253,0.0,0.0,30.747
GMB,"Gambia, The",2021,48.6,0.1854030069759046,689.4932395573704,2576010,-1.685223407125895,6.535956892337385,14.76175224818642,63.7,75.32107732926184,0.0,62.7550706637859,-2.409638554216864,0.4916618178880346,0.5013715325615778,10.5271239214487,Medium,27.93,0.0,0.0,22.2305,69.253,0.0,0.0,30.747
GMB,"Gambia, The",2022,47.7,0.1877131164018555,710.6869792163163,2636470,-1.672840458226156,6.566232078596093,14.78495145916613,65.4,75.32107732926184,0.0,63.2869880996278,-1.851851851851849,0.4916618178880346,0.4967937095707335,1.2459935055158855,Medium,27.93,0.0,0.0,22.2305,69.253,0.0,0.0,30.747
GNB,Guinea-Bissau,2000,91.2,0.1628681642546899,571.0940151786247,1234741,-1.81481421369068,6.347553846152809,14.02637178945142,1.3,63.72433150582819,0.0,36.8412054388232,0.0,0.4916618178880346,0.7180551541282106,0.0,High,0.0,0.0,0.0,0.0,100.0,0.0,0.0,0.0
GNB,Guinea-Bissau,2001,91.2,0.1676877250206736,585.837980688333,1261273,-1.785651808892321,6.373043267881403,14.04763208636079,1.3,63.72433150582819,0.0,37.1627839410066,0.0,0.4916618178880346,0.7180551541282106,2.9591791545258594,High,0.0,0.0,0.0,0.0,100.0,0.0,0.0,0.0
GNB,Guinea-Bissau,2002,91.0,0.1731938165231399,594.0405351515517,1289307,-1.753343984858664,6.386947558030212,14.06961542268691,1.3,63.72433150582819,0.0,37.4734924367695,-0.2192982456140413,0.4916618178880346,0.7170378601302452,3.2835387931868354,High,0.0,0.0,0.0,0.0,100.0,0.0,0.0,0.0
GNB,Guinea-Bissau,2003,89.0,0.2005602036994069,579.0925068218363,1318806,-1.606640809479409,6.36146223479703,14.0922373397599,2.6,63.72433150582819,0.0,37.7773055741583,-2.197802197802201,0.4916618178880346,0.7068649201505911,15.801018607734571,High,0.0,0.0,0.0,0.0,100.0,0.0,0.0,0.0
GNB,Guinea-Bissau,2004,88.6,0.1998424675246728,572.5264646272938,1349563,-1.610225885179734,6.350058960783207,14.11529139430755,3.9,63.72433150582819,0.0,38.0781980012196,-0.4494382022471987,0.2790517614216686,0.8111353603878433,-0.3578656989249085,High,0.0,0.0,0.0,0.0,100.0,0.0,0.0,0.0
GNB,Guinea-Bissau,2005,88.5,0.1992638889391532,595.9425556018699,1381585,-1.613125257647552,6.390144279201849,14.13874194877825,5.2,62.97115269780723,0.0,38.3801443659997,-0.1128668171557545,0.2790517614216686,0.8106267133888605,-0.2895173346717072,High,0.0,0.0,0.0,0.0,100.0,0.0,0.0,0.0
GNB,Guinea-Bissau,2006,88.3,0.2042672134518192,597.2571517220462,1415303,-1.588326272407184,6.392347760553726,14.16285420041162,14.5,63.590623350618216,0.0,38.6871193165452,-0.2259887005649719,0.2790517614216686,0.8096094193908951,2.510903776546192,High,0.0,0.0,0.0,0.0,100.0,0.0,0.0,0.0
GNB,Guinea-Bissau,2007,87.9,0.2117870193096281,597.4820209359483,1450986,-1.552174135182938,6.392724192869169,14.18775388330151,7.9,65.47271992975811,0.0,39.0030975009025,-0.4530011325028171,0.2790517614216686,0.8075748313949643,3.681357243159633,High,0.0,0.0,0.0,0.0,100.0,0.0,0.0,0.0
GNB,Guinea-Bissau,2008,88.4,0.1959606304609914,608.9586204969247,1488054,-1.629841504922637,6.411750318762544,14.21297978403928,9.3,65.47271992975811,0.0,39.3320535671181,0.5688282138794021,0.4916618178880346,0.7038130381566949,-7.472785112244695,High,0.0,0.0,0.0,0.0,100.0,0.0,0.0,0.0
GNB,Guinea-Bissau,2009,87.9,0.2025056719277085,608.2021318798818,1526377,-1.596987383308254,6.410507280465469,14.23840751142846,4.7,65.47271992975811,0.0,39.6716434222135,-0.5656108597285048,0.4916618178880346,0.7012698031617813,3.339977755388968,High,0.0,0.0,0.0,0.0,100.0,0.0,0.0,0.0
GNB,Guinea-Bissau,2010,87.8,0.2003387499704727,625.9040272905823,1566347,-1.607745595358403,6.439197048309351,14.26425671463947,6.0,65.47271992975811,0.0,40.0095596313477,-0.113765642775887,0.4916618178880346,0.7007611561627987,-1.0700549454285555,High,0.0,0.0,0.0,0.0,100.0,0.0,0.0,0.0
GNB,Guinea-Bissau,2011,87.9,0.1980005920118204,658.9534705281158,1608076,-1.619485258333383,6.49065292583089,14.29054899128575,13.5,65.47271992975811,0.0,40.4391136169434,0.1138952164009277,0.4916618178880346,0.7012698031617813,-1.1671022001469633,High,0.0,0.0,0.0,0.0,100.0,0.0,0.0,0.0
GNB,Guinea-Bissau,2012,87.8,0.1938940921644866,630.6686230282501,1651417,-1.640443185663477,6.446780562992153,14.31714426520823,14.9,65.47271992975811,0.0,40.8686027526855,-0.113765642775887,0.4916618178880346,0.7007611561627987,-2.073983620760411,High,0.0,0.0,0.0,0.0,100.0,0.0,0.0,0.0
GNB,Guinea-Bissau,2013,87.7,0.1942837533380543,634.0954560893521,1695973,-1.638435542471244,6.452199504759086,14.34376717539594,16.3,65.47271992975811,0.0,41.2976379394531,-0.1138952164009055,0.4916618178880346,0.7002525091638159,0.2009659857181933,High,0.0,0.0,0.0,0.0,100.0,0.0,0.0,0.0
GNB,Guinea-Bissau,2014,87.3,0.1959655900046062,623.6101591033649,1741122,-1.62981619636528,6.435525428108276,14.37004029096494,17.2,65.47271992975811,0.0,41.7271995544434,-0.4561003420752607,0.4916618178880346,0.6982179211678851,0.8656599626349015,High,0.0,0.0,0.0,0.0,100.0,0.0,0.0,0.0
GNB,Guinea-Bissau,2015,87.2,0.2029156033422579,645.0668372070388,1786457,-1.594965133469602,6.469353935004024,14.39574488674647,20.1,65.47271992975811,0.0,42.1568145751953,-0.114547537227938,0.4916618178880346,0.6977092741689024,3.5465478084638846,High,0.0,0.0,0.0,0.0,100.0,0.0,0.0,0.0
GNB,Guinea-Bissau,2016,86.8,0.2067806362052806,663.2426080320048,1831893,-1.576096776102912,6.497140847885263,14.42086041639697,22.9,65.47271992975811,0.0,42.586109161377,-0.4587155963302836,0.4916618178880346,0.6956746861729715,1.904748969207426,High,0.0,0.0,0.0,0.0,100.0,0.0,0.0,0.0
GNB,Guinea-Bissau,2017,86.8,0.1633394989643445,677.4661313113672,1877072,-1.811924428496748,6.518359560819951,14.4452236739166,26.0,65.47271992975811,0.0,43.0155792236328,0.0,0.4916618178880346,0.6956746861729715,-21.008319752827383,High,0.0,0.0,0.0,0.0,100.0,0.0,0.0,0.0
GNB,Guinea-Bissau,2018,86.6,0.1834387004673889,686.4568198395259,1922168,-1.69587472469554,6.531543324234208,14.46896427364145,28.4,65.47271992975811,0.0,43.4449081420898,-0.2304147465437833,0.4916618178880346,0.6946573921750061,12.305169068402666,High,0.0,0.0,0.0,0.0,100.0,0.0,0.0,0.0
GNB,Guinea-Bissau,2019,86.2,0.1812271814345305,706.2985628749851,1967696,-1.708003888706485,6.560038041689579,14.49237387311766,30.9,65.47271992975811,0.0,43.8745574951172,-0.4618937644341736,0.4916618178880346,0.6926228041790754,-1.2055902201790425,High,0.0,0.0,0.0,0.0,100.0,0.0,0.0,0.0
GNB,Guinea-Bissau,2020,87.2,0.1670429230276343,710.2751290601285,2013255,-1.789504475472851,6.565652400692901,14.51526337320121,33.4,65.47271992975811,0.0,44.3038330078125,1.1600928074245953,0.4916618178880346,0.6977092741689024,-7.826783098770629,High,0.0,0.0,0.0,0.0,100.0,0.0,0.0,0.0
GNB,Guinea-Bissau,2021,87.4,0.1631986151431801,729.6270906075374,2058841,-1.812787322130413,6.592533568837702,14.53765376107575,35.8,65.47271992975811,0.0,44.7334136962891,0.2293577981651307,0.4916618178880346,0.6987265681668678,-2.3013892565913907,High,0.0,0.0,0.0,0.0,100.0,0.0,0.0,0.0
GNB,Guinea-Bissau,2022,87.4,0.1633318752674506,752.901123263165,2105529,-1.811971103519395,6.623933908770444,14.56007729993975,37.4,65.47271992975811,0.0,45.1627159118652,0.0,0.4916618178880346,0.6987265681668678,0.0816551808074939,High,0.0,0.0,0.0,0.0,100.0,0.0,0.0,0.0
GNQ,Equatorial Guinea,2000,45.9,3.902576360164316,3839.086427371283,703279,1.361636940202391,8.252989707738081,13.46350896261528,64.8,342.9458101471095,0.0,38.8154587133988,0.0,0.2790517614216686,0.5939430918222278,0.0,Medium,20.0,0.0,0.0,20.0,80.0,0.0,60.0,20.0
GNQ,Equatorial Guinea,2001,46.1,4.801850004534325,5882.850503065862,749836,1.569001261270874,8.679796702858056,13.52760979493478,64.9,346.0837658978483,0.0,38.8638365386531,0.4357298474945592,0.2790517614216686,0.5949603858201932,23.043076198312896,Medium,16.667,0.0,0.0,16.667,83.333,0.0,66.667,16.667
GNQ,Equatorial Guinea,2002,31.3,4.025530197742485,6604.005463108094,797957,1.392656628342601,8.795431632281968,13.58980999026833,64.9,450.9282370720841,0.0,39.1969150391705,-32.10412147505423,0.2790517614216686,0.5196806299707527,-16.16709822378397,Medium,14.286,0.0,0.0,14.286,85.714,0.0,71.429,14.286
GNQ,Equatorial Guinea,2003,29.5,4.23488728118491,7082.654891869211,847862,1.443356711736797,8.865404101125852,13.65047316568207,64.9,453.514851450604,0.0,39.895902485648,-5.750798722044726,0.2790517614216686,0.510524983989064,5.200733149631609,Medium,14.286,0.0,0.0,14.286,85.714,0.0,71.429,14.286
GNQ,Equatorial Guinea,2004,7.2,6.97831022194269,9208.60566707162,899917,1.942806798919226,9.12789372441923,13.71005781583149,64.9,1539.1056670147025,0.0,40.9304009672368,-75.59322033898304,0.2790517614216686,0.3970967032159205,64.78148669851203,Medium,11.111,0.0,0.0,11.111,88.889,0.0,77.778,11.111
GNQ,Equatorial Guinea,2005,7.1,6.751026793206856,10212.45450514976,947367,1.90969461082787,9.231363284338238,13.76144183669287,65.0,1487.7083024944084,0.0,42.2814597171299,-1.388888888888895,0.2790517614216686,0.3965880562169378,-3.256998062670824,Medium,10.0,0.0,0.0,10.0,90.0,0.0,80.0,10.0
GNQ,Equatorial Guinea,2006,7.0,6.44857387793926,10521.99967748272,990343,1.863859002165081,9.261223551639045,13.80580662675222,65.1,1434.6772636026203,0.0,43.9301279685204,-1.4084507042253502,0.2790517614216686,0.3960794092179551,-4.480102427854915,Medium,9.091,0.0,0.0,9.091,90.909,0.0,81.818,9.091
GNQ,Equatorial Guinea,2007,8.5,6.888124442591241,11594.91720684558,1036044,1.929798833540518,9.358322109245474,13.85092017194217,65.1,1526.6814741809133,0.0,45.8574549546013,21.42857142857142,0.2790517614216686,0.4037091142026957,6.816244536729199,Medium,7.692,0.0,0.0,7.692,92.308,0.0,84.615,7.692
GNQ,Equatorial Guinea,2008,7.2,6.0917632522844,13048.07030501683,1084530,1.806937572210201,9.47639553246972,13.89665727138375,65.2,1468.2284709839469,0.0,48.0444899085658,-15.294117647058824,0.2790517614216686,0.3970967032159205,-11.561364736425384,Medium,25.0,0.0,0.0,25.0,75.0,0.0,70.0,25.0
GNQ,Equatorial Guinea,2009,9.2,4.823395466828921,12627.86238154495,1135673,1.573478133750416,9.443660951736408,13.94273598471319,65.4,1443.3306236700264,0.0,50.4722820636069,27.777777777777768,0.2790517614216686,0.4072696431955747,-20.821028870086888,Medium,22.727,0.0,0.0,22.727,77.273,0.0,72.727,22.727
GNQ,Equatorial Guinea,2010,5.7,4.806973429149304,10984.32439324255,1189085,1.570067661363637,9.304224480263944,13.98869466176365,66.1,1408.8289312925149,0.0,53.1218806529176,-38.04347826086956,0.2790517614216686,0.38946699823118,-0.3404663331579072,Medium,13.636,0.0,0.0,13.636,86.364,0.0,81.818,13.636
GNQ,Equatorial Guinea,2011,5.6,4.80007408391614,11203.90736790911,1241835,1.568631351943936,9.324017868576195,14.03210068240864,66.1,1508.5449400348114,0.0,55.9743349096911,-1.7543859649122862,0.2790517614216686,0.3889583512321972,-0.1435278420996888,Medium,10.0,0.0,0.0,10.0,90.0,0.0,86.667,10.0
GNQ,Equatorial Guinea,2012,4.4,4.337126966492796,11650.7196270884,1293483,1.467212139613282,9.36312322765165,14.0728491378856,65.7,1488.711786540859,0.0,59.0106940671203,-21.42857142857142,0.2790517614216686,0.3828545872444048,-9.64458275705714,Medium,14.815,0.0,0.0,14.815,85.185,0.0,83.333,14.815
GNQ,Equatorial Guinea,2013,3.7,4.251391676533816,10731.64557291906,1346218,1.447246382637268,9.280952185741045,14.1128097374395,65.9,1727.4845839923253,0.0,62.2120073583984,-15.909090909090915,0.2790517614216686,0.3792940582515258,-1.9767761151873509,Medium,29.412,0.0,0.0,29.412,70.588,0.0,69.412,29.412
GNQ,Equatorial Guinea,2014,4.9,4.084716122266451,10363.48724735489,1399828,1.407252233184004,9.246044066061623,14.15185992989507,66.0,1526.6346228931195,0.0,65.5593240167184,32.432432432432435,0.2790517614216686,0.3853978222393183,-3.9204939687715767,Medium,34.862,0.0,0.0,34.862,65.138,0.0,64.22,34.862
GNQ,Equatorial Guinea,2015,5.5,3.718835179029426,9068.910032386446,1453923,1.313410495334705,9.112607363052836,14.1897759783143,66.1,1370.9067756312747,0.0,68.951270615355,12.244897959183664,0.2790517614216686,0.3884497042332145,-8.957316305105001,Medium,36.154,0.0,0.0,36.154,63.846,0.0,63.077,36.154
GNQ,Equatorial Guinea,2016,4.8,3.573365619359946,7971.834019045732,1508186,1.27350790220237,8.983669860624934,14.22641816211908,66.2,1554.856561245403,0.0,69.253269853051,-12.727272727272732,0.2790517614216686,0.3848891752403356,-3.91169687997428,Medium,33.571,0.0,0.0,33.571,66.429,0.0,65.714,33.571
GNQ,Equatorial Guinea,2017,5.0,3.127888192238075,7259.109364548028,1562396,1.140358077874813,8.890012423233895,14.26173109837748,66.4,1338.099955305934,0.0,69.5516019132985,4.166666666666674,0.2790517614216686,0.385906469238301,-12.466606403451774,Medium,32.836,0.0,0.0,32.836,67.164,0.0,66.418,32.836
GNQ,Equatorial Guinea,2018,4.8,3.288250221786142,6578.900397657107,1616422,1.190355575814827,8.79162289753639,14.29572562258629,66.5,1413.004559254817,0.0,69.8396623666175,-4.000000000000004,0.2790517614216686,0.3848891752403356,5.126846603596924,Medium,32.593,0.0,0.0,32.593,67.407,0.0,66.667,32.593
GNQ,Equatorial Guinea,2019,7.4,3.0669803260373,6018.120663218655,1670177,1.120693470386173,8.702530307374271,14.32844016680056,66.6,1275.6594371053427,0.0,70.1175419547293,54.16666666666667,0.2790517614216686,0.3981139972138859,-6.7291076050973615,Medium,32.143,0.0,0.0,32.143,67.857,0.0,67.143,32.143
GNQ,Equatorial Guinea,2020,6.5,2.860583477233482,5575.262415114922,1716468,1.051025617042635,8.626094665196334,14.35577924911945,66.7,1116.5645055534912,0.0,70.3853314193247,-12.162162162162172,0.2790517614216686,0.3935361742230416,-6.729643716707279,Medium,34.752,0.0,0.0,34.752,65.248,0.0,64.539,34.752
GNQ,Equatorial Guinea,2021,5.2,2.860382104474336,5487.924792019916,1758786,1.050955218870735,8.610305465233816,14.3801343562844,66.8,1295.329676488072,0.0,70.6431215020592,-20.0,0.2790517614216686,0.3869237632362664,-0.0070395694007574,Medium,32.867,0.0,0.0,32.867,67.133,0.0,66.434,32.867
GNQ,Equatorial Guinea,2022,4.2,2.821554216834068,5524.243124185794,1803545,1.037287873849057,8.616901525904222,14.40526473049767,67.0,1278.545212013307,0.0,70.8910029445467,-19.23076923076923,0.2790517614216686,0.3818372932464394,-1.3574370913428502,Medium,31.788,0.0,0.0,31.788,68.212,0.0,67.55,31.788
GRD,Grenada,2000,10.5,0.5341969828107695,6677.126523092204,107451,-0.6269906263739499,8.806443012771073,11.58479020868161,86.0,676.8932429589381,0.0,35.8702371019579,0.0,0.4916618178880346,0.3075770259491668,0.0,Low,0.0,0.0,0.0,0.0,100.0,0.0,0.0,0.0
GRD,Grenada,2001,10.4,0.539879800346338,6509.516603133743,107987,-0.6164087561523082,8.781020477934666,11.58976612849089,86.3,676.8932429589381,0.0,35.9199973947796,-0.952380952380949,0.4916618178880346,0.3070683789501841,1.0638056219762326,Low,0.0,0.0,0.0,0.0,100.0,0.0,0.0,0.0
GRD,Grenada,2002,10.5,0.5848492675547028,6707.368735327766,108404,-0.5364011272505673,8.810962012272695,11.59362026767588,86.6,676.8932429589381,0.0,35.9199179937357,0.961538461538458,0.4916618178880346,0.3075770259491668,8.329533199707884,Low,0.0,0.0,0.0,0.0,100.0,0.0,0.0,0.0
GRD,Grenada,2003,10.4,0.6392123728004114,7309.785470945788,108884,-0.4475185280208971,8.896969204973345,11.59803837434341,86.9,676.8932429589381,0.0,35.9194385233611,-0.952380952380949,0.4916618178880346,0.3070683789501841,9.295233534788316,Low,0.0,0.0,0.0,0.0,100.0,0.0,0.0,0.0
GRD,Grenada,2004,10.6,0.607374477465858,7233.294944349623,109323,-0.498609746571965,8.886449943613586,11.60206208203649,87.2,676.8932429589381,0.0,35.9181958391436,1.923076923076916,0.2790517614216686,0.4143907011813326,-4.980800855757916,Medium,0.0,0.0,0.0,0.0,100.0,0.0,0.0,0.0
GRD,Grenada,2005,10.6,0.6497530391674413,8162.912321247273,109734,-0.4311629280302433,9.00735628639738,11.60581453443263,87.5,719.9227222191845,0.0,35.9158260786725,0.0,0.2790517614216686,0.4143907011813326,6.977336597744266,Medium,0.0,0.0,0.0,0.0,100.0,0.0,0.0,0.0
GRD,Grenada,2006,10.4,0.7381849548281654,7808.243583234344,110135,-0.303560869482356,8.962935324229575,11.60946216501826,87.9,735.4610251055523,0.0,35.9119653795374,-1.8867924528301767,0.2790517614216686,0.4133734071833671,13.610081112361703,Medium,0.0,0.0,0.0,0.0,100.0,0.0,0.0,0.0
GRD,Grenada,2007,9.9,0.8188414976203832,8257.362256826887,110522,-0.1998647454577679,9.018860476148143,11.61296987514578,88.2,732.8857603011165,0.0,35.9062498793276,-4.807692307692313,0.2790517614216686,0.4108301721884536,10.926332522042935,Medium,0.0,0.0,0.0,0.0,100.0,0.0,0.0,0.0
GRD,Grenada,2008,10.8,0.8918265762516231,8307.49221491819,110896,-0.1144835865469625,9.024913063113436,11.61634810415777,90.0,732.8857603011165,0.0,35.8983157156326,9.090909090909104,0.4916618178880346,0.309102966946115,8.913212000532479,Low,0.0,0.0,0.0,0.0,100.0,0.0,0.0,0.0
GRD,Grenada,2009,10.5,0.9554712639545544,7733.129906000582,111254,-0.0455505901082595,8.953268963381756,11.6195711544383,89.0,732.8857603011165,0.0,35.8877990260417,-2.777777777777779,0.4916618178880346,0.3075770259491668,7.136442151167111,Low,0.0,0.0,0.0,0.0,100.0,0.0,0.0,0.0
GRD,Grenada,2010,10.8,1.06464968723675,7670.711658276631,111586,0.0626458128792699,8.945164674708524,11.62255087303141,89.4,732.8857603011165,0.0,35.8743359481443,2.857142857142869,0.4916618178880346,0.309102966946115,11.426656918003175,Low,0.0,0.0,0.0,0.0,100.0,0.0,0.0,0.0
GRD,Grenada,2011,11.4,0.8199573515109877,7695.376160172874,112079,-0.1985029504288776,8.948374928791383,11.62695925877266,88.8,732.8857603011165,0.0,35.8601091092326,5.555555555555558,0.4916618178880346,0.3121548489400112,-22.98336613997888,Low,0.0,0.0,0.0,0.0,100.0,0.0,0.0,0.0
GRD,Grenada,2012,11.5,0.8432720017734427,7559.562848395603,112775,-0.1704657137431149,8.930568643215395,11.6331499622766,90.2,732.8857603011165,0.0,35.8652755773132,0.8771929824561431,0.4916618178880346,0.3126634959389939,2.8433979181345936,Low,0.0,0.0,0.0,0.0,100.0,0.0,0.0,0.0
GRD,Grenada,2013,10.8,1.08029994624935,7688.752977013425,113487,0.0772387305855016,8.947513887713324,11.63944357189875,90.6,732.8857603011165,0.0,35.8792242623778,-6.086956521739129,0.4916618178880346,0.309102966946115,28.1081245407681,Low,0.0,0.0,0.0,0.0,100.0,0.0,0.0,0.0
GRD,Grenada,2014,11.0,0.9637963060316124,8206.628621123333,114132,-0.0368753074958325,9.012697475128231,11.64511095227039,91.0,732.8857603011165,0.0,35.9014624346562,1.8518518518518376,0.4916618178880346,0.3101202609440804,-10.784378970138986,Low,0.0,0.0,0.0,0.0,100.0,0.0,0.0,0.0
GRD,Grenada,2015,10.5,1.021137814363947,8694.12438005692,114676,0.0209175098619672,9.070402717871168,11.64986603972384,91.4,732.8857603011165,0.0,35.9319491111708,-4.545454545454541,0.4916618178880346,0.3075770259491668,5.949546389987259,Low,0.0,0.0,0.0,0.0,100.0,0.0,0.0,0.0
GRD,Grenada,2016,10.4,1.108312342569269,8983.683973378986,115130,0.1028384462251163,9.103165319194378,11.65381720366771,91.8,732.8857603011165,0.0,35.9706014181883,-0.952380952380949,0.4916618178880346,0.3070683789501841,8.53699931381171,Low,0.0,0.0,0.0,0.0,100.0,0.0,0.0,0.0
GRD,Grenada,2017,10.2,1.108820319132348,9357.40728883583,115438,0.1032966746214065,9.143923532044312,11.65648886828035,92.2,732.8857603011165,0.0,36.0173296416579,-1.9230769230769384,0.4916618178880346,0.3060510849522187,0.0458333398960064,Low,0.0,0.0,0.0,0.0,100.0,0.0,0.0,0.0
GRD,Grenada,2018,10.7,1.240373062727438,9744.16919577204,115691,0.2154121914067982,9.18442435389704,11.65867812277501,92.3,732.8857603011165,0.0,36.0720421424532,4.90196078431373,0.4916618178880346,0.3085943199471322,11.864207511820313,Low,0.0,0.0,0.0,0.0,100.0,0.0,0.0,0.0
GRD,Grenada,2019,10.4,1.555427182038437,9785.56040240592,115981,0.4417502230411622,9.188663149769775,11.6611816635695,93.0,732.8857603011165,0.0,36.1346465679904,-2.8037383177569986,0.4916618178880346,0.3070683789501841,25.39994851373435,Low,0.0,0.0,0.0,0.0,100.0,0.0,0.0,0.0
GRD,Grenada,2020,10.3,1.320256831211696,8413.283355003718,116341,0.2778262867719371,9.037567087597411,11.66428081292377,93.4,732.8857603011165,0.0,36.2050502515788,-0.961538461538458,0.4916618178880346,0.3065597319512014,-15.119341717980197,Low,0.0,0.0,0.0,0.0,100.0,0.0,0.0,0.0
GRD,Grenada,2021,10.2,1.378033730974907,8782.321934260775,116688,0.3206576505029886,9.08049610887162,11.66725898522401,93.7,732.8857603011165,0.0,36.2831603706908,-0.9708737864077776,0.4916618178880346,0.3060510849522187,4.376186390202941,Low,0.0,0.0,0.0,0.0,100.0,0.0,0.0,0.0
GRD,Grenada,2022,10.0,1.448940665281021,9406.193376432257,116913,0.3708327137637674,9.149123621131878,11.66918534743632,94.2,732.8857603011165,0.0,36.3688840183487,-1.9607843137254832,0.4916618178880346,0.3050337909542533,5.145515143228763,Low,0.0,0.0,0.0,0.0,100.0,0.0,0.0,0.0
GTM,Guatemala,2000,62.7,0.8274438021090152,3165.9323746889,11697592,-0.1894140868962978,8.06020288035462,16.27489356661998,73.3,615.9592742653471,41.3113912201777,43.2434755105047,0.0,0.5771209992019078,0.5303611687612028,0.0,Medium,50.155,0.0,0.0,38.7,49.845,8.359,0.0,50.155
GTM,Guatemala,2001,61.3,0.8496901521226338,3166.203512974522,11969422,-0.1628835228684097,8.060288519162945,16.29786578898315,73.7,617.5991109019959,42.05098759486973,44.678095600504,-2.23285486443382,0.5824573222149609,0.5205719492689183,2.6885632543160343,Medium,43.685,0.0,0.0,32.392,56.315,13.67,0.0,43.685
GTM,Guatemala,2002,63.8,0.8686514113962577,3213.268373695822,12246915,-0.1408133718277336,8.075043883077315,16.32078462650412,78.7,691.7724924754023,37.89215176496726,45.7754731938848,4.078303425774887,0.5524505616276606,0.5482915045371362,2.231549845111936,Medium,39.64,0.0,0.0,28.979,60.36,15.315,0.0,39.64
GTM,Guatemala,2003,64.3,0.848429989776336,3222.154682936827,12525842,-0.164367708287956,8.077805570944836,16.34330442822457,78.5,690.1524554881349,37.022336969314544,46.5865389722105,0.7836990595611271,0.5461746889084783,0.5539726758916408,-2.327909832946462,Medium,48.77,0.0,0.0,38.35,51.23,14.038,0.0,48.77
GTM,Guatemala,2004,66.1,0.8460498077596064,3250.204060376935,12807402,-0.1671770466886059,8.086473061160998,16.36553384299967,77.2,695.8072925883016,37.413197490256834,47.326819486636,2.7993779160186527,0.5489948190012831,0.5617182568269271,-0.2805395902326757,Medium,50.935,0.0,0.0,39.564,49.065,17.445,0.0,50.935
GTM,Guatemala,2005,65.2,0.8989940041851737,3284.809716128323,13087629,-0.1064789139597055,8.097064004165897,16.38717799084587,78.3,696.5325562646077,37.7916436652887,48.0557951573834,-1.3615733736762392,0.5517253773194813,0.5557751546769837,6.257810821536269,Medium,56.115,0.0,0.0,41.871,43.885,15.396,0.0,56.115
GTM,Guatemala,2006,64.7,0.8923311453582914,3388.150033399259,13367459,-0.1139179761034367,8.128039338557462,16.40833387865987,83.7,686.7669204711166,37.26671592821289,48.7676356188334,-0.7668711656441674,0.5479379277599644,0.5551256444618287,-0.7411460806038828,Medium,53.494,0.0,0.0,41.55,46.506,13.977,0.0,53.494
GTM,Guatemala,2007,63.3,0.9302126275633532,3527.778272136395,13652040,-0.072342087178548,8.16842356711776,16.42939951897807,80.7,720.4160376140027,37.56375388388825,49.4565105053665,-2.163833075734168,0.5500811108972273,0.5469329949074393,4.245226943171576,Medium,50.917,0.0,0.0,34.404,49.083,12.959,0.0,50.917
GTM,Guatemala,2008,66.5,0.8296487722363567,3569.928611215384,13935174,-0.1867528337317768,8.18030087771531,16.4499267053649,81.9,686.7415092745674,34.40878096093742,50.1165894513633,5.055292259083744,0.527317404650948,0.5745915519980255,-10.810846074022727,Medium,54.954,0.0,0.0,41.935,45.046,13.134,0.0,54.954
GTM,Guatemala,2009,65.3,0.8581762683292333,3516.192277252547,14215611,-0.1529457596511131,8.16513394367289,16.46985128490819,83.1,721.330649706263,35.6567037699058,50.7420420912045,-1.8045112781954973,0.5363213957897432,0.5639857924408354,3.4385027794327394,Medium,45.791,0.0,0.0,32.66,54.209,8.193,0.0,45.791
GTM,Guatemala,2010,67.1,0.8123454494696316,3546.625816225897,14500112,-0.2078295989089859,8.173751956179773,16.4896669314989,84.3,714.079473957746,32.15618394181413,51.3270380592706,2.7565084226646164,0.5110645054702452,0.5857698835822731,-5.340490124345765,Medium,63.688,0.0,0.0,43.1,36.312,13.235,0.0,63.688
GTM,Guatemala,2011,67.1,0.820889438069957,3621.374097691837,14792126,-0.1973668459916515,8.194608817793402,16.50960557013072,84.0,714.309783013341,31.897973341711623,51.8657469899423,0.0,0.5092014687995814,0.586701401917605,1.051767890852795,Medium,62.671,0.0,0.0,47.146,37.329,13.584,0.0,62.671
GTM,Guatemala,2012,67.4,0.8336311644666042,3655.573157912421,15089647,-0.1819642232852529,8.204008174640052,16.52951943749493,86.8,734.097136106577,30.862405941571243,52.3523385176,0.4470938897168652,0.5017296607458467,0.5919632469414206,1.5521854473612429,Medium,66.667,0.0,0.0,47.65,33.333,13.248,0.0,66.667
GTM,Guatemala,2013,67.2,0.8796388874826099,3717.30462628413,15387337,-0.128243810861991,8.220754121817835,16.54905545640493,88.1,739.0059576577155,34.588185505833216,52.7809822766245,-0.2967359050445095,0.5286118412305925,0.5775048627010821,5.518954302223511,Medium,67.589,0.0,0.0,45.949,32.411,15.711,0.0,67.589
GTM,Guatemala,2014,66.2,0.9269197106823388,3809.61587570091,15681725,-0.0758883291604791,8.245283643012058,16.56800657959068,85.5,756.3332181075998,41.65658590760732,53.1458479013964,-1.4880952380952328,0.5796116419599681,0.5469184923465673,5.375026487862455,Medium,68.421,0.094,0.0,45.489,31.579,17.669,0.0,68.421
GTM,Guatemala,2015,63.3,1.061725072836446,3893.505332990682,15971743,0.0598950125035239,8.267065144732472,16.58633165637714,90.5,787.3338025724494,37.132830304618224,53.4411050262961,-4.380664652567989,0.5469719185166083,0.5484875910977487,14.543369894990388,Medium,61.146,1.432,0.985,34.646,38.854,26.141,0.0,61.146
GTM,Guatemala,2016,63.2,1.107877920628247,3924.778948370984,16268760,0.1024464023164315,8.275065309744168,16.6047572624002,91.8,833.619564464987,0.0,53.6609232857043,-0.1579778830963607,0.2790517614216686,0.681939022646236,4.346967870740914,High,61.804,1.602,1.855,33.642,38.196,29.764,0.0,61.804
GTM,Guatemala,2017,65.0,1.029572791846038,3972.74057836068,16567357,0.0291439510046468,8.287211457523808,16.6229448715507,93.3,817.7430372928344,0.0,53.7994723140017,2.848101265822778,0.2790517614216686,0.6910946686279247,-7.068028645051816,High,68.639,1.621,1.783,47.083,31.361,27.796,0.0,68.639
GTM,Guatemala,2018,64.0,1.112433243290492,4040.212137119804,16845685,0.1065497272268063,8.304052478764707,16.63960509888172,94.2,833.8962896444282,0.0,53.845962303542,-1.538461538461533,0.2790517614216686,0.6860081986380976,8.048042071496875,High,66.113,1.509,2.415,40.075,33.887,29.434,0.0,66.113
GTM,Guatemala,2019,62.8,1.14962736649855,4139.122038363073,17103803,0.1394378607346808,8.328238976301513,16.65481139440701,95.4,851.6412180907369,0.0,54.1882267267974,-1.8750000000000044,0.2790517614216686,0.6799044346503051,3.343492603478881,High,63.858,1.811,2.598,35.197,36.142,31.969,0.0,63.858
GTM,Guatemala,2020,65.5,1.015058483954181,4005.839115939993,17357325,0.0149462304930932,8.295508354645456,16.66952516546166,96.6,823.816459269202,0.0,54.5483167911628,4.2993630573248565,0.2790517614216686,0.6936379036228382,-11.705434862274457,High,75.765,1.771,2.496,46.538,24.235,21.095,0.081,75.765
GTM,Guatemala,2021,62.1,1.148082381319022,4268.628585654116,17598650,0.1380930560535516,8.359047880315273,16.68333275252098,97.9,924.2728792205652,0.0,54.9047071553758,-5.190839694656491,0.2790517614216686,0.6763439056574262,13.10504758766644,High,73.497,1.487,2.069,43.051,26.503,21.59,0.065,73.497
HND,Honduras,2000,55.2,0.7601812954019544,1789.477985126372,6577773,-0.2741983275679531,7.489679227881942,15.6992067961664,67.4,456.2448121172424,48.10956384213092,45.3233354392127,0.0,0.6261710571126752,0.4676876148821161,0.0,Medium,61.813,0.0,0.0,61.538,38.187,0.0,0.0,61.813
HND,Honduras,2001,50.4,0.8710870224340274,1789.188160321171,6757993,-0.13801339617433,7.48951725423363,15.72623651044642,64.2,478.9469548351959,52.63158109139114,45.8623033555915,-8.695652173913048,0.6587982380161774,0.4269589684791951,14.589378573624368,Medium,49.616,0.0,0.0,48.082,50.384,0.0,0.0,49.616
HND,Honduras,2002,49.8,0.8960551007017148,1807.973055472916,6938859,-0.1097533715791496,7.499961637894676,15.75264790974441,63.1,488.702609745866,53.0011381163005,46.4194190064116,-1.1904761904761971,0.6614646594916483,0.4225738757475634,2.8663127362316354,Medium,40.723,0.0,0.0,38.554,59.277,0.0,0.0,40.723
HND,Honduras,2003,47.9,0.9668063028876928,1842.297500188125,7119213,-0.0337571108446298,7.518768713105254,15.77830774357099,65.1,517.3497616863492,54.214071027527424,46.990184604045,-3.8152610441766974,0.6702161921234371,0.4085338164509976,7.895853963731891,Medium,41.026,0.0,0.0,36.752,58.974,0.0,0.0,41.026
HND,Honduras,2004,46.7,1.072709472017651,1908.909500504643,7298994,0.0701876646537174,7.554287415846979,15.80324708840302,67.1,546.8656009100871,55.640930790633234,47.5739776096056,-2.505219206680576,0.6805112460890975,0.3972825254803749,10.953917947539503,Medium,34.109,0.0,0.0,26.938,65.891,0.0,0.0,34.109
HND,Honduras,2005,51.4,0.9488049176590306,1975.856479132359,7478355,-0.0525520677219322,7.588757243651943,15.82752340597866,68.9,529.2973684532548,56.964379307888656,48.1703884178554,10.064239828693776,0.690060169016366,0.4164144729689278,-11.550616228415445,Medium,33.092,0.0,0.0,30.741,66.908,0.0,0.0,33.092
HND,Honduras,2006,52.2,1.06403013674585,2056.534914692314,7656832,0.062063714527593,7.628777765251773,15.85110887914671,71.3,563.8159545858406,46.69479810341507,48.7790074235564,1.5564202334630517,0.6159632637433089,0.4575321015973181,12.144247668015096,Medium,36.745,0.0,0.0,34.396,63.255,0.0,0.0,36.745
HND,Honduras,2007,50.6,1.106218692555954,2134.195406394847,7834798,0.1009476164251429,7.665844995802136,15.87408565169134,73.5,589.5941790132739,55.66101896247634,49.3994250214704,-3.065134099616862,0.6806561859202874,0.4170472885251055,3.964977527716496,Medium,37.52,0.0,0.0,34.817,62.48,0.0,0.0,37.52
HND,Honduras,2008,50.0,1.081435995640359,2175.14709403064,8012587,0.0782897835597147,7.684851570675391,15.89652423818644,76.4,585.573728824361,53.80872299445548,50.0312316063593,-1.1857707509881463,0.6672915319828592,0.4206777334999234,-2.2403071908262406,Medium,38.117,0.0,0.0,35.031,61.883,0.0,0.0,38.117
HND,Honduras,2009,50.5,0.9975947200325668,2076.308598956379,8189899,-0.0024081773001574,7.638346883988052,15.91841212364088,78.3,565.8471971271844,48.85614911197387,50.6740175729851,1.0000000000000009,0.6315578062815425,0.4410878313454953,-7.752772789678286,Medium,47.376,0.0,0.0,40.379,52.624,0.0,0.0,47.376
HND,Honduras,2010,53.6,0.95425728178202,2108.473144596029,8365878,-0.0468219564904246,7.653719336371344,15.93967184804266,81.0,561.8185075367583,49.68559115578415,51.3273733161098,6.138613861386144,0.637542382217602,0.4538636003459294,-4.344192825031412,Medium,48.611,0.0,0.0,42.361,51.389,0.0,0.0,48.611
HND,Honduras,2011,50.9,1.111282449921744,2144.562655404912,8540583,0.1055147086990381,7.670690920319553,15.96033983041359,82.2,607.4158058729679,50.86731261245417,51.9908892304951,-5.037313432835822,0.6460687185005143,0.4358669632319402,16.45522346410486,Medium,46.051,0.0,1.606,37.349,53.949,1.339,0.0,46.051
HND,Honduras,2012,49.3,1.139358968298154,2188.393788178909,8715076,0.1304657957412916,7.69092312366385,15.98056495749491,83.6,611.2126929445216,49.53034280179808,52.6641557109031,-3.143418467583503,0.6364222369701898,0.4325518520133791,2.5264970555763933,Medium,46.429,0.0,4.337,35.204,53.571,1.276,0.0,46.429
HND,Honduras,2013,51.1,1.138472663359162,2205.401267280672,8889278,0.129687595130322,7.698664751950636,16.00035638934384,87.2,613.6204947387774,48.94932481576273,53.356379133253,3.651115618661272,0.6322300860132988,0.4438035734735134,-0.0777897891404588,Medium,44.093,0.0,3.776,33.009,55.907,1.218,0.0,44.093
HND,Honduras,2014,52.2,1.096167523729682,2229.247722322179,9063122,0.0918200269637574,7.709419463290649,16.01972421027259,88.7,604.0930432177267,51.32756049662692,53.8768089124249,2.1526418786692814,0.6493894911003568,0.4408189879187941,-3.715955682647232,Medium,40.602,0.12,4.819,31.084,59.398,1.566,0.0,40.602
HND,Honduras,2015,50.8,1.171207403025016,2271.202659803486,9237305,0.1580351850937793,7.728064776258589,16.0387607344082,90.0,659.3940734018028,48.873225853759095,54.3828473751434,-2.6819923371647625,0.6316810180944916,0.4425521664359688,6.845657955639184,Medium,44.062,4.883,7.436,25.749,55.938,0.999,0.0,44.062
HND,Honduras,2016,52.7,1.033968029340082,2315.72983058198,9412380,0.0334038562079152,7.747480178426329,16.05753640200503,91.6,616.3914054277399,0.0,54.8868414578857,3.740157480314976,0.2790517614216686,0.6285310877530519,-11.717768631795666,Medium,48.065,9.57,6.237,24.194,51.935,0.43,0.0,48.065
HND,Honduras,2017,45.6,0.9748713436197252,2383.373984397137,9588137,-0.0254497719529717,7.776272403264892,16.07603716312853,86.5,537.5923821831519,0.0,55.3877322339915,-13.472485768500952,0.2790517614216686,0.5924171508252797,-5.715523502024967,Medium,57.356,9.915,6.183,31.663,42.644,0.0,0.0,57.356
HND,Honduras,2018,48.9,0.9222638325238268,2430.135036577622,9765210,-0.0809239439473761,7.795702105398679,16.09433662743802,91.6,565.0779162930916,0.0,55.8852577716247,7.236842105263141,0.2790517614216686,0.609202501791709,-5.396354241018619,Medium,62.822,10.299,9.578,32.441,37.178,0.0,0.0,62.822
HND,Honduras,2019,46.2,1.021005099444036,2447.616492821808,9943633,0.0207875337283674,7.802869969930533,16.11244300481422,91.1,583.5919114323106,0.0,56.3791561389766,-5.521472392638027,0.2790517614216686,0.595469032819176,10.7064012962536,Medium,52.908,10.507,7.692,22.795,47.092,0.469,0.0,52.908
HND,Honduras,2020,50.2,0.9112972398227605,2189.431686682225,10119640,-0.0928861563195375,7.691397285335539,16.12998864806832,93.1,544.5738556792841,0.0,56.8691654042685,8.658008658008654,0.2790517614216686,0.6158149127784842,-10.745084395858006,Medium,54.635,10.947,7.002,26.627,45.365,0.493,0.0,54.635
HND,Honduras,2021,45.9,1.007844894550246,2423.766349169109,10289877,0.0078142833551672,7.793077951936529,16.14667115438602,94.1,569.9664705688833,0.0,57.3550236357547,-8.565737051792832,0.2790517614216686,0.5939430918222278,10.594529480442992,Medium,61.421,10.252,6.924,33.903,38.579,0.54,0.0,61.421
HTI,Haiti,2000,80.8,0.2041514119157896,1342.894904505233,8303151,-1.588893345169983,7.202582939183649,15.93214563927656,33.7,362.5081458700944,15.5667855928771,36.8408497942176,0.0,0.3913689644814141,0.7153022929373194,0.0,High,51.852,0.0,0.0,51.852,48.148,0.0,0.0,51.852
HTI,Haiti,2001,80.9,0.2043539211236438,1314.114196939687,8455918,-1.587901880882668,7.180918103137149,15.95037710922881,31.5,349.87195750552337,17.279329820935242,38.3871832598564,0.1237623762376349,0.4037252840737912,0.7096327801401136,0.0991955950506717,High,47.458,0.0,0.0,47.458,52.542,0.0,0.0,47.458
HTI,Haiti,2002,79.1,0.226717169082679,1304.529381038504,8607641,-1.484051989520867,7.173597627158337,15.96816085512367,33.1,357.41527100047966,18.736634533837123,39.9708985140797,-2.2249690976514302,0.4142400039163912,0.6952197742371248,10.943390680281762,High,47.273,0.0,0.0,47.273,52.727,0.0,0.0,47.273
HTI,Haiti,2003,79.0,0.2211666053266289,1326.471610422117,8759912,-1.508838991225594,7.190277771480785,15.98569641720002,31.6,352.7838410584753,17.622698008300404,41.2007603284477,-0.1264222503160494,0.4062027483000728,0.6987297550463013,-2.448232649740756,High,47.17,0.0,0.0,47.17,52.83,0.0,0.0,47.17
HTI,Haiti,2004,81.1,0.2009817218638776,1286.902821282212,8910263,-1.604541311058599,7.159993696806029,16.00271431640754,34.1,352.9829070107414,20.15855715131871,41.8705746346912,2.658227848101258,0.4244994354740534,0.7002629984379478,-9.126551195620758,High,47.273,0.0,0.0,47.273,52.727,0.0,0.0,47.273
HTI,Haiti,2005,81.1,0.2018590544617737,1304.333037312306,9061273,-1.600185575311128,7.173447106590301,16.01952017587514,34.5,358.4056612171138,20.447303860381645,42.5791771857318,0.0,0.426582795751688,0.6992213182991305,0.4365235752584073,High,47.273,0.0,0.0,47.273,52.727,0.0,0.0,47.273
HTI,Haiti,2006,81.4,0.2008775072527044,1305.038138156109,9216562,-1.60505997334608,7.173987543970459,16.03651264096133,33.9,362.87280089110993,20.32286623674309,43.2846444920296,0.3699136868064334,0.4256849555547446,0.7011961793945505,-0.4862537435769032,High,47.368,0.0,0.0,47.368,52.632,0.0,0.0,47.368
HTI,Haiti,2007,79.3,0.2329810132956433,1343.611114220476,9373296,-1.456798316738295,7.203116129675104,16.0533753533004,35.5,365.1248027135225,22.543444606043288,43.9866171992907,-2.579852579852593,0.4417068343252013,0.6825036530306852,15.981633027013142,High,32.609,0.0,0.0,32.609,67.391,0.0,0.0,32.609
HTI,Haiti,2008,79.6,0.2269805159580953,1356.534001400476,9530774,-1.4828910979683,7.212688197321508,16.07003648954126,36.1,368.5070337559573,21.967467392057944,44.6847359532184,0.3783102143757766,0.4375510534599096,0.6861074844602791,-2.5755306205719086,High,36.735,0.0,0.0,36.735,63.265,0.0,0.0,36.735
HTI,Haiti,2009,80.3,0.2191322823969375,1412.896535234288,9689581,-1.518079702308092,7.253397156531716,16.08656174247798,36.6,377.4273449803072,19.920112769403246,45.3786413995138,0.8793969849246297,0.4227790156801103,0.6970540323430577,-3.4576683941482944,High,28.169,0.0,0.0,28.169,71.831,0.0,0.0,28.169
HTI,Haiti,2010,79.0,0.26510476988653,1317.583893397464,9803294,-1.327630173066943,7.183554954591282,16.09822900961328,37.2,388.9955223360975,17.69600276084924,46.0679741838751,-1.6189290161892855,0.4067316554869901,0.6984653014528427,20.979331291004243,High,25.0,0.0,0.0,25.0,75.0,0.0,0.0,25.0
HTI,Haiti,2011,79.0,0.2969670709872733,1369.169212558525,9914904,-1.214134018422926,7.22195942068786,16.10954963758961,37.8,402.4839243701139,17.68701102957872,46.7523749519985,0.0,0.4066667785025321,0.6984977399450716,12.018758136408112,High,12.121,0.0,0.0,12.121,87.879,0.0,0.0,12.121
HTI,Haiti,2012,82.2,0.2739486329927463,1354.885461244991,10069771,-1.294814660998312,7.2114721992944,16.12504852362187,37.9,408.9291286570876,17.84982154345843,47.4314843495779,4.0506329113924044,0.4078414861156475,0.7141870901059606,-7.751175212120909,High,20.0,0.0,0.0,20.0,80.0,0.0,0.0,20.0
HTI,Haiti,2013,80.4,0.2912634085938259,1392.382047368593,10222362,-1.233527237071558,7.238771262553814,16.14008823149665,38.9,415.2388171818411,18.05197346807835,48.1049430223048,-2.1897810218978075,0.409300049197344,0.7043021625834236,6.320446067543628,High,13.333,0.0,0.0,13.333,86.667,0.0,0.0,13.333
HTI,Haiti,2014,77.8,0.3112143897250954,1411.768348021537,10373235,-1.167273248270384,7.252598345119128,16.15473948912698,39.6,400.5004731830272,22.00736996895441,48.7723916158687,-3.2338308457711573,0.4378389578448674,0.6768078862861115,6.8498069248003945,High,8.738,0.0,0.0,8.738,91.262,0.0,0.0,8.738
HTI,Haiti,2015,76.1,0.3320269551911854,1411.126847467965,10523242,-1.10253912302651,7.252143846797234,16.16909689270265,40.8,400.1478971540168,22.788873515598,49.4334707759572,-2.185089974293064,0.4434776487625635,0.6653415418445574,6.687533145390323,High,7.767,0.0,0.0,7.767,92.233,0.0,0.0,7.767
HTI,Haiti,2016,76.1,0.3352869247376436,1416.748818796985,10671457,-1.092768621982673,7.256119961308061,16.18308316503347,40.4,408.5721555328405,0.0,50.087821148256,0.0,0.2790517614216686,0.7475544855150049,0.9818388222670116,High,6.481,0.0,0.0,6.481,93.519,0.0,0.0,6.481
HTI,Haiti,2017,76.2,0.331556809297013,1432.672286095407,10817754,-1.103956113610059,7.267296710882684,16.19669923127697,43.3,408.77623019906537,0.0,50.735083378449,0.1314060446780729,0.2790517614216686,0.7480631325139877,-1.112514436269585,High,12.264,0.0,0.0,12.264,87.736,0.0,0.0,12.264
HTI,Haiti,2018,76.2,0.3245377228009803,1437.352519283492,10962362,-1.125353500592904,7.270558172127201,16.2099783272139,44.4,418.1299251181771,0.0,51.374898112219,0.0,0.2790517614216686,0.7480631325139877,-2.117008699328171,High,18.269,0.0,0.0,18.269,81.731,0.0,0.0,18.269
HTI,Haiti,2019,76.4,0.3237142939729926,1394.421140711123,11105163,-1.127893960937165,7.240234655243437,16.22292069327588,45.4,406.8708626294571,0.0,52.0069059952475,0.2624671916010568,0.2790517614216686,0.7490804265119532,-0.2537236105809026,High,16.038,0.0,0.0,16.038,83.962,0.0,0.0,16.038
HTI,Haiti,2020,76.3,0.3063453010037133,1331.697785069317,11243848,-1.183042378580916,7.19420993727124,16.2353316925963,46.3,391.1844806301543,0.0,52.6307476732151,-0.1308900523560363,0.2790517614216686,0.7485717795129704,-5.365531671804513,High,13.725,0.0,0.0,13.725,86.275,0.0,0.0,13.725
HTI,Haiti,2021,76.7,0.2996416748706283,1292.719549635511,11374586,-1.205167935308451,7.164503456278752,16.24689212653455,47.2,397.5611284171679,0.0,53.2460637918026,0.5242463958060384,0.2790517614216686,0.7506063675089012,-2.188258188103809,High,12.621,0.0,0.0,12.621,87.379,0.0,0.0,12.621
IDN,Indonesia,2000,45.6,1.384085796138511,1828.102659683607,216077790,0.3250398467036484,7.511033910001543,19.19114903970288,86.3,585.7864957742626,76.1856536311886,41.9861540600656,0.0,0.8287451761654971,0.3175704434533654,0.0,Low,19.992,0.0,0.0,10.22,80.008,34.68,32.568,19.992
IDN,Indonesia,2001,44.3,1.458535189442389,1868.591723072922,219097902,0.3774326371805486,7.532940336868643,19.20502922898356,86.3,591.12494475388,75.59692479914136,42.9018895186157,-2.8508771929824706,0.8244973900453855,0.313081925526646,5.378957974396248,Low,20.902,0.0,0.0,10.974,79.098,35.522,31.17,20.902
IDN,Indonesia,2002,44.7,1.463105506658505,1926.374358681486,222088495,0.3805612360874028,7.563394944540807,19.21858648653239,87.6,606.3223057509665,76.74978432396205,43.7824069030376,0.9029345372460584,0.8328154822151584,0.3109574674376903,0.313349808026464,Low,18.577,0.0,0.0,8.785,81.423,37.978,25.885,18.577
IDN,Indonesia,2003,43.0,1.571322506440493,1991.918205064731,225048008,0.4519176255636016,7.596853375586996,19.23182430629768,87.9,597.2756150700654,76.97384881369138,44.6301761521872,-3.803131991051456,0.8344321484588898,0.3015021353331186,7.396390710683476,Low,16.884,0.0,0.0,7.752,83.116,39.577,23.81,16.884
IDN,Indonesia,2004,41.5,1.58011931285841,2065.706174708415,227926649,0.4575003586551496,7.633227420160031,19.24453442024509,89.0,634.7523882975306,78.52533569846436,45.4476736441888,-3.488372093023251,0.8456264098844032,0.2882752996356214,0.5598345585874798,Low,16.806,0.0,0.0,7.75,83.194,38.636,21.446,16.806
IDN,Indonesia,2005,41.6,1.570556627459456,2155.447801592096,230871650,0.451430096308932,7.675753777513591,19.25737248636216,84.8,637.3297582713858,79.4076809996555,46.2373757571669,0.2409638554216941,0.8519926924911374,0.285600805331237,-0.6051875526826622,Low,17.052,0.0,0.0,8.074,82.948,39.002,16.329,17.052
IDN,Indonesia,2006,40.1,1.638883062898825,2244.080222620199,233951652,0.494014950601896,7.716051015834325,19.27062503658946,90.6,643.6246566288619,79.64180043176312,47.0017588692457,-3.605769230769229,0.8536819069817833,0.2771264931011735,4.350459846194421,Low,15.348,0.0,0.0,6.971,84.652,42.514,17.355,15.348
IDN,Indonesia,2007,40.0,1.694885004023225,2355.152856532804,237062337,0.5276148942968036,7.764360911576747,19.28383368983076,91.1,628.6005161765743,79.36813335575005,47.7432993585496,-0.2493765586034979,0.8517073490125778,0.2776051250867934,3.417079741207707,Low,16.368,0.0,0.0,7.608,83.632,43.059,16.712,16.368
IDN,Indonesia,2008,41.1,1.654142524720496,2464.601934182722,240157903,0.5032827626112885,7.809785586289368,19.29680719413242,92.7,632.5070701754171,78.44579996122415,48.4644736032029,2.750000000000008,0.8450525450041544,0.286527644079815,-2.4038491818628938,Low,16.895,0.0,0.0,7.396,83.105,39.442,17.806,16.895
IDN,Indonesia,2009,38.2,1.691263270473762,2546.219697077671,243220028,0.5254757470197557,7.842365066469775,19.30947705663923,93.6,674.8945423795651,80.5786967611829,49.16775798133,-7.0559610705596025,0.8604417852270082,0.2640822609978896,2.244108061942152,Low,16.449,0.0,0.0,6.987,83.551,40.468,24.805,16.449
IDN,Indonesia,2010,36.0,1.801349627353972,2670.812909895296,246305322,0.588536176922225,7.890138165690503,19.32208247065269,94.2,674.4284429180748,85.74762668477783,49.8521375148888,-5.759162303664933,0.8977365593064851,0.2342446399805316,6.509120064398499,Low,19.503,0.0,0.0,9.833,80.497,38.567,21.869,19.503
IDN,Indonesia,2011,32.4,2.003993008667269,2799.624687903184,249470032,0.6951416945275456,7.93724064714455,19.33484935371735,94.8,670.3811872743255,79.78058003014706,50.4830017089844,-10.000000000000009,0.8546832271476736,0.2374600140965599,11.249530809350029,Low,15.875,0.0,0.0,6.473,84.125,42.261,20.409,15.875
IDN,Indonesia,2012,30.1,1.995489289064905,2930.518445322995,252698525,0.6908892779477233,7.98293463015465,19.34770773538056,96.0,685.5713087668161,79.95648201212757,51.1593933105469,-7.0987654320987525,0.855952392095751,0.225126550645919,-0.4243387858932412,Low,14.888,0.0,0.0,6.126,85.112,48.895,23.411,14.888
IDN,Indonesia,2013,30.6,1.856402267952335,3055.242460064688,255852467,0.6186403500779185,8.024614233453086,19.36011153553746,96.5,701.22584018312,79.12727732217147,51.8307495117188,1.661129568106312,0.8499695287111285,0.2306612173331438,-6.970071043465564,Low,15.765,0.004,0.0,7.514,84.235,49.405,25.779,15.765
IDN,Indonesia,2014,29.3,1.951024701078676,3170.721030114289,258877399,0.6683547222879809,8.061714295302249,19.37186514465785,97.0,710.0405908927453,81.08246583332136,52.5002136230469,-4.248366013071903,0.8640765711520156,0.216995285125925,5.097086701510678,Low,14.486,0.004,0.0,6.382,85.514,50.32,25.486,14.486
IDN,Indonesia,2015,26.6,1.957214552590256,3288.222697255384,261799249,0.6715223158181542,8.098102484191292,19.38308854283397,97.5,704.2481784015965,54.32045010301384,53.1720771789551,-9.215017064846409,0.6709837365950577,0.2998082334318709,0.3172615655843591,Low,13.795,0.004,0.0,5.648,86.205,51.241,22.254,13.795
IDN,Indonesia,2016,27.8,1.916265910133318,3416.810051709715,264627418,0.650378453913486,8.136462661371944,19.39383342483622,97.6,724.4164826527649,0.0,53.812557220459,4.511278195488711,0.2790517614216686,0.5018779850063579,-2.092189760327756,Medium,15.368,0.008,0.004,7.253,84.632,52.565,23.991,15.368
IDN,Indonesia,2017,25.2,2.003942761087367,3553.519992623214,267346658,0.6951166204830539,8.175693938429037,19.40405671881333,98.1,761.4103915606419,0.0,54.4541015625,-9.35251798561152,0.2790517614216686,0.4886531630328076,4.5754010698833,Medium,16.247,0.011,0.0,7.008,83.753,55.66,21.002,16.247
IDN,Indonesia,2018,22.0,2.209539252419115,3701.321554619118,269951846,0.7927840107257716,8.216445211783908,19.41375415290858,98.5,832.3618616591086,0.0,55.0956840515137,-12.698412698412698,0.2790517614216686,0.4723764590653611,10.25959899274711,Medium,17.048,0.032,0.067,7.625,82.952,56.383,20.244,17.048
IDN,Indonesia,2019,19.8,2.339794665246056,3850.903217389789,272489381,0.8500631756245149,8.256063001686528,19.42311020250093,98.8,850.7377257171281,0.0,55.7382049560547,-9.999999999999998,0.2790517614216686,0.4611862250877415,5.895139119358528,Medium,16.26,0.041,0.162,7.162,83.74,59.061,21.094,16.26
IDN,Indonesia,2020,21.9,2.169765808811813,3739.44906563161,274814866,0.77461923952181,8.226693570902942,19.43160821437472,97.0,856.0961953616803,0.0,56.2785287648768,10.606060606060597,0.2790517614216686,0.4718678120663783,-7.266828109310285,Medium,18.124,0.058,0.161,8.337,81.876,61.98,17.572,18.124
IDN,Indonesia,2021,20.2,2.249932001075322,3850.688772539029,276758053,0.8108999940153412,8.256007313238973,19.43865422759399,99.2,902.2336039915124,0.0,56.8761702464027,-7.762557077625565,0.2790517614216686,0.4632208130836723,3.69469331381016,Medium,18.167,0.061,0.142,7.984,81.833,61.404,18.273,18.167
IND,India,2000,46.9,0.9423097442788384,756.7041095274493,1057922733,-0.059421242871139,6.62897230454003,20.77957313652469,60.3,394.9168031042415,67.251600486733,27.6470407512523,0.0,0.7642843499284141,0.3564132675586821,0.0,Medium,14.048,0.002,0.277,13.474,83.192,68.295,9.794,16.808
IND,India,2001,47.1,0.9397897200114584,778.5073775283648,1077898575,-0.0620991308586076,6.657378467823068,20.79827921873595,62.0,393.3808861986101,67.12901706864484,27.9028652096636,0.4264392324093924,0.7633998881633941,0.3578727924391575,-0.2674305643850294,Medium,13.0,0.002,0.357,12.288,83.777,69.663,9.543,16.223
IND,India,2002,45.8,0.957620477500199,793.6159129063807,1097600380,-0.0433037407771636,6.676599607314972,20.81639216114575,62.3,397.34425294114783,67.93666427644597,28.1756878910456,-2.760084925690032,0.7692272103743933,0.3483467203468826,1.8973135275967,Medium,11.938,0.002,0.343,11.243,84.888,69.992,10.314,15.112
IND,India,2003,45.6,0.969744882653011,841.2788945716736,1116803006,-0.0307222496514816,6.734923227556811,20.83373598158767,65.4,399.6998971390009,68.16546200360287,28.4660287698,-0.4366812227074135,0.7708780277912175,0.3465040176405052,1.266097106075037,Medium,11.695,0.003,0.407,10.86,85.462,69.182,11.408,14.538
IND,India,2004,44.9,1.028226431828985,892.5966145816124,1135991513,0.027835407203409,6.794134759427068,20.85077168626676,64.4,415.4799564988704,69.01828735313458,28.7726067228528,-1.535087719298256,0.7770313185516222,0.3398668432674239,6.030611784821316,Medium,15.638,0.003,0.749,14.412,81.318,66.303,10.966,18.682
IND,India,2005,44.2,1.054604893855267,947.7325656466724,1154676322,0.0531661885882622,6.854072358708038,20.86708590095277,68.8,425.3696425266431,69.34750849680626,29.0945497159107,-1.5590200445434244,0.7794067092721222,0.3351186189142949,2.565433177919818,Medium,15.254,0.003,0.85,13.828,82.229,67.916,10.712,17.771
IND,India,2006,43.2,1.108109891891737,1008.232753437825,1172878890,0.1026557638147452,6.915954328164902,20.88272715320546,67.9,441.78588669387767,70.04389071511903,29.4309857146804,-2.26244343891403,0.7844312342490205,0.3275198864360187,5.073463848709658,Low,17.135,0.001,1.255,15.128,80.496,67.899,10.035,19.504
IND,India,2007,41.5,1.188623500464363,1069.246968130251,1190676021,0.1727959153049969,6.974709911592361,20.89778706764467,72.3,461.2017382501869,70.95317495650336,29.7810426848684,-3.935185185185186,0.7909918862326466,0.3155925614614997,7.265850540795671,Low,17.802,0.008,1.467,15.398,79.959,66.972,11.309,20.041
IND,India,2008,39.4,1.258159982063346,1086.506052515125,1207930964,0.2296503219440745,6.990722370334558,20.91217478581935,74.1,481.5530274371616,71.43996710292139,30.1438485921815,-5.060240963855422,0.7945041805358546,0.3031548273312588,5.850168835784997,Low,16.768,0.007,1.736,13.903,81.393,69.183,10.367,18.607
IND,India,2009,37.4,1.322845333014665,1155.101632741718,1225524753,0.2797849720362129,7.051943612800446,20.92663495901487,75.0,509.4460001343016,75.57244496993198,30.5185314023263,-5.076142131979699,0.8243207636036726,0.2780735958176957,5.141265965655406,Low,15.166,0.009,1.852,12.103,82.92,69.553,11.879,17.08
IND,India,2010,36.2,1.391298632876233,1235.159391339511,1243481564,0.3302375792419329,7.118955302547687,20.94118099520318,76.3,531.8670660901097,74.84569360819648,30.9042190810094,-3.208556149732611,0.8190771197066729,0.2745916537784031,5.174701694382367,Low,15.114,0.012,2.078,11.613,82.421,68.665,12.605,17.579
IND,India,2011,35.0,1.46337391608571,1281.610543549328,1261224954,0.3807446711226001,7.155872803144586,20.95534927135761,79.5,546.675890208969,74.91097352691001,31.2746502853309,-3.314917127071826,0.8195481262508388,0.2682523865185277,5.180432259929391,Low,16.656,0.08,2.32,12.758,80.223,67.93,11.388,19.777
IND,India,2012,34.8,1.576075535132553,1333.096265576676,1278674502,0.4549379186707584,7.195259534807986,20.96908983301794,79.9,572.1330854795258,75.07474778885921,31.5898935604399,-0.5714285714285783,0.8207297874824114,0.2666442619047759,7.70149158789859,Low,14.868,0.193,2.52,10.637,82.087,72.319,8.843,17.913
IND,India,2013,34.9,1.599458557168173,1399.453798028703,1295829511,0.4696651702050443,7.243837295212063,20.98241687606869,83.1,577.2546216459875,74.98186720683603,31.9096789235237,0.287356321839094,0.8200596371081313,0.2674879840908987,1.4836231839391756,Low,16.034,0.301,2.63,11.565,81.047,74.303,5.81,18.953
IND,India,2014,33.9,1.705176860000762,1484.316406829133,1312277191,0.5336688355615995,7.302709613149857,20.99502977878123,85.1,610.1653717794551,75.78572873440874,32.2288233408821,-2.865329512893988,0.8258596449444063,0.2595015101829341,6.609630637742958,Low,15.77,0.39,2.658,11.043,81.473,75.47,5.085,18.527
IND,India,2015,33.4,1.715502690975208,1583.998159079848,1328024498,0.5397061519395662,7.36770741017663,21.00695833511966,88.0,622.3398839881492,45.956629150643,32.5472990022299,-1.4749262536873142,0.6106372398402857,0.3645694777400809,0.6055577703794057,Medium,14.625,0.541,2.498,10.185,82.452,76.803,4.942,17.548
IND,India,2016,33.0,1.720292356521896,1694.465349738247,1343944296,0.5424942511033277,7.435122542173672,21.01887463175987,89.6,627.2735310263648,0.0,32.8650780972823,-1.19760479041916,0.2790517614216686,0.5283276289534587,0.2791989526967908,Medium,14.438,0.875,3.115,9.216,82.845,76.964,5.206,17.155
IND,India,2017,32.5,1.795453398775309,1788.697703184458,1359657400,0.5852575798917666,7.489243093928637,21.03049859319457,91.8,648.0147183179034,0.0,33.1821328157539,-1.5151515151515138,0.2790517614216686,0.5257843939585451,4.369085403912054,Medium,15.451,1.529,3.599,9.298,81.99,76.261,5.128,18.01
IND,India,2018,32.9,1.859893094190517,1883.357727050616,1374659064,0.6205190098316298,7.540811487804751,21.04147158386486,95.7,668.3033702188523,0.0,33.4984353473598,1.2307692307692353,0.2790517614216686,0.527818981954476,3.589048619093238,Medium,16.294,2.383,3.837,8.903,81.222,76.28,4.534,18.778
IND,India,2019,33.5,1.836882232127991,1936.030677410667,1389030312,0.6080696953744426,7.568395113480952,21.05187172337467,95.9,666.9773475245061,0.0,33.8139578818147,1.823708206686936,0.2790517614216686,0.5308708639483722,-1.2372142320653643,Medium,17.617,2.339,3.954,10.137,79.563,74.877,4.494,20.437
IND,India,2020,36.1,1.680400160643917,1806.501105838781,1402617695,0.5190319559117027,7.499147162731864,21.06160610984377,96.5,632.239828540427,0.0,34.1286726088333,7.76119402985076,0.2790517614216686,0.5440956859219226,-8.518895155450046,Medium,19.007,3.384,3.865,10.486,78.14,73.158,4.784,21.86
IND,India,2021,34.9,1.837029516994061,1965.30943437506,1414203896,0.6081498741463929,7.583404984870203,21.06983259204506,99.6,676.8142934881434,0.0,34.4425517181304,-3.3240997229917024,0.2790517614216686,0.5379919219341301,9.32095580674812,Medium,18.791,3.907,4.056,9.565,78.593,74.793,3.598,21.407
IRN,"Iran, Islamic Rep.",2000,0.4,5.328918188486762,3885.301833606487,66418659,1.67314825106446,8.264955951831878,18.01148858400716,97.9,1852.328680236829,99.65963688870268,64.4780120849609,0.0,0.998114255505915,0.0029774602429733,0.0,Low,27.93,0.0,0.0,22.2305,69.253,0.0,0.0,30.747
IRN,"Iran, Islamic Rep.",2001,0.5,5.458160954592825,3917.299354890156,67452005,1.697111911516565,8.273157755277195,18.026926865899,98.1,1978.897524442691,99.57961330022604,65.2168655395508,25.0,0.9975368706898348,0.003774799649996,2.425309631986749,Low,27.93,0.0,0.0,22.2305,69.253,0.0,0.0,30.747
IRN,"Iran, Islamic Rep.",2002,0.7,5.65089777632155,4198.953560807271,68011317,1.731814430999317,8.342590621039152,18.03518467576362,98.1,2030.5220109644688,99.37540790662833,65.9271621704102,39.99999999999999,0.996063491454169,0.0055287832657944,3.531167793183987,Low,27.93,0.0,0.0,22.2305,69.253,0.0,0.0,30.747
IRN,"Iran, Islamic Rep.",2003,0.8,5.897917589437386,4511.431340344584,68769340,1.774599337667014,8.414369752510055,18.04626856404188,98.2,2075.205242462702,99.196525182262,66.6049270629883,14.285714285714302,0.9947728199050132,0.006682766039355,4.371337491732752,Low,27.93,0.0,0.0,22.2305,69.253,0.0,0.0,30.747
IRN,"Iran, Islamic Rep.",2004,0.7,6.191246919351706,4607.451690882091,70256316,1.823136507339198,8.435430204601783,18.06766076961,98.3,2215.2656693750782,99.30014967107093,67.2567367553711,-12.50000000000001,0.9955204895303236,0.0058002842277171,4.973438937831998,Low,27.93,0.0,0.0,22.2305,69.253,0.0,0.0,30.747
IRN,"Iran, Islamic Rep.",2005,1.4,6.529305134016873,4650.358414907078,71828455,1.876300526296524,8.444699574085648,18.08979126470091,98.4,2404.722483819832,98.85594725313376,67.8708801269531,100.0,0.9923154879018624,0.0109633140348266,5.460260575434539,Low,27.93,0.0,0.0,22.2305,69.253,0.0,0.0,30.747
IRN,"Iran, Islamic Rep.",2006,1.4,6.895076430372609,4778.7934584732,73392747,1.930807596081958,8.471943379078233,18.11133567398835,98.4,2459.9851838315444,98.76589307147884,68.3101850492144,0.0,0.991665730522796,0.0112881927243598,5.601994222174,Low,27.93,0.0,0.0,22.2305,69.253,0.0,0.0,30.747
IRN,"Iran, Islamic Rep.",2007,1.3,7.218649933176635,5084.717960436231,74602648,1.976667945555218,8.533994841936796,18.12768656052257,98.7,2560.858026261387,98.84051759666669,68.806189933608,-7.142857142857128,0.992204160110507,0.0105103309315216,4.692819667359949,Low,27.93,0.0,0.0,22.2305,69.253,0.0,0.0,30.747
IRN,"Iran, Islamic Rep.",2008,0.7,7.351724186882774,5035.940085336179,75514204,1.994934868963754,8.52435549782106,18.13983132897489,98.8,2711.0409956685367,99.5231185172838,69.3790072996746,-46.15384615384615,0.9971292505058424,0.0049959037399577,1.8434784196215803,Low,27.93,0.0,0.0,22.2305,69.253,0.0,0.0,30.747
IRN,"Iran, Islamic Rep.",2009,0.8,7.497134531357648,5023.893143629412,76457825,2.014520885052151,8.521960438739798,18.15224983958154,99.7,2672.0228131213385,99.52150624348276,69.99007683587,14.285714285714302,0.9971176176557066,0.0055103671640083,1.97790804957454,Low,27.93,0.0,0.0,22.2305,69.253,0.0,0.0,30.747
IRN,"Iran, Islamic Rep.",2010,0.9,7.449541817176311,5249.061333697586,77420842,2.008152529450041,8.565804546018779,18.16476657879734,99.4,2639.5362127307912,99.40961591651958,70.6092626774386,12.5,0.9963103084974372,0.0064226687421257,-0.6348120602915008,Low,27.93,0.0,0.0,22.2305,69.253,0.0,0.0,30.747
IRN,"Iran, Islamic Rep.",2011,0.9,7.475030681801567,5321.758707444525,78383598,2.011568223857165,8.579559111810918,18.17712525424967,99.5,2658.7495995968698,99.37507579149884,71.204050944517,0.0,0.996061095182812,0.0065472753994383,0.3421534538739834,Low,27.93,0.0,0.0,22.2305,69.253,0.0,0.0,30.747
IRN,"Iran, Islamic Rep.",2012,0.9,7.46470417628295,5058.646378118354,79370580,2.010185802112564,8.528854212287344,18.18963832858729,99.5,2740.80449432044,98.96389113239886,71.7633634041294,0.0,0.993094322718732,0.0080306616314784,-0.1381466639830186,Low,27.93,0.0,0.0,22.2305,69.253,0.0,0.0,30.747
IRN,"Iran, Islamic Rep.",2013,1.0,7.618403185706651,4916.972919484754,80414686,2.030566792057153,8.50044835986876,18.20270737916012,99.8,2758.6346917294063,98.57078765568824,72.3030873515412,11.111111111111116,0.9902580092901332,0.0099574653447605,2.0590100530981204,Low,27.93,0.0,0.0,22.2305,69.253,0.0,0.0,30.747
IRN,"Iran, Islamic Rep.",2014,0.9,7.810109550011904,5093.203197021866,81502045,2.055418990643347,8.535662223403055,18.21613866992083,100.0,2883.561338646361,99.89014457643472,72.8324070385223,-9.999999999999998,0.9997774106008036,0.0046891176904426,2.516358869860369,Low,27.93,0.0,0.0,22.2305,69.253,0.0,0.0,30.747
IRN,"Iran, Islamic Rep.",2015,0.9,7.619160748300138,4952.733555321775,82619362,2.030666225614564,8.507694936536325,18.22975461780189,100.0,2737.217950510136,59.09089459031285,73.3561403575949,0.0,0.7054033654239132,0.1518761402788877,-2.444892744321048,Low,27.93,0.0,0.0,22.2305,69.253,0.0,0.0,30.747
IRN,"Iran, Islamic Rep.",2016,1.0,7.66363471449536,5312.617249541921,83812228,2.036486377019012,8.57783988349113,18.24408947366161,100.0,2861.0130846206475,0.0,73.8796100096595,11.111111111111116,0.2790517614216686,0.3655605892789927,0.5837121392292977,Medium,27.93,0.0,0.0,22.2305,69.253,0.0,0.0,30.747
IRN,"Iran, Islamic Rep.",2017,1.0,7.837307302122813,5395.239839859798,85026754,2.058895319005785,8.593272332655868,18.25847651787145,99.9,3026.762714382934,0.0,74.4011840820312,0.0,0.2790517614216686,0.3655605892789927,2.266190836300708,Medium,27.93,0.0,0.0,22.2305,69.253,0.0,0.0,30.747
IRN,"Iran, Islamic Rep.",2018,1.0,7.680739396658987,5127.224953670179,86117998,2.038715818132021,8.542319847097774,18.27122898355762,100.0,2921.435839574777,0.0,74.8034286499023,0.0,0.2790517614216686,0.3655605892789927,-1.997725742123413,Medium,27.93,0.0,0.0,22.2305,69.253,0.0,0.0,30.747
IRN,"Iran, Islamic Rep.",2019,1.0,8.185719815436464,4952.456690810781,87051648,2.102391150198403,8.507639033619936,18.28201215564775,100.0,3177.8567911180844,0.0,75.2038879394531,0.0,0.2790517614216686,0.3655605892789927,6.574632892728216,Medium,27.93,0.0,0.0,22.2305,69.253,0.0,0.0,30.747
IRN,"Iran, Islamic Rep.",2020,0.9,8.38853190019001,5132.824307621181,87723443,2.126865523069035,8.543411333963832,18.28969973062971,100.0,3256.876321171514,0.0,75.5986404418945,-9.999999999999998,0.2790517614216686,0.3650519422800101,2.4776328695136574,Medium,27.93,0.0,0.0,22.2305,69.253,0.0,0.0,30.747
IRN,"Iran, Islamic Rep.",2021,0.9,8.86620624375505,5300.622719618949,88455488,2.182246998375223,8.575579586906029,18.29801002299914,100.0,3356.9696700982417,0.0,75.9926376342773,0.0,0.2790517614216686,0.3650519422800101,5.694373571544986,Medium,27.93,0.0,0.0,22.2305,69.253,0.0,0.0,30.747
IRQ,Iraq,2000,0.4,3.636210136432704,4172.780251052443,24424056,1.290941967943587,8.336337819500319,17.01107910622095,96.8,1089.2732638340374,97.2762315406726,67.6331913847871,0.0,0.9809175503254396,0.011575812833211,0.0,Low,1.912,0.0,0.0,1.912,98.088,0.0,18.777,1.912
IRQ,Iraq,2001,0.3,3.994501115968671,4116.094053202787,25197840,1.384918694316231,8.322659947325226,17.04226883452226,96.9,1181.99516468889,97.17148530126504,67.751941516652,-25.00000000000001,0.9801617870645474,0.0114450474646744,9.853417874453974,Low,1.922,0.0,0.0,1.922,98.078,0.0,16.248,1.922
IRQ,Iraq,2002,0.3,3.654916438579975,3660.92527507177,26006559,1.296073230718776,8.205471201841664,17.07385933340199,97.1,1091.2871949290216,96.98399937891156,67.8938101691696,0.0,0.978809041869582,0.012121420062157,-8.501303855721831,Low,1.536,0.0,0.0,1.536,98.464,0.0,13.231,1.536
IRQ,Iraq,2003,0.3,3.092547646112275,2250.06990123369,26802659,1.128995232154429,7.718716561930863,17.10401165697737,97.2,939.5176295984924,96.41677071715708,68.0521271794625,0.0,0.4916618178880346,0.2556950320529308,-15.386638844366962,Low,1.518,0.0,0.0,1.518,98.482,0.0,10.448,1.518
IRQ,Iraq,2004,0.4,3.275157718806356,3354.26588756715,27577878,1.186366026341791,8.117988214007667,17.13252448755795,97.3,980.2494441244428,95.84954205540258,68.2202223846538,33.33333333333335,0.9706237249454848,0.0167227255231884,5.904842660181653,Low,1.517,0.0,0.0,1.517,98.482,0.0,5.884,1.517
IRQ,Iraq,2005,2.4,3.070895351106512,3310.863444739929,28407448,1.121969164390447,8.104964293791246,17.16216192227012,97.4,949.253481740859,95.57460238032016,68.391425621866,499.9999999999999,0.968639984941412,0.0278875355048789,-6.236718510590933,Low,19.737,0.0,0.0,19.737,80.263,0.0,32.895,19.737
IRQ,Iraq,2006,2.6,2.965560271752168,3471.987446985685,28616515,1.087065976403771,8.15248246027419,17.16949455668384,97.6,916.1790435458126,92.10277640497284,68.5590667282222,8.333333333333348,0.9435901260135924,0.0414297589667541,-3.430109701276196,Low,18.031,0.0,0.0,18.031,81.969,0.0,41.915,18.031
IRQ,Iraq,2007,2.0,2.762436095991326,3565.580540790409,28391607,1.016112933903484,8.179082164132152,17.16160413128537,98.1,909.1336587206316,95.52741734507612,68.716475540845,-23.076923076923084,0.9682995362885242,0.026023171835392,-6.849436772392026,Low,17.268,0.0,0.0,17.268,82.732,0.0,38.929,17.268
IRQ,Iraq,2008,1.1,3.129725840663758,3781.780017127623,28971036,1.14094540987351,8.237950081775155,17.18180713023833,97.9,962.3018398727852,96.46848007587,68.8569818968574,-44.99999999999999,0.9750894758811208,0.0180503790482494,13.29586393710318,Low,9.436,0.0,0.0,9.436,90.564,0.0,49.485,9.436
IRQ,Iraq,2009,1.2,3.22209515764181,3768.172843289835,30058206,1.17003181803742,8.234345506005615,17.21864625986942,98.1,995.7798442565004,89.69961308193052,68.9742328505284,9.090909090909085,0.4916618178880346,0.2602728550437752,2.95135490073668,Low,8.534,0.0,0.0,8.534,91.466,0.0,48.085,8.534
IRQ,Iraq,2010,1.7,3.591308925138779,3881.943270453025,31045366,1.278516739151352,8.26409115013764,17.25096011204969,98.4,1064.171520610506,82.93074608799104,69.0582953378474,41.66666666666667,0.4916618178880346,0.2628160900386887,11.458810166462907,Low,9.753,0.0,0.0,9.753,90.247,0.0,30.812,9.753
IRQ,Iraq,2011,1.1,3.603898260226288,4030.016868609864,32161424,1.282016109665686,8.301525840691239,17.28627827990174,98.0,1125.373319409206,76.16187909405156,69.1252233869916,-35.29411764705882,0.4916618178880346,0.2597642080447925,0.3505500459563659,Low,6.308,0.0,0.0,6.308,93.692,0.0,33.395,6.308
IRQ,Iraq,2012,1.3,3.953214221002731,4387.904690587073,33654842,1.374528974852977,8.386607100691377,17.33166749671975,99.3,1190.0322905990704,69.39301210011207,69.2222213745117,18.18181818181817,0.4916618178880346,0.2607815020427579,9.692725364408838,Low,9.539,0.0,0.0,9.539,90.461,0.0,22.338,9.539
IRQ,Iraq,2013,1.5,4.093028882243572,4504.826875373541,35281989,1.409285253982699,8.412904739864173,17.37888316506473,99.0,1175.8327178034776,62.62414510617259,69.444450378418,15.384615384615374,0.4916618178880346,0.2617987960407233,3.5367337418253264,Low,8.166,0.085,0.0,8.081,91.834,0.0,21.138,8.166
IRQ,Iraq,2014,1.0,3.783523304298907,4446.973432348619,36550059,1.330655666588711,8.399979016206505,17.41419335838584,99.2,1082.7190487767366,55.85527811223311,69.6666641235352,-33.333333333333336,0.4916618178880346,0.2592555610458097,-7.561773611893274,Low,4.331,0.087,0.0,4.245,95.669,0.0,21.947,4.331
IRQ,Iraq,2015,0.8,3.671515860996122,4440.141892523674,37560535,1.300604617931825,8.398441612691233,17.44146445607936,99.4,998.3495453414388,49.086411118293626,69.920524597168,-20.0,0.6332191887401403,0.1874595816217915,-2.9604005128109123,Low,3.695,0.085,0.0,3.61,96.305,0.0,29.827,3.695
IRQ,Iraq,2016,0.9,4.030301619508814,4932.927291143899,38469627,1.393841216708527,8.503687861847574,17.46537957881456,99.7,1076.4572913732334,0.0,69.9123778259643,12.5,0.2790517614216686,0.3650519422800101,9.772142409194151,Medium,4.187,0.073,0.0,4.113,95.813,0.0,25.497,4.187
IRQ,Iraq,2017,0.5,4.254106777342136,4736.327108098566,39337353,1.447884816919578,8.463017242611702,17.48768508345554,99.9,1185.881063042826,0.0,69.8944511190753,-44.44444444444444,0.2790517614216686,0.3630173542840793,5.553062250973606,Medium,2.394,0.064,0.0,2.33,97.606,0.0,36.065,2.394
IRQ,Iraq,2018,0.5,4.493731427085297,4749.009218368956,40265624,1.502683409423947,8.465691289665148,17.51100866042189,99.9,1287.1135608607904,0.0,69.8765148865842,0.0,0.2790517614216686,0.3630173542840793,5.632784090409526,Medium,1.91,0.061,0.0,1.849,98.09,0.0,54.314,1.91
IRQ,Iraq,2019,0.9,4.701089923131267,4898.148976522652,41192171,1.547794380370271,8.496612652836138,17.53375877199101,100.0,1319.4951761022355,0.0,69.8683395385742,80.0,0.2790517614216686,0.3650519422800101,4.6143945051132285,Medium,4.357,0.052,0.0,4.305,95.643,0.0,57.669,4.357
IRQ,Iraq,2020,1.1,4.365838604512401,4213.998437660612,42116605,1.473810291002058,8.346167223614328,17.55595263894251,100.0,1142.9073605104045,0.0,69.8683166503906,22.222222222222232,0.2790517614216686,0.3660692362779755,-7.131353028779419,Medium,3.876,0.324,0.0,3.552,96.124,0.0,61.057,3.876
IRQ,Iraq,2021,1.1,4.636735196509798,4182.500640457304,43071211,1.534010497138565,8.338664585988834,17.57836537365382,100.0,1275.9130653657403,0.0,69.8682708740234,0.0,0.2790517614216686,0.3660692362779755,6.204915401989575,Medium,3.096,0.315,0.0,2.781,96.904,0.0,58.833,3.096
JAM,Jamaica,2000,9.3,3.928329574135698,5197.396922106646,2607826,1.368214290774859,8.555913187328994,14.77402748201154,84.4,1339.1099922275027,92.3326134628258,51.7165550768252,0.0,0.9452484423913382,0.0746799497097225,0.0,Low,4.579,0.0,0.0,1.625,95.421,0.0,0.0,4.579
JAM,Jamaica,2001,7.9,3.92801715285343,5234.027443978055,2624403,1.368134757298731,8.562936326480635,14.78036399957063,87.7,1357.3628460456912,93.3352239766654,51.934190578424,-15.053763440860212,0.9524824604871668,0.0639418826760503,-0.0079530313425002,Low,3.387,0.0,0.0,0.884,96.613,0.0,0.0,3.387
JAM,Jamaica,2002,8.0,3.885370290982409,5305.876586972441,2640572,1.357218292271801,8.576570275281398,14.78650611832033,86.7,1290.9447351775827,93.10480876395054,52.1467222312645,1.2658227848101111,0.9508199726164284,0.0652817736104023,-1.085709664990675,Low,2.155,0.0,0.0,1.293,97.845,0.0,0.0,2.155
JAM,Jamaica,2003,8.1,3.973841979083972,5467.174069882359,2656623,1.379733379646017,8.606517138498294,14.79256632532582,86.5,1339.318163499375,93.3124734380964,52.3564891419558,1.2499999999999956,0.952318311193472,0.0650412513208631,2.2770464968782544,Low,2.507,0.0,0.0,1.671,97.493,0.0,0.0,2.507
JAM,Jamaica,2004,6.4,3.967031219302267,5507.20135110043,2672225,1.378018011252239,8.61381185135065,14.79842201668032,87.2,1338.6310434267623,93.55811029933004,52.5637655955662,-20.987654320987648,0.9540906260402032,0.0555080949147916,-0.1713897990295754,Low,3.172,0.0,0.414,1.793,96.828,0.0,0.0,3.172
JAM,Jamaica,2005,5.4,3.955578314786462,5525.735778337132,2687066,1.375126814243363,8.617171690068984,14.80396045000531,88.0,1303.2114688714123,94.28958366595111,52.7685237926234,-15.625,0.9593683400654522,0.04778276791234,-0.2887021523823474,Low,3.614,0.0,0.669,2.008,96.386,0.0,0.0,3.614
JAM,Jamaica,2006,4.8,4.557995503834181,5656.668035799879,2700968,1.516882944389083,8.640590311599004,14.80912078524067,88.7,1470.674997560856,94.39377367806952,52.9707359336549,-11.111111111111116,0.9601200900447964,0.0443550109287717,15.229560410820486,Low,3.733,0.0,0.667,2.133,96.267,0.0,0.0,3.733
JAM,Jamaica,2007,5.3,4.508769990419339,5710.538784467582,2713800,1.506024386920119,8.65006865624898,14.81386042469399,89.4,1479.1582567176729,94.15815851104172,53.1703742191887,10.416666666666677,0.9584200835533392,0.0477482491694138,-1.0799816141423002,Low,4.95,0.0,0.825,2.64,95.05,0.0,0.0,4.95
JAM,Jamaica,2008,5.9,3.621357958787585,5639.58974873397,2725635,1.286849082232138,8.637566602260277,14.81821198645572,92.0,1177.3717676459837,94.32830048675778,53.3674108497524,11.320754716981153,0.9596476890035118,0.0501863284382237,-19.681909556650943,Low,6.147,0.0,1.182,3.783,93.853,0.0,0.0,6.147
JAM,Jamaica,2009,7.4,2.940926088648317,5372.142341695113,2736995,1.078724527888606,8.588982054256928,14.82237116120346,91.0,943.351386149021,96.28063670826184,53.5618180258738,25.42372881355932,0.9737341516533156,0.0507728020980624,-18.789412090239043,Low,7.5,0.0,1.364,3.182,92.5,0.0,0.0,7.5
JAM,Jamaica,2010,8.9,2.798620954620733,5271.572214779385,2748568,1.029126779648332,8.570083930018189,14.8265906067445,92.2,875.1006769334359,91.88351346520324,53.7535679480806,20.270270270270263,0.9420081038303586,0.0742655309942815,-4.83878648215158,Low,7.639,0.0,1.157,3.472,92.361,0.0,0.0,7.639
JAM,Jamaica,2011,9.8,2.754325856169222,5339.621701887982,2760494,1.01317271435618,8.582910087101729,14.83092020718458,91.1,923.8999862988692,92.25894792893702,53.956586109128,10.1123595505618,0.9447169321011164,0.0774889398497469,-1.5827473305513706,Low,8.716,0.0,2.064,3.44,91.284,0.0,0.0,8.716
JAM,Jamaica,2012,12.2,2.52991058385604,5284.008525575893,2772430,0.9281839597654818,8.572440279110992,14.83523474991678,93.1,888.6928547341647,90.85014256853538,54.2478817703732,24.489795918367328,0.934552143950614,0.0947788619005831,-8.147738649387826,Low,10.209,0.0,2.552,3.48,89.791,0.0,0.0,10.209
JAM,Jamaica,2013,11.4,2.688412885500417,5289.884385461113,2783687,0.9889510141018962,8.573551669313158,14.83928686595501,93.9,930.0850400395016,90.48835875238538,54.548819811983,-6.5573770491803245,0.931941807596984,0.0920148540855364,6.265134533047045,Low,9.324,0.0,2.797,2.797,90.676,0.0,0.0,9.324
JAM,Jamaica,2014,11.9,2.582408083188576,5307.191653808015,2793749,0.948722329195694,8.576818095574732,14.84289497940212,93.3,900.3264564512417,90.41364981103264,54.8660395670395,4.385964912280693,0.9314027689312152,0.0948276084133344,-3.943025376926412,Low,9.859,0.235,2.817,3.286,90.141,0.0,0.0,9.859
JAM,Jamaica,2015,12.1,2.535812232786471,5339.307182568061,2802534,0.9305139931344906,8.582851182445014,14.84603456587984,94.9,900.5638129896479,44.75239056298365,55.1995248014924,1.680672268907557,0.6019484383420235,0.2605720677058957,-1.8043565889312108,Low,10.28,0.234,3.037,3.037,89.72,0.0,0.0,10.28
JAM,Jamaica,2016,11.1,2.713747568876638,5472.28314023034,2809915,0.998330546356122,8.607451201426887,14.84866479174209,96.6,995.5755118035918,0.0,55.549259277615,-8.264462809917362,0.2790517614216686,0.4169339361762461,7.016897142050738,Medium,12.249,0.223,4.677,2.673,87.751,0.0,1.114,12.249
JAM,Jamaica,2017,11.0,2.595245908392891,5586.136572313298,2815764,0.9536812745146512,8.628043195241927,14.8507441859299,97.4,917.1399320098772,0.0,55.9152267548307,-0.9009009009009028,0.2790517614216686,0.4164252891772634,-4.3667164124923,Medium,11.644,0.913,5.708,3.425,88.356,0.0,18.721,11.644
JAM,Jamaica,2018,8.9,3.081844347907182,5717.876211075321,2820097,1.125528232023347,8.651352723657938,14.85228183948585,98.2,1029.1871402430695,0.0,56.297410990325,-19.090909090909093,0.2790517614216686,0.4057437021986265,18.74960819476324,Medium,14.646,1.263,7.576,4.545,85.354,0.0,11.869,14.646
JAM,Jamaica,2019,9.2,2.989263163189081,5814.792753116917,2823271,1.095026923316791,8.668160424268962,14.85340669979433,98.9,1072.4191934102323,0.0,56.6957957395074,3.3707865168539186,0.2790517614216686,0.4072696431955747,-3.004083732553553,Medium,12.716,1.94,5.819,3.448,87.284,0.0,27.155,12.716
JAM,Jamaica,2020,11.7,2.092351149293524,5317.841450339663,2830739,0.738288385507658,8.578822757582607,14.85604836627277,99.7,792.6938617922882,0.0,57.1103647563627,27.173913043478272,0.2790517614216686,0.4199858181701423,-30.00445142938472,Medium,13.785,2.804,6.542,3.271,86.215,0.0,57.944,13.785
JAM,Jamaica,2021,10.5,2.280875728851929,5607.453782538768,2837682,0.8245594608237761,8.63185202428082,14.85849807968401,100.0,877.9033277880151,0.0,57.5411017937226,-10.256410256410254,0.2790517614216686,0.4138820541823498,9.01017879441792,Medium,13.333,2.989,5.977,3.218,86.667,0.0,58.391,13.333
JOR,Jordan,2000,2.1,3.056593301026834,3412.076732137085,5386945,1.117300995467122,8.135076397261713,15.4994889918463,99.0,903.2430880426848,98.4551346154963,78.2848247546539,0.0,0.9894235514682396,0.015969811244517,0.0,Low,0.543,0.0,0.0,0.543,99.457,0.0,10.041,0.543
JOR,Jordan,2001,2.1,3.001985490173115,3518.766353122284,5498894,1.099273899812885,8.16586573930094,15.52005753907212,99.0,876.0370939866671,98.00001209194237,78.2902365290261,0.0,0.9861397592819796,0.0176117073376469,-1.7865579576901602,Low,0.531,0.0,0.0,0.531,99.469,0.0,10.212,0.531
JOR,Jordan,2002,2.1,3.063977524480659,3644.624346443322,5616066,1.119713916499176,8.201008579171036,15.54114197675548,99.5,900.9649577274554,97.98149969553332,78.2972918926847,0.0,0.9860061889585374,0.0176784924993681,2.065034441721081,Low,0.616,0.0,0.0,0.616,99.384,0.0,8.374,0.616
JOR,Jordan,2003,2.0,3.07334179985886,3713.151935932682,5741828,1.122765503731368,8.219636373332522,15.56328818449488,99.0,900.9859895825858,96.96382613159815,78.3069420335538,-4.761904761904767,0.9786634882033256,0.0208411958779913,0.3056248064283284,Low,0.623,0.0,0.0,0.498,99.377,0.0,9.34,0.623
JOR,Jordan,2004,1.8,3.232778442794116,3935.157047434468,5882061,1.173341966482894,8.277706070457764,15.58741776866454,99.2,1057.176524229623,97.6699738875579,78.3185350370311,-9.999999999999998,0.9837584733191098,0.0172764093221338,5.187728971199301,Low,0.67,0.0,0.0,0.558,99.33,0.0,50.112,0.67
JOR,Jordan,2005,1.7,3.369103057970637,4151.613130154386,6029587,1.214646554033912,8.331252243759412,15.61218907547882,99.0,1107.306794970614,97.89480274311558,78.412126230667,-5.555555555555558,0.9853806546019892,0.0159566716817114,4.216948905991047,Low,0.622,0.0,0.0,0.622,99.378,0.0,54.922,0.622
JOR,Jordan,2006,2.3,3.196299077803351,4209.86864014361,6427371,1.161993602312837,8.345186724323513,15.67607614790911,100.0,1066.3573147471045,97.89151246802508,78.755612573541,35.29411764705881,0.9853569146658758,0.0190204236436643,-5.129079674736148,Low,0.54,0.0,0.0,0.45,99.46,0.0,70.234,0.54
JOR,Jordan,2007,2.3,3.125676061452182,4287.352298212088,6827227,1.139650599455012,8.363424641484203,15.73642914617721,98.8,1055.8477794507096,98.41632419633632,79.3358270749644,0.0,0.9891435272009546,0.0171271173761249,-2.2095246606179564,Low,0.546,0.0,0.0,0.468,99.454,0.0,82.463,0.546
JOR,Jordan,2008,2.7,2.931815860275433,4489.955455373112,6989866,1.075621978599059,8.409598059834774,15.75997194378304,100.0,1011.3455353312124,98.00262582135986,80.1290966207551,17.391304347826097,0.9861586178174157,0.0206541600638252,-6.2021846591064245,Low,0.495,0.0,0.0,0.424,99.505,0.0,83.816,0.495
JOR,Jordan,2009,2.8,2.949093870930568,4615.230678173243,7141753,1.08149796077128,8.437117130124012,15.78146882238839,99.4,1044.2996718482605,97.96067770458136,81.1117480967305,3.703703703703698,0.9858559544883632,0.0213141387273341,0.5893279618697456,Low,0.49,0.0,0.0,0.42,99.51,0.0,90.966,0.49
JOR,Jordan,2010,3.0,2.821457952214342,4621.574285413101,7297043,1.037253755680656,8.438490680450602,15.80297975556307,100.0,973.413219547318,97.35049824270996,82.2601083887084,7.14285714285714,0.981453398153724,0.0245327108926192,-4.32797070226697,Low,0.474,0.0,0.0,0.406,99.526,0.0,71.177,0.474
JOR,Jordan,2011,3.0,2.809185682522809,4631.67703841605,7480424,1.032894648651127,8.440674292818557,15.82780003283613,99.6,944.4861896331143,96.00337042500954,83.5505043825064,0.0,0.971733624746083,0.0293925975964396,-0.4349619912606295,Low,0.41,0.0,0.0,0.342,99.59,0.0,27.049,0.41
JOR,Jordan,2012,2.9,3.233397832934653,4677.476139771918,7587127,1.173533544972567,8.450513957070973,15.8419635533392,99.5,1034.5030583768507,97.33264631395558,84.9592629639423,-3.3333333333333326,0.981324593225118,0.0240884663579395,15.100893937024384,Low,0.422,0.0,0.0,0.362,99.578,0.0,18.565,0.422
JOR,Jordan,2013,3.1,3.015399892565,4556.52023716712,7991809,1.103732455733908,8.424314505310521,15.89392770012604,99.7,966.8498980902308,97.62487933133067,86.4627110188335,6.896551724137945,0.9834331078543874,0.0240515030412701,-6.742069848293197,Low,0.348,0.0,0.0,0.29,99.652,0.0,25.145,0.348
JOR,Jordan,2014,3.1,2.939075560954581,4282.118728492385,8791710,1.078095096856063,8.362203196110487,15.9893197899902,99.8,930.16049745624,97.63135948759115,88.0371754329978,0.0,0.9834798633661288,0.0240281252853994,-2.531151234654161,Low,0.383,0.0,0.0,0.328,99.617,0.0,7.115,0.383
JOR,Jordan,2015,3.2,2.685607941304567,4042.756780975546,9544729,0.9879071236738676,8.304682109774202,16.07149962291075,99.9,903.433667037898,58.17823060418871,89.8881391939133,3.2258064516129004,0.6988183279643027,0.1668675399852952,-8.624059313660194,Low,1.207,0.262,0.63,0.262,98.793,0.0,48.321,1.207
JOR,Jordan,2016,4.7,2.521924290804045,3933.14704611068,10006367,0.9250222175854106,8.27719515950577,16.11873214835087,100.0,887.6167594441479,0.0,90.56272794707,46.875,0.2790517614216686,0.3843805282413529,-6.094845341461507,Medium,4.372,2.186,1.983,0.203,95.628,0.0,84.596,4.372
JOR,Jordan,2017,5.3,2.594255784462841,3940.701991811448,10234226,0.9532996872252868,8.27911415693202,16.14124815135525,100.0,917.0415683688224,0.0,90.8764609714428,12.765957446808509,0.2790517614216686,0.3874324102352491,2.8681072593077284,Medium,6.737,4.379,2.166,0.192,93.263,0.0,79.692,6.737
JOR,Jordan,2018,7.2,2.409765112968403,3928.770268212053,10462306,0.8795292792541002,8.276081747045222,16.16328945119457,99.9,869.2120050525582,0.0,91.2008859099729,35.8490566037736,0.2790517614216686,0.3970967032159205,-7.111506606224571,Medium,10.604,7.02,3.486,0.098,89.396,0.0,83.211,10.604
JOR,Jordan,2019,8.5,2.182387357592015,3919.064269160728,10671891,0.7804193957580049,8.27360819744274,16.1831238334422,99.9,811.5830120327373,0.0,91.515966492507,18.05555555555556,0.2790517614216686,0.4037091142026957,-9.43568126838299,Medium,14.418,10.034,4.286,0.097,85.582,0.0,81.15,14.418
JOR,Jordan,2020,10.7,1.9279853124113,3806.879493549135,10865228,0.6564755781154048,8.244565101967432,16.20107815626611,99.9,754.9438317078032,0.0,91.8216722992319,25.882352941176467,0.2790517614216686,0.4148993481803152,-11.65705273611074,Medium,18.937,12.174,6.667,0.097,81.063,0.0,77.053,18.937
JOR,Jordan,2021,11.5,1.964802144445742,3874.327140846328,11066356,0.675391550402166,8.262127285638176,16.21942007253542,99.9,741.9977656952144,0.0,92.117972910453,7.476635514018692,0.2790517614216686,0.4189685241721769,1.9096012712044752,Medium,22.987,15.403,7.491,0.094,77.013,0.0,72.659,22.987
KAZ,Kazakhstan,2000,2.5,8.529973641230562,4269.330167827909,15501103,2.14358627137344,8.35921222455624,16.55642174064795,99.6,2301.832950292995,97.24698008072718,56.0239607657944,0.0,0.9807064956958964,0.0223629271266194,0.0,Low,14.582,0.0,0.0,14.582,85.418,69.52,10.689,14.582
KAZ,Kazakhstan,2001,2.4,8.377007553505333,4822.528628026686,15575550,2.12549075686702,8.48105368110787,16.56121293501591,99.7,2217.578620831091,97.48149241674628,55.7813717131331,-4.000000000000004,0.9823985450600712,0.0210082554455492,-1.793277378793423,Low,14.59,0.0,0.0,14.59,85.41,70.567,10.636,14.59
KAZ,Kazakhstan,2002,2.8,9.295331314556725,5267.699032026304,15656677,2.229512264922962,8.569348929876957,16.56640802933059,99.8,2538.1420196136,97.92889484338885,55.5045911261585,16.666666666666675,0.9856266353361798,0.0214287983034258,10.962432052089069,Low,15.241,0.0,0.0,15.241,84.759,68.815,10.681,15.241
KAZ,Kazakhstan,2003,2.3,10.29724309694692,5724.431992480542,15747380,2.331876198917537,8.652498608213037,16.572184560192,99.9,2737.298729771816,98.5065583093762,55.2115277236592,-17.85714285714286,0.9897945828178478,0.0168015895676783,10.778655956256,Low,13.498,0.0,0.0,13.498,86.502,71.766,10.68,13.498
KAZ,Kazakhstan,2004,1.9,11.01291791457739,6233.294393733068,15850159,2.399068939652568,8.737660267160361,16.57869008978299,100.0,3204.588112162812,98.95544131427732,54.9200902244233,-17.391304347826086,0.9930333557366846,0.0131476151123291,6.950159483392837,Low,12.039,0.0,0.0,12.039,87.961,75.519,10.68,12.039
KAZ,Kazakhstan,2005,2.1,11.74821677471426,6787.411554878899,15968117,2.463701465218764,8.822824933568548,16.58610460466085,100.0,3186.461820498929,98.66456723166648,54.6481873472392,10.526315789473696,0.9909346460701002,0.0152142639435867,6.676694277032458,Low,11.572,0.0,0.0,11.572,88.428,73.866,10.689,11.572
KAZ,Kazakhstan,2006,2.1,13.05240976678923,7450.396870626147,16103716,2.568972773180742,8.91602258117973,16.59456061077616,99.8,3763.634908293148,98.7722422001392,54.4137278108953,0.0,0.4916618178880346,0.2648506780346195,11.101199587004484,Low,10.843,0.0,0.0,10.843,89.157,68.825,11.164,10.843
KAZ,Kazakhstan,2007,1.8,13.50818781126951,8036.875998115046,16257214,2.603296006133321,8.991795729216628,16.60404730669003,100.0,4065.373388732971,98.87991716861194,54.2346203341799,-14.28571428571429,0.9924884352228122,0.0129114283702826,3.4919072617530578,Low,10.663,0.0,0.0,10.663,89.337,73.414,6.591,10.663
KAZ,Kazakhstan,2008,1.1,15.12383172947413,8216.521815895847,16426525,2.716271759907159,9.013902261750278,16.61440796429593,100.0,4253.35380920843,98.93786631337038,54.1287736358813,-38.888888888888886,0.9929065488931098,0.0091418425422548,11.960478642862316,Low,9.284,0.0,0.0,9.284,90.716,76.665,10.218,9.284
KAZ,Kazakhstan,2009,1.3,13.50689410720172,8218.399125560478,16619846,2.603200229702016,9.014130715501834,16.626108081404,100.0,3819.514685513157,99.04584704981822,54.1167144748885,18.18181818181817,0.9936856496412888,0.0097695861661307,-10.691322484904642,Low,8.739,0.0,0.0,8.739,91.261,73.809,16.334,8.739
KAZ,Kazakhstan,2010,1.4,14.38505275049133,8704.706554845556,16836810,2.666189664045195,9.071619141679536,16.6390781189056,100.0,4105.701894210899,98.77615598046415,54.2054127497102,7.692307692307687,0.9917397792867888,0.0112511683423635,6.501558658266116,Low,9.704,0.0,0.0,9.704,90.296,80.653,8.893,9.704
KAZ,Kazakhstan,2011,1.4,15.389052456457,9223.302133631498,17066002,2.733656377174131,9.129488401414497,16.65259885527074,99.8,4532.003089198964,98.92430483057724,54.3996086425518,0.0,0.992808700316242,0.0107167078276368,6.9794648888679145,Low,9.101,0.0,0.0,9.101,90.899,81.104,9.171,9.101
KAZ,Kazakhstan,2012,1.3,14.95473909613173,9531.914776170575,17306106,2.705028246000725,9.162400897365671,16.6665699451734,100.0,4270.243403739992,98.83120572121152,54.69208192838,-7.142857142857128,0.9921369732272473,0.0105439243731515,-2.8222228857439413,Low,8.431,0.0,0.0,8.431,91.569,74.63,16.144,8.431
KAZ,Kazakhstan,2013,1.2,15.72720465614392,9959.72586930534,17556502,2.755391993467978,9.20630482703776,16.68093492359426,100.0,4645.780374214215,99.1666233534308,55.0779764821252,-7.692307692307699,0.9945570727450967,0.008825227615244,5.165356313116831,Low,8.347,0.0,0.0,8.347,91.653,74.506,16.564,8.347
KAZ,Kazakhstan,2014,1.3,13.07867493139002,10226.71005396829,17816285,2.570983035957759,9.23275820936943,16.69562348464815,100.0,3698.183192294252,66.11108223562053,55.5524361787178,8.333333333333348,0.4916618178880346,0.2607815020427579,-16.84043530087361,Low,8.738,0.0,0.011,8.728,91.262,72.105,18.079,8.738
KAZ,Kazakhstan,2015,1.7,11.21167912111416,10196.12262559821,18084169,2.41695601365595,9.229762792257562,16.71054747263056,100.0,3050.943854505402,33.055541117810264,56.1106048930882,30.76923076923077,0.4916618178880346,0.2628160900386887,-14.275114413883772,Low,10.311,0.055,0.142,10.115,89.689,70.627,17.556,10.311
KAZ,Kazakhstan,2016,2.1,11.76920102812085,10151.42331330196,18363600,2.465486036905294,9.225369202550445,16.72588100236713,100.0,3389.0973183389096,0.0,56.7476265001667,23.529411764705888,0.2790517614216686,0.3711557062678025,4.972688755930843,Medium,12.66,0.095,0.285,12.279,87.34,66.734,18.546,12.66
KAZ,Kazakhstan,2017,2.0,12.14091988652542,10404.2718646317,18651931,2.496581555950612,9.24997175700681,16.74146023756832,100.0,3404.267074602913,0.0,57.4586448748837,-4.761904761904767,0.2790517614216686,0.3706470592688198,3.15840351028418,Medium,11.288,0.087,0.33,10.871,88.712,68.396,19.579,11.288
KAZ,Kazakhstan,2018,1.9,12.11552355875622,10670.21201482792,18932727,2.494487569080174,9.275211214279077,16.75640256986258,100.0,3814.138733792924,0.0,58.2388038921695,-5.000000000000004,0.2790517614216686,0.3701384122698371,-0.2091796009410007,Medium,10.17,0.13,0.364,9.676,89.83,70.582,18.568,10.17
KAZ,Kazakhstan,2019,1.9,11.39094060221593,10989.68407183882,19209555,2.432818355455574,9.30471230010902,16.7709183694582,100.0,3753.1579332388856,0.0,59.0832474269546,0.0,0.2790517614216686,0.3701384122698371,-5.9806161329001295,Medium,10.415,0.366,0.667,9.382,89.585,70.37,18.633,10.415
KAZ,Kazakhstan,2020,1.8,11.57449675515243,10565.03598162354,19482117,2.448804122150471,9.265305335782504,16.78500752583858,100.0,3388.387890914936,0.0,59.9871193541692,-5.263157894736836,0.2790517614216686,0.3696297652708544,1.611422263941864,Medium,10.99,1.141,0.948,8.892,89.01,67.701,20.72,10.99
KAZ,Kazakhstan,2021,2.0,12.25246476035808,10873.3915275276,19743603,2.505727121678929,9.294073939503082,16.7983400981107,100.0,3540.4002984444883,0.0,61.030254280267,11.111111111111116,0.2790517614216686,0.3706470592688198,5.8574296537242665,Medium,10.94,1.416,1.521,8.003,89.06,64.129,22.602,10.94
KEN,Kenya,2000,76.8,0.2906775437956407,1195.41296851656,30642890,-1.235540723126149,7.086246985015062,17.23791121953753,15.2,460.2595578852452,18.10498009155036,19.4553832211834,0.0,0.4096825016732578,0.6857996443820893,0.0,High,40.371,0.0,0.0,30.394,59.629,0.0,0.0,40.371
KEN,Kenya,2001,78.3,0.2610062186958101,1202.293487599874,31619170,-1.34321104552256,7.09198625134794,17.26927414019172,17.0,452.4284555229565,16.289268422326565,20.4416297068833,1.953125,0.3965818101378472,0.6999796951345352,-10.207642706892717,High,59.459,0.0,0.0,49.48,40.541,0.0,0.0,59.459
KEN,Kenya,2002,78.8,0.2454657410181512,1171.426251734903,32629808,-1.404597889272832,7.065977303968768,17.30073678439651,18.9,445.35176608032754,15.511952413401817,21.8586568137501,0.638569604086836,0.3909733330701126,0.705327168663316,-5.954064142728555,High,76.699,0.0,0.0,60.0,23.301,0.0,0.0,76.699
KEN,Kenya,2003,81.6,0.214880306718519,1169.144336740508,33652223,-1.53767411881378,7.064027424115861,17.33158967428012,16.0,435.1030528432728,13.044911021973906,23.563889811899,3.5532994923857864,0.3731731785510837,0.7284693618943463,-12.460164164974262,High,81.934,0.0,0.0,58.942,18.066,0.0,0.0,81.934
KEN,Kenya,2004,80.3,0.2319648101867129,1191.254436045559,34713455,-1.461169599050122,7.082762178819241,17.36263792192203,22.6,449.6750200776702,13.953014690842052,25.4147539714454,-1.5931372549019551,0.3797253124882424,0.7185808839389917,7.950706944296026,High,70.455,0.0,0.0,46.104,29.545,0.0,0.0,70.455
KEN,Kenya,2005,79.2,0.2521476690280531,1223.447384720193,35796484,-1.3777403748882,7.109427878051365,17.39336023425728,24.5,453.6249182494348,15.21458338893277,27.2686745625048,-1.3698630136986245,0.3888277612109967,0.7084345425888048,8.700827864836324,High,66.716,0.0,0.0,44.776,33.284,0.0,0.0,66.716
KEN,Kenya,2006,77.6,0.2709407606891913,1263.541646662113,36904008,-1.305855077240695,7.141673887632177,17.42383072099844,26.4,459.8585051985438,16.777799939199692,28.9830768551925,-2.020202020202033,0.4001066543167785,0.6946567440521906,7.453208563687896,High,62.85,0.0,0.0,43.142,37.15,0.0,0.0,62.85
KEN,Kenya,2007,78.2,0.262922185302275,1309.910929482159,38036349,-1.335897163958916,7.177714421121873,17.45405281311731,28.3,456.22375294181626,16.351489401669856,30.4153861196239,0.7731958762886793,0.3970307458754008,0.6992465802667758,-2.9595308459751446,High,74.063,0.0,0.0,51.724,25.937,0.0,0.0,74.063
KEN,Kenya,2008,78.2,0.2696068297710236,1273.772261030727,39206351,-1.310790567286285,7.149738061150245,17.48434930694375,30.3,456.15344235827,16.74196630429532,31.4230276259143,0.0,0.3998481080919391,0.6978378991585066,2.542442153013247,High,72.683,0.0,0.0,45.854,27.317,0.0,0.0,72.683
KEN,Kenya,2009,75.6,0.3086993899436636,1276.735034860743,40408891,-1.175387323686978,7.152061344182961,17.51456039297602,23.0,470.5883887260108,18.53163839228268,31.8603086707305,-3.324808184143236,0.4127609192896992,0.6781566715860761,14.499840455021552,High,60.611,0.0,0.153,32.824,39.389,0.0,0.0,60.611
KEN,Kenya,2010,74.0,0.3241169341241971,1340.164674088561,41598567,-1.126650920510627,7.20054777650533,17.54357627752279,19.2,469.5958212229522,19.39687953821536,31.8713287706458,-2.116402116402105,0.4190037922902649,0.66689688310207,4.994355247461679,High,74.441,0.0,0.279,47.346,25.559,0.0,0.0,74.441
KEN,Kenya,2011,74.7,0.3245182280999309,1370.58000874482,42758461,-1.125413571534486,7.222989293276212,17.57107765189249,36.2,472.7151626902288,18.79306028265514,31.8673949025409,0.9459459459459474,0.4146471260065607,0.672635745236801,0.1238114808219226,High,69.221,0.128,0.255,43.678,30.779,0.0,0.0,69.221
KEN,Kenya,2012,76.2,0.2937593645395676,1396.301787097564,43888303,-1.224994334748267,7.241582439828132,17.59715839607298,38.1,462.7498455826123,16.996376418952845,31.8558130142761,2.008032128514059,0.4016837235655354,0.6867471514420542,-9.478316130486077,High,77.479,0.122,0.122,52.142,22.521,0.0,0.0,77.479
KEN,Kenya,2013,74.3,0.3088395435895839,1413.941425225826,44986791,-1.174933413364192,7.25413642072283,17.62187947131192,40.1,471.4354744755677,18.37283654656976,31.8324454433988,-2.493438320209984,0.4116151349500369,0.6721171527691321,5.1335143217145385,High,78.342,0.371,0.124,48.391,21.658,0.0,0.0,78.342
KEN,Kenya,2014,71.8,0.3410360240635255,1450.593382022767,46051440,-1.075767164863357,7.279727980684497,17.64526959053499,36.0,497.4856641265116,17.925872242603607,31.7931545274563,-3.364737550471064,0.4083902058091104,0.6610134423650277,10.424986418425576,High,76.413,0.543,0.217,35.652,23.587,0.0,0.0,76.413
KEN,Kenya,2015,69.2,0.361032749251909,1489.11959777284,47088526,-1.018786606614566,7.305940350326721,17.66753991996724,41.6,530.4589010472232,16.04469662698709,31.7338026039958,-3.62116991643453,0.3948171799361953,0.6545751333279349,5.8635228472692535,Medium,89.806,0.51,0.612,38.226,10.194,0.0,0.0,89.806
KEN,Kenya,2016,68.3,0.3843668530707314,1517.97796057742,48139687,-0.9561578359091152,7.325134439126475,17.68961748842851,53.1,533.4077785035432,0.0,31.6502520105647,-1.3005780346820872,0.2790517614216686,0.707880019594354,6.463154344632915,High,89.256,0.62,0.62,34.194,10.744,0.0,0.0,89.256
KEN,Kenya,2017,68.1,0.3912047551102219,1542.337739733721,49197766,-0.9385241857056196,7.341054557205019,17.71135877392756,55.8,538.6069039182613,0.0,31.5383650847102,-0.2928257686676483,0.2790517614216686,0.7068627255963885,1.7790040907175175,High,80.886,0.646,0.554,29.271,19.114,0.0,0.0,80.886
KEN,Kenya,2018,68.7,0.3811591852922336,1596.69045914945,50207107,-0.964538181947414,7.375688302972038,17.73166714834652,61.2,546.4952966928885,0.0,31.3940041639796,0.8810572687224738,0.2790517614216686,0.7099146075902848,-2.567854732532071,High,86.283,0.796,3.363,35.31,13.717,0.0,0.0,86.283
KEN,Kenya,2019,68.1,0.3803872001051817,1645.709617778621,51202827,-0.9665655973912696,7.405926948771306,17.7513053033292,69.7,543.8831871574531,0.0,31.1895566421135,-0.8733624454148603,0.2790517614216686,0.7068627255963885,-0.2025361625379806,High,88.668,0.779,13.495,27.768,11.332,0.0,0.0,88.668
KEN,Kenya,2020,69.0,0.3670160563923083,1609.334140782809,52217334,-1.002349681496826,7.383575795278355,17.77092506669569,71.5,534.7539574797461,0.0,31.2063494632616,1.3215859030837107,0.2790517614216686,0.7114405485872328,-3.515140285786722,High,93.579,0.771,11.387,36.216,6.421,0.0,0.0,93.579
KEN,Kenya,2021,67.7,0.4042810441636759,1698.895782714436,53219166,-0.9056449890054972,7.437733779422339,17.78992915259058,76.5,539.7786432343058,0.0,31.2879334021971,-1.8840579710144856,0.2790517614216686,0.7048281376004577,10.153503401915076,High,89.822,1.373,16.074,29.645,10.178,0.0,0.0,89.822
KGZ,Kyrgyz Republic,2000,35.2,0.9794906950527544,718.3428323976618,4898362,-0.0207225413335731,6.576946937537751,15.40441142148064,99.6,473.3802071445026,62.78371458236654,35.3216067847574,0.0,0.7320477365714395,0.3130198753561928,0.0,Low,27.93,0.0,0.0,22.2305,69.253,0.0,0.0,30.747
KGZ,Kyrgyz Republic,2001,36.0,0.8151548015570246,749.423779561565,4945073,-0.2043772432169325,6.619304617323415,15.41390228531623,99.5,435.8812891366559,60.34155619480212,35.3160273737858,2.2727272727272707,0.7144271174729376,0.3258993608973053,-16.77768807052107,Low,27.93,0.0,0.0,22.2305,69.253,0.0,0.0,30.747
KGZ,Kyrgyz Republic,2002,28.3,1.009556968315492,742.4430011183196,4990704,0.0095115893880199,6.609946101559568,15.42308753994088,100.0,485.30085738635273,65.88615433710592,35.3118703235333,-21.38888888888889,0.7544324064080391,0.2667308975080862,23.84849679927548,Low,27.93,0.0,0.0,22.2305,69.253,0.0,0.0,30.747
KGZ,Kyrgyz Republic,2003,30.5,1.122259437654809,786.3504749641338,5043308,0.1153440082278002,6.667402589947659,15.43357277395096,99.4,511.2496050753176,65.049721153845,35.3086519815317,7.773851590105996,0.7483973881231331,0.2809386406281588,11.16355717175308,Low,27.93,0.0,0.0,22.2305,69.253,0.0,0.0,30.747
KGZ,Kyrgyz Republic,2004,27.7,1.099121537293086,831.4821039443813,5104713,0.094511258290673,6.723209775784868,15.44567478860778,99.3,497.8754764144233,67.11899811668187,35.3058886953128,-9.180327868852457,0.7633275995939037,0.2592314189212577,-2.061724730074388,Low,27.93,0.0,0.0,22.2305,69.253,0.0,0.0,30.747
KGZ,Kyrgyz Republic,2005,28.0,1.087292547998698,820.7095194375921,5162640,0.0836907053226441,6.710169233736901,15.45695863452779,99.4,498.5394095788744,66.02251675683583,35.3030968124082,1.0830324909747224,0.7554162861881738,0.2647130166210708,-1.0762221367730196,Low,27.93,0.0,0.0,22.2305,69.253,0.0,0.0,30.747
KGZ,Kyrgyz Republic,2006,27.8,1.071272597800119,837.1380266473458,5218373,0.0688472855032707,6.729988963282616,15.46769622545094,98.9,485.42484905971264,66.5902413683196,35.2997926803498,-0.7142857142857117,0.7595125230181596,0.2616476042081124,-1.4733799314697538,Low,27.93,0.0,0.0,22.2305,69.253,0.0,0.0,30.747
KGZ,Kyrgyz Republic,2007,24.5,1.27961415120573,900.0279648972895,5268385,0.2465585881175155,6.802425834949682,15.47723442193875,99.5,560.621207010433,70.29155071324492,35.2954926466692,-11.870503597122308,0.7862181463981806,0.2315094415516727,19.44804280753982,Low,27.93,0.0,0.0,22.2305,69.253,0.0,0.0,30.747
KGZ,Kyrgyz Republic,2008,22.0,1.471009333244841,966.4099711848172,5318729,0.3859487864291117,6.873588144992405,15.4867449229999,99.5,593.9478177144014,74.4087264586456,35.2897130588983,-10.20408163265306,0.8159243218619463,0.2039401788452221,14.957257377840572,Low,27.93,0.0,0.0,22.2305,69.253,0.0,0.0,30.747
KGZ,Kyrgyz Republic,2009,24.7,1.306487275687833,981.220904665529,5389643,0.2673420666948487,6.888797617360733,15.49998970692539,99.5,535.1743308475794,72.98706947765768,35.2815523593591,12.27272727272728,0.8056668069201339,0.2228024052886614,-11.184297328290594,Low,27.93,0.0,0.0,22.2305,69.253,0.0,0.0,30.747
KGZ,Kyrgyz Republic,2010,25.6,1.208273040404356,962.7647898287244,5467059,0.1891921007972071,6.869809134642693,15.51425136984378,99.0,503.615577108919,70.5191504385153,35.267768240398,3.643724696356277,0.7878603200124451,0.2362834717333502,-7.517427617637495,Low,27.93,0.0,0.0,22.2305,69.253,0.0,0.0,30.747
KGZ,Kyrgyz Republic,2011,26.0,1.425002438436465,1005.483178181498,5546587,0.3541735249026343,6.913223479268185,15.52869334160531,98.3,596.8017900990014,70.10334273262403,35.2466507961984,1.5625,0.7848601914208516,0.2398181240250777,17.937121063263906,Low,27.93,0.0,0.0,22.2305,69.253,0.0,0.0,30.747
KGZ,Kyrgyz Republic,2012,22.4,1.847303539442853,985.8472865972002,5652076,0.6137270295893089,6.893501460859957,15.54753346926374,99.8,731.3564163578975,73.87067907712982,35.218916221918,-13.846153846153852,0.8120422116700308,0.2079158219371107,29.63511427178633,Low,27.93,0.0,0.0,22.2305,69.253,0.0,0.0,30.747
KGZ,Kyrgyz Republic,2013,24.8,1.676709103969951,1069.784044387162,5777150,0.5168330056420896,6.975212079410456,15.56942103946007,98.9,674.4523743771098,73.17187219419378,35.1850529225105,10.71428571428572,0.8070001922947405,0.2226443596003408,-9.234780956699362,Low,27.93,0.0,0.0,22.2305,69.253,0.0,0.0,30.747
KGZ,Kyrgyz Republic,2014,26.6,1.683348437006845,1088.582142295076,5905848,0.5207849270582199,6.992631341580298,15.5914536044157,99.8,691.5385436252795,70.14086095652367,35.1455493029297,7.258064516129026,0.7851308922631697,0.2427346555978149,0.3959740554383639,Low,27.93,0.0,0.0,22.2305,69.253,0.0,0.0,30.747
KGZ,Kyrgyz Republic,2015,23.5,1.707969952496972,1105.651938442607,6040036,0.5353055029967455,7.008190429517271,15.61392053015814,98.7,659.12770366868,66.61526518961026,35.1008937681291,-11.654135338345872,0.7596930744621597,0.239685507529856,1.4626511629348915,Low,27.93,0.0,0.0,22.2305,69.253,0.0,0.0,30.747
KGZ,Kyrgyz Republic,2016,22.2,1.577468310236622,1128.316161281803,6175338,0.4558212266334317,7.028481677609845,15.63607417582241,99.7,624.3534800684724,0.0,35.0515747230627,-5.53191489361703,0.2790517614216686,0.4733937530633264,-7.640745791198656,Medium,27.93,0.0,0.0,22.2305,69.253,0.0,0.0,30.747
KGZ,Kyrgyz Republic,2017,24.7,1.528090144189604,1157.182757580675,6306696,0.4240186838926832,7.053743672870573,15.65712248407187,100.0,609.7055984600256,0.0,34.9980805726839,11.261261261261255,0.2790517614216686,0.4861099280378941,-3.130216038356504,Medium,27.93,0.0,0.0,22.2305,69.253,0.0,0.0,30.747
KGZ,Kyrgyz Republic,2018,23.4,1.780207846613923,1175.071277874696,6444079,0.5767301252478001,7.06908408675941,15.67867228267002,100.0,707.0811910518912,0.0,34.9408997219466,-5.263157894736848,0.2790517614216686,0.4794975170511189,16.498876285732834,Medium,27.93,0.0,0.0,22.2305,69.253,0.0,0.0,30.747
KGZ,Kyrgyz Republic,2019,28.3,1.551801603924366,1201.877014297206,6590211,0.4394165810667935,7.091639792303953,15.70109592417553,99.9,609.8819869755672,0.0,34.8805205758044,20.940170940170955,0.2790517614216686,0.5044212200012715,-12.830313220110856,Medium,27.93,0.0,0.0,22.2305,69.253,0.0,0.0,30.747
KGZ,Kyrgyz Republic,2020,30.0,1.383835152282076,1093.328564614224,6726596,0.3248587404785855,6.996982051067236,15.7215797787155,99.9,562.2891526745623,0.0,34.8174315392111,6.0070671378091856,0.2790517614216686,0.5130682189839775,-10.82396430171989,Medium,27.93,0.0,0.0,22.2305,69.253,0.0,0.0,30.747
KGZ,Kyrgyz Republic,2021,27.6,1.53476225562031,1132.554678128201,6851224,0.4283754867116076,7.032231137099608,15.73993788040733,99.7,595.8332223599156,0.0,34.7521210171204,-7.9999999999999964,0.2790517614216686,0.5008606910083926,10.906436585986468,Medium,27.93,0.0,0.0,22.2305,69.253,0.0,0.0,30.747
KHM,Cambodia,2000,81.6,0.1605958947022452,598.5619152521472,12462336,-1.828864040048716,6.394529970361067,16.33822153368721,16.6,273.11106008706554,20.388665935916343,18.6242216655572,0.0,0.4261597124099232,0.7019760949649265,0.0,High,6.25,0.0,0.0,6.25,93.75,0.0,0.0,6.25
KHM,Cambodia,2001,80.5,0.1728169028771534,632.8335739808495,12658484,-1.75552260981989,6.45020747127365,16.35383822027464,9.5,276.1642070890227,21.23533128727852,18.7186818716995,-1.3480392156862695,0.4322685576577249,0.6933265553522159,7.609788654664373,High,5.769,0.0,0.0,5.769,94.231,0.0,0.0,5.769
KHM,Cambodia,2002,81.0,0.1748625327210902,662.1883412834542,12855241,-1.743755141054921,6.495550018922903,16.36926214607543,13.1,272.09527903291814,21.26517482792492,18.803641734126,0.6211180124223503,0.4324838842577352,0.6957621270471243,1.1836977806452875,High,7.018,0.0,0.0,7.018,92.982,0.0,0.0,7.018
KHM,Cambodia,2003,79.9,0.1852812756877497,719.3334942405086,13050968,-1.685880199432577,6.578325080839252,16.38437286522727,19.3,275.5985706571996,22.362147195069728,18.8881765274479,-1.3580246913580174,0.4403987403708631,0.6862095820017506,5.958247775855829,High,6.25,0.0,0.0,6.25,93.75,0.0,0.0,6.25
KHM,Cambodia,2004,80.7,0.1826764167577281,775.8471390309785,13244731,-1.700038905715781,6.653955514994149,16.39911037093129,14.2,279.2723369105631,22.387599429179865,18.9813615262763,1.001251564455563,0.4405823828916529,0.6901869367332173,-1.4058943195164098,High,4.054,0.0,0.0,4.054,95.946,0.0,0.0,4.054
KHM,Cambodia,2005,79.2,0.2010015177984526,866.3402901232085,13439202,-1.604442819715489,6.7642777760949,16.41368651629651,20.5,286.390391082312,24.28148617385649,19.0922720052225,-1.8587360594795488,0.4542471218838401,0.6757248622523832,10.031454177814258,High,4.545,0.0,0.0,4.545,95.455,0.0,0.0,4.545
KHM,Cambodia,2006,78.0,0.2205362434918383,947.0652200506912,13639028,-1.511693228024938,6.853367960984321,16.42844594684334,27.5,289.72636002753785,25.539543265737446,19.2299832388976,-1.5151515151515138,0.4633242337260049,0.6650825423435083,9.718695613519436,High,4.63,0.0,0.0,4.63,95.37,0.0,0.0,4.63
KHM,Cambodia,2007,74.8,0.2671190172933086,1030.231176207916,13841770,-1.320060962249475,6.937538498960444,16.44320139014996,20.2,298.2137717420128,27.77882192069297,19.4035705019128,-4.10256410256411,0.4794810384751548,0.6407274360014867,21.122502616307727,Medium,3.731,0.0,0.0,3.731,96.269,0.0,0.0,3.731
KHM,Cambodia,2008,74.1,0.2915648146626184,1090.574758061467,14053479,-1.232492949150573,6.994460137222706,16.4583805387507,26.4,296.38961605563713,27.41693424162621,19.6574509865325,-0.9358288770053512,0.4768699527315984,0.638472449880386,9.151649933807304,Medium,3.378,0.0,0.0,3.378,96.622,1.351,0.0,3.378
KHM,Cambodia,2009,68.0,0.341665960393113,1117.258341945143,14276810,-1.073921743221983,7.018633054283913,16.47414710056485,25.6,311.4624062288999,31.928088736342865,20.1979728726519,-8.232118758434536,0.5094187568757766,0.5911705808703518,17.183536287966938,Medium,4.839,0.0,0.0,4.032,95.161,2.419,0.0,4.839
KHM,Cambodia,2010,64.8,0.3557959787668562,1155.852368566987,14500726,-1.033397805762397,7.052593332224765,16.48970927510291,31.1,323.2559707474881,33.98315227001684,21.1232251168762,-4.705882352941182,0.5242464158574712,0.5674800474120578,4.135623682700373,Medium,4.124,0.0,0.0,3.093,95.876,3.093,0.0,4.124
KHM,Cambodia,2011,64.0,0.3644129318603311,1221.388398524541,14722584,-1.009467626135102,7.107743522237734,16.50489319933731,37.4,325.0638009818711,33.570981052147694,22.3824788531276,-1.2345679012345625,0.521272525191567,0.5648978167531484,2.42188040554594,Medium,5.882,0.0,0.0,4.902,94.118,4.902,0.0,5.882
KHM,Cambodia,2012,64.4,0.3769065214416646,1295.252714778931,14945085,-0.975758076015374,7.166461101642465,16.51989304120491,42.3,334.02596449885635,33.60669863497337,23.9411047582349,0.6250000000000089,0.5215302340794488,0.5668035503051383,3.4284155388102144,Medium,37.063,0.0,0.0,36.364,62.937,2.797,0.0,37.063
KHM,Cambodia,2013,65.0,0.3754134419251206,1376.295575959256,15170208,-0.9797273485311956,7.227150803535254,16.53484406250296,50.9,337.7820363989769,33.30217576314026,25.7644735090271,0.9316770186335256,0.5193330459041541,0.5709540263866819,-0.3961405366065262,Medium,57.865,0.0,0.0,57.303,42.135,9.551,0.0,57.865
KHM,Cambodia,2014,63.7,0.4568100378442962,1464.531158669268,15396772,-0.7834876466166704,7.289290442019107,16.54966843502292,56.1,359.9541784580028,35.18777346986213,27.8179557823331,-1.999999999999991,0.5329379779725817,0.5575391493656929,21.681854411438685,Medium,61.111,0.0,0.0,60.458,38.889,28.105,0.0,61.111
KHM,Cambodia,2015,60.6,0.5453154404291399,1547.320104443935,15623251,-0.6063908619748553,7.344279748653595,16.56427081132144,62.7,379.7547466910754,42.38269713167642,30.0669222549819,-4.866562009419151,0.5848506671467123,0.5158147478101637,19.37466238756576,Medium,48.998,0.0,0.0,48.107,51.002,47.439,0.0,48.998
KHM,Cambodia,2016,58.0,0.668405454858677,1645.466715781259,15852803,-0.4028603212249643,7.405779340759345,16.57885688807812,68.8,412.7612122605062,0.0,32.4767436038024,-4.290429042904298,0.2790517614216686,0.6554893786991352,22.57225915566785,Medium,47.628,0.0,0.0,46.898,52.372,43.613,0.0,47.628
KHM,Cambodia,2017,56.3,0.7358754591133708,1753.93530504662,16073372,-0.3066943877326039,7.46961728801393,16.59267454768711,89.1,418.9684759876584,0.0,35.0127905056235,-2.931034482758621,0.2790517614216686,0.6468423797164292,10.094173194466103,Medium,41.78,0.0,0.0,40.875,58.22,53.846,0.0,41.78
KHM,Cambodia,2018,58.1,0.7565506378620521,1884.28374817086,16274522,-0.2789858109654201,7.541303053228362,16.6051113754279,80.7,440.51227921791184,0.0,37.6404336372742,3.1971580817051537,0.2790517614216686,0.6559980256981179,2.809602969175251,Medium,58.924,0.244,0.0,57.946,41.076,37.408,0.0,58.924
KHM,Cambodia,2019,53.0,0.9532498156699252,2008.32094006706,16481304,-0.0478782736146109,7.60505429875074,16.61773720552888,84.0,487.9389207115493,0.0,39.5830241256026,-8.777969018932874,0.2790517614216686,0.6300570287499999,25.999472865917905,Medium,48.558,1.038,0.0,46.482,51.442,43.022,0.0,48.558
KHM,Cambodia,2020,51.4,1.114061102244397,1908.634275183356,16725474,0.1080119894124055,7.554143226107223,16.63244350438415,86.4,513.1792462925619,0.0,39.832658030922,-3.018867924528301,0.2790517614216686,0.6219186767662765,16.869794667776226,Medium,55.186,3.856,0.0,51.33,44.814,38.83,0.0,55.186
KHM,Cambodia,2021,52.4,1.088857540853661,1938.764367417284,16974305,0.0851290189139512,7.569806125123397,16.64721128800827,82.5,497.04212828098,0.0,40.1091858128847,1.9455252918287869,0.2790517614216686,0.6270051467561037,-2.262314099286,Medium,58.702,6.282,0.0,51.905,41.298,35.633,0.0,58.702
KIR,Kiribati,2000,54.7,0.3656348391319558,1555.581904201608,88613,-1.006120150911721,7.349604969533042,11.39203385269214,55.6,83.25961388354061,0.0,43.3274808848011,0.0,0.4916618178880346,0.532398999499523,0.0,Medium,0.0,0.0,0.0,0.0,100.0,0.0,0.0,0.0
KIR,Kiribati,2001,56.4,0.3232412686112803,1477.951639475001,90335,-1.129356272951654,7.298412380725873,11.41128026120803,57.3,83.25961388354061,0.0,43.4777440627131,3.107861060329053,0.4916618178880346,0.5410459984822289,-11.594510693051308,Medium,0.0,0.0,0.0,0.0,100.0,0.0,0.0,0.0
KIR,Kiribati,2002,53.0,0.4682216249024538,1467.992596600774,92264,-0.758813537673573,7.29165116597426,11.43240931190577,59.0,83.25961388354061,0.0,43.4985457088421,-6.028368794326244,0.4916618178880346,0.5237520005168169,44.85205645740806,Medium,0.0,0.0,0.0,0.0,100.0,0.0,0.0,0.0
KIR,Kiribati,2003,50.5,0.4746482612158216,1415.545647729555,94175,-0.7451812519585816,7.255270352516303,11.45291003256024,60.7,83.25961388354061,0.0,43.510668313316,-4.716981132075471,0.4916618178880346,0.5110358255422492,1.3725629000383543,Medium,0.0,0.0,0.0,0.0,100.0,0.0,0.0,0.0
KIR,Kiribati,2004,50.5,0.4829057605245355,1378.958242093704,96085,-0.7279337571521809,7.229083596039458,11.47298849536653,62.4,83.25961388354061,0.0,43.5238025326975,0.0,0.2790517614216686,0.6173408537754322,1.7397091664387745,Medium,0.0,0.0,0.0,0.0,100.0,0.0,0.0,0.0
KIR,Kiribati,2005,48.5,0.6283470189218137,1368.997161001015,98035,-0.464662687227911,7.221833751510561,11.49307983674952,69.7,81.60350895088489,0.0,43.5443274444527,-3.960396039603964,0.2790517614216686,0.6071679137957782,30.117938174789828,Medium,0.0,0.0,0.0,0.0,100.0,0.0,0.0,0.0
KIR,Kiribati,2006,48.1,0.6618874791285482,1419.387098994715,100017,-0.4126597085967663,7.257980436994141,11.51309545052187,68.8,99.9830028895088,0.0,43.7349826427011,-0.8247422680412342,0.2790517614216686,0.6051333257998474,5.337888013583148,Medium,0.0,0.0,0.0,0.0,100.0,0.0,0.0,0.0
KIR,Kiribati,2007,48.4,0.6035192224791316,1433.357345444801,102068,-0.5049773872879575,7.267774765509127,11.53339453680957,67.7,107.77128972841636,0.0,44.6212141757087,0.6237006237006071,0.2790517614216686,0.6066592667967954,-8.818456080520686,Medium,0.0,0.0,0.0,0.0,100.0,0.0,0.0,0.0
KIR,Kiribati,2008,49.7,0.658210358657481,1361.83587176171,104222,-0.4182307047397308,7.216588974133652,11.55427851845371,69.4,107.77128972841636,0.0,45.9461325515373,2.685950413223148,0.4916618178880346,0.5069666495503876,9.062037154954172,Medium,0.0,0.0,0.0,0.0,100.0,0.0,0.0,0.0
KIR,Kiribati,2009,50.4,0.545708999032564,1340.275932002531,106467,-0.6056694141204177,7.20063079115134,11.57559035696042,64.2,107.77128972841636,0.0,47.3510238975116,1.4084507042253502,0.4916618178880346,0.5105271785432666,-17.092006855434562,Medium,0.0,0.0,0.0,0.0,100.0,0.0,0.0,0.0
KIR,Kiribati,2010,50.1,0.5620768324992641,1328.787641451245,108704,-0.5761167258006237,7.192022257722455,11.59638387096031,63.2,107.77128972841636,0.0,48.4603839564718,-0.5952380952380931,0.4916618178880346,0.5090012375463184,2.99937026798478,Medium,0.0,0.0,0.0,0.0,100.0,0.0,0.0,0.0
KIR,Kiribati,2011,50.5,0.515151789022748,1348.060112267442,110647,-0.6632936857780122,7.206421884148194,11.6141002325947,74.9,107.77128972841636,0.0,49.1228169536795,0.7984031936127733,0.4916618178880346,0.5110358255422492,-8.348510517301477,Medium,0.0,0.0,0.0,0.0,100.0,0.0,0.0,0.0
KIR,Kiribati,2012,48.7,0.4969541519717858,1405.50280446236,112284,-0.6992575066945109,7.248150385693126,11.62878665506391,76.7,107.77128972841636,0.0,49.5800786695548,-3.5643564356435564,0.4916618178880346,0.5018801795605605,-3.532480608382149,Medium,0.0,0.0,0.0,0.0,100.0,0.0,0.0,0.0
KIR,Kiribati,2013,46.2,0.5279432175547708,1493.491348589151,113838,-0.6387665435688896,7.308871844930415,11.64253166409219,78.8,107.77128972841636,0.0,49.9687043258795,-5.133470225872694,0.4916618178880346,0.4891640045859929,6.235799713118095,Medium,0.0,0.0,0.0,0.0,100.0,0.0,0.0,0.0
KIR,Kiribati,2014,48.0,0.5263340443612021,1492.850681932498,115326,-0.6418192024875966,7.308442780436172,11.65551817953519,83.4,107.77128972841636,0.0,50.3909308922385,3.8961038961038863,0.4916618178880346,0.4983196505676816,-0.3048004293002893,Medium,0.0,0.0,0.0,0.0,100.0,0.0,0.0,0.0
KIR,Kiribati,2015,47.5,0.5333219192740658,1639.852747406524,116815,-0.6286300610125131,7.402361728620291,11.66834676578806,90.6,107.77128972841636,0.0,50.9541970402064,-1.041666666666663,0.4916618178880346,0.4957764155727681,1.3276501848449973,Medium,0.0,0.0,0.0,0.0,100.0,0.0,0.0,0.0
KIR,Kiribati,2016,48.1,0.5722581407518695,1731.436938249019,118478,-0.5581650943845584,7.456706942878357,11.68248256831304,92.6,107.77128972841636,0.0,51.7710553002321,1.263157894736855,0.4916618178880346,0.4988282975666643,7.300697771957698,Medium,0.0,0.0,0.0,0.0,100.0,0.0,0.0,0.0
KIR,Kiribati,2017,42.5,0.5745167324880482,1769.511913325188,120275,-0.5542260568118931,7.478459032356913,11.69753606656765,85.7,107.77128972841636,0.0,52.9734697275451,-11.642411642411645,0.4916618178880346,0.4703440656236328,0.3946805777566009,Medium,0.0,0.0,0.0,0.0,100.0,0.0,0.0,0.0
KIR,Kiribati,2018,42.3,0.6217030896759608,1803.94864980951,122084,-0.4752926479975266,7.497733235588568,11.71246461138125,87.5,107.77128972841636,0.0,54.5004023142497,-0.4705882352941226,0.4916618178880346,0.4693267716256674,8.21322592008129,Medium,0.0,0.0,0.0,0.0,100.0,0.0,0.0,0.0
KIR,Kiribati,2019,42.2,0.6141009191339645,1835.219630824671,123921,-0.4875960009308144,7.514919443149124,11.72739954478059,89.3,107.77128972841636,0.0,56.2846727145489,-0.236406619385332,0.4916618178880346,0.4688181246266847,-1.22279761323989,Medium,25.0,25.0,0.0,0.0,75.0,0.0,0.0,25.0
KIR,Kiribati,2020,42.2,0.5844614152372342,1777.044760581097,126099,-0.5370645135300229,7.482707016684405,11.74482259170745,91.0,107.77128972841636,0.0,58.4123714112748,0.0,0.4916618178880346,0.4688181246266847,-4.826487466999629,Medium,25.0,25.0,0.0,0.0,75.0,0.0,0.0,25.0
KIR,Kiribati,2021,42.2,0.6270593642163316,1893.526615993432,128377,-0.4667140630601992,7.546196303748699,11.76272652646685,92.8,107.77128972841636,0.0,59.6364645301985,0.0,0.4916618178880346,0.4688181246266847,7.288410811825252,Medium,25.0,25.0,0.0,0.0,75.0,0.0,0.0,25.0
KIR,Kiribati,2022,41.9,0.580980922671286,1948.24312238625,130469,-0.543037358002732,7.574683282567946,11.77889092963319,94.4,107.77128972841636,0.0,60.5739126559419,-0.7109004739336622,0.4916618178880346,0.4672921836297365,-7.348338000283627,Medium,25.0,25.0,0.0,0.0,75.0,0.0,0.0,25.0
LAO,Lao PDR,2000,81.5,0.1720610427285843,917.2280386175293,5431212,-1.759905965545853,6.821356120313198,15.50767287142361,42.6,296.8284332238624,0.0,22.1840964350091,0.0,0.2790517614216686,0.7750214234600712,0.0,High,27.93,0.0,0.0,22.2305,69.253,0.0,0.0,30.747
LAO,Lao PDR,2001,81.1,0.1863811201412954,954.1235054146342,5521482,-1.679961668656126,6.860793123671328,15.52415686048031,45.3,305.2037883407625,0.0,23.3728884682287,-0.4907975460122782,0.2790517614216686,0.7729868354641403,8.322672689657097,High,27.93,0.0,0.0,22.2305,69.253,0.0,0.0,30.747
LAO,Lao PDR,2002,80.2,0.2057427976208405,994.4922419637948,5610889,-1.581128445525681,6.902232297322216,15.54021973196748,46.3,308.96483646567594,0.0,24.5247834668291,-1.1097410604192226,0.2790517614216686,0.768409012473296,10.388218219134536,High,27.93,0.0,0.0,22.2305,69.253,0.0,0.0,30.747
LAO,Lao PDR,2003,78.7,0.2106022434403982,1038.711927677829,5697945,-1.557784026725524,6.945736693442917,15.55561614148375,48.0,314.01957467220024,0.0,25.5945881340707,-1.8703241895261848,0.2790517614216686,0.7607793074885554,2.361903248012154,High,27.93,0.0,0.0,22.2305,69.253,0.0,0.0,30.747
LAO,Lao PDR,2004,74.0,0.2175858486868573,1088.760347288307,5781626,-1.525161799723319,6.992795031945485,15.57019551596584,53.5,319.0629068730544,0.0,26.5371091732139,-5.972045743329102,0.2790517614216686,0.7368728985363682,3.316016549669598,High,27.93,0.0,0.0,22.2305,69.253,0.0,0.0,30.747
LAO,Lao PDR,2005,73.9,0.2219260406680407,1148.681538520707,5869523,-1.505411102760656,7.046370075394026,15.58528392785509,57.2,324.8568174886886,0.0,27.3224977292697,-0.1351351351351226,0.2790517614216686,0.7363642515373855,1.9947032435136287,High,27.93,0.0,0.0,22.2305,69.253,0.0,0.0,30.747
LAO,Lao PDR,2006,69.8,0.2865240139522404,1228.089276199232,5963200,-1.249932928007476,7.113214806552508,15.60111780770713,57.0,349.3850208414409,0.0,28.0378756242097,-5.548037889039248,0.2790517614216686,0.7155097245790945,29.1078834596189,High,27.93,0.0,0.0,22.2305,69.253,0.0,0.0,30.747
LAO,Lao PDR,2007,70.7,0.2982050237143995,1301.085975498645,6056236,-1.209974029997967,7.170954560494027,15.61659904295703,55.0,377.4611948117279,0.0,28.7343050001346,1.2893982808023008,0.2790517614216686,0.7200875475699389,4.076799567699108,High,27.93,0.0,0.0,22.2305,69.253,0.0,0.0,30.747
LAO,Lao PDR,2008,69.3,0.343065642386553,1381.737542239532,6148969,-1.06983347290621,7.231097074743314,15.63179498345274,66.0,406.72759670548834,0.0,29.4034348148069,-1.980198019801993,0.2790517614216686,0.712966489584181,15.0435489360226,High,27.93,0.0,0.0,22.2305,69.253,0.0,0.0,30.747
LAO,Lao PDR,2009,66.4,0.4230777734448723,1463.337966684595,6241642,-0.8601992552645242,7.288475383695362,15.64675384675572,67.4,420.27349749961786,0.0,30.0420311503825,-4.184704184704168,0.2790517614216686,0.6982157266136826,23.322688480755737,High,27.93,0.0,0.0,22.2305,69.253,0.0,0.0,30.747
LAO,Lao PDR,2010,64.8,0.467525939369713,1564.910683116469,6334194,-0.7603004465098382,7.35558402985454,15.66147313396659,70.2,425.3694772650632,0.0,30.6468600890172,-2.4096385542168752,0.2790517614216686,0.6900773746299592,10.505909011226366,High,27.93,0.0,0.0,22.2305,69.253,0.0,0.0,30.747
LAO,Lao PDR,2011,63.6,0.4864477117724952,1666.400861898712,6426590,-0.7206258615033186,7.418421407168611,15.67595462894683,70.0,424.2265916519119,0.0,31.2146877128668,-1.851851851851849,0.2790517614216686,0.6839736106421668,4.047213386339865,High,27.93,0.0,0.0,22.2305,69.253,0.0,0.0,30.747
LAO,Lao PDR,2012,62.4,0.5116906361702709,1774.63585203672,6518978,-0.6700350627908029,7.481350527080471,15.69022817315025,76.4,430.5322647338939,0.0,31.7422801040872,-1.8867924528301885,0.2790517614216686,0.6778698466543742,5.189236949187559,High,27.93,0.0,0.0,22.2305,69.253,0.0,0.0,30.747
LAO,Lao PDR,2013,58.6,0.5966072161884385,1890.278612948748,6611385,-0.5164963114526169,7.544479511447871,15.70430372089293,79.3,446.111130889269,0.0,32.2264033448341,-6.08974358974359,0.2790517614216686,0.6585412606930314,16.595296848447827,Medium,27.93,0.0,0.0,22.2305,69.253,0.0,0.0,30.747
LAO,Lao PDR,2014,58.2,0.6545110285100845,2006.311954444469,6703172,-0.4238668434913593,7.604053467121511,15.71809140516305,82.5,458.2174620389153,0.0,32.6638235172635,-0.6825938566552892,0.2790517614216686,0.6565066726971007,9.705516586201846,Medium,27.93,0.0,0.0,22.2305,69.253,0.0,0.0,30.747
LAO,Lao PDR,2015,53.3,1.31255012574164,2121.013390973629,6801645,0.2719719057956322,7.659649268063672,15.73267505265511,89.7,602.3676415013059,0.0,33.1240204432199,-8.41924398625431,0.2790517614216686,0.6315829697469479,100.5390388500408,Medium,27.93,0.0,0.0,22.2305,69.253,0.0,0.0,30.747
LAO,Lao PDR,2016,51.7,2.297214480889741,2234.760987418463,6908802,0.8316972937012393,7.711889560576734,15.74830680878846,89.0,754.1579128436825,0.0,33.8267455533474,-3.0018761726078647,0.2790517614216686,0.6234446177632247,75.01918104588412,Medium,27.93,0.0,0.0,22.2305,69.253,0.0,0.0,30.747
LAO,Lao PDR,2017,50.6,2.742062826555214,2351.574417475951,7018147,1.008710493552764,7.762840347695303,15.76400978104443,93.6,811.9399248790187,0.0,34.5115346444216,-2.127659574468088,0.2790517614216686,0.6178495007744149,19.36468489843306,Medium,27.93,0.0,0.0,22.2305,69.253,0.0,0.0,30.747
LAO,Lao PDR,2018,50.2,2.786500365808577,2459.97874636195,7128045,1.024786459306318,7.807907989198822,15.77954756124417,92.9,820.7963818169765,0.0,35.2050070032013,-0.7905138339920903,0.2790517614216686,0.6158149127784842,1.6205879319398653,Medium,27.93,0.0,0.0,22.2305,69.253,0.0,0.0,30.747
LAO,Lao PDR,2019,50.5,2.676302041163717,2554.956380192451,7237636,0.9844360062866276,7.845790430160349,15.79480519170584,98.4,809.2557431802139,0.0,35.9072880879451,0.5976095617529875,0.2790517614216686,0.6173408537754322,-3.9547213414014015,Medium,27.93,0.0,0.0,22.2305,69.253,0.0,0.0,30.747
LAO,Lao PDR,2020,50.6,2.645846687138001,2529.746226987609,7346533,0.9729911226452396,7.835874271152134,15.80973905922298,99.3,727.9036994419573,0.0,36.6185033569111,0.1980198019801982,0.2790517614216686,0.6178495007744149,-1.137964009939385,Medium,27.93,0.0,0.0,22.2305,69.253,0.0,0.0,30.747
LAO,Lao PDR,2021,51.5,3.195489074885211,2556.589126404054,7453194,1.161740151196146,7.846429276577749,15.82415322331172,100.0,753.8303283314066,0.0,37.338778268357,1.7786561264822032,0.2790517614216686,0.6224273237652593,20.77378067365483,Medium,27.93,0.0,0.0,22.2305,69.253,0.0,0.0,30.747
LAO,Lao PDR,2022,49.2,3.179187425014953,2589.050151916282,7559007,1.156625637414712,7.859046350717369,15.8382503903223,100.0,847.1074701287669,0.0,38.0682382805397,-4.466019417475719,0.2790517614216686,0.6107284427886571,-0.5101456925132308,Medium,27.93,0.0,0.0,22.2305,69.253,0.0,0.0,30.747
LBN,Lebanon,2000,4.9,3.535989319388175,5958.978367503007,4329340,1.262993124235817,8.692654330517701,15.28092566341855,99.3,1136.8701445954557,93.7525436366268,86.0,0.0,0.9554934981037032,0.047176953898301,0.0,Low,4.422,0.0,0.0,4.422,95.578,0.0,0.0,4.422
LBN,Lebanon,2001,4.6,3.752546049244897,6085.760414201461,4401918,1.322434556067745,8.713706962971784,15.29755091299863,99.3,1199.710235849918,94.37141424113165,86.1451238111303,-6.122448979591855,0.9599587626208482,0.0434183806427803,6.124360406557816,Low,3.317,0.0,0.0,3.317,96.683,0.0,0.0,3.317
LBN,Lebanon,2002,5.7,3.688985156056766,6207.241338937457,4463504,1.305351394767128,8.733471847394117,15.31144466575888,99.3,1175.2534652237614,94.85906461532696,86.2942846645228,23.91304347826089,0.9634772491943202,0.0472542543448541,-1.693807147307924,Low,5.801,0.0,0.0,5.801,94.199,0.0,0.0,5.801
LBN,Lebanon,2003,7.0,3.639525109667246,6319.765182986474,4525508,1.291853208760302,8.751437331859906,15.32524039400827,99.2,1157.2988164132048,94.7137721102877,86.4475351790771,22.80701754385965,0.9624289372166042,0.0543908213204873,-1.3407494011818957,Low,10.441,0.0,0.0,10.441,89.559,0.0,0.0,10.441
LBN,Lebanon,2004,6.1,3.628894876783948,6633.752580023928,4599279,1.288928160267676,8.79992592306593,15.34141011004403,99.9,1149.0600192591144,94.68660902443054,86.6049279736931,-12.857142857142868,0.9622329505877816,0.0499109916440542,-0.2920774706310469,Low,9.703,0.0,0.0,9.703,90.297,0.0,0.0,9.703
LBN,Lebanon,2005,6.4,3.548584466791777,6707.180246353159,4671102,1.266548782219899,8.810933910101705,15.35690557611159,99.2,1079.471930367284,93.9926604607964,86.7665156672703,4.918032786885251,0.9572259848741678,0.0539404154978093,-2.2130817430386585,Low,8.866,0.0,0.0,8.866,91.134,0.0,0.0,8.866
LBN,Lebanon,2006,6.4,3.395840489516613,6696.374282005955,4751136,1.222551297238966,8.80932150696409,15.37389430531187,99.4,985.7854712510082,95.58643343515423,86.9323508787087,0.0,0.9687253481642996,0.0481907338527433,-4.304363576647718,Low,6.09,0.0,0.0,6.09,93.91,0.0,0.0,6.09
LBN,Lebanon,2007,7.3,3.085824911779606,7179.345200923063,4844118,1.12681901603186,8.878963460240485,15.39327574339145,97.8,823.8750048033285,98.03423282842311,87.1024862269079,14.0625,0.986386668149917,0.043937896850779,-9.12927384822886,Low,5.487,0.0,0.0,5.487,94.513,0.0,0.0,5.487
LBN,Lebanon,2008,5.1,3.71794595880824,7701.298230279795,4925354,1.313171354177007,8.949144194965205,15.4099067081778,99.9,1061.3791229352084,99.28329593003956,87.2769743307677,-30.136986301369863,0.9953988867085696,0.0282415535938332,20.48466990514013,Low,2.972,0.0,0.0,2.972,97.028,0.0,0.0,2.972
LBN,Lebanon,2009,4.3,4.318601875252765,8375.48851252821,4992287,1.46293170988551,9.03306468484626,15.42340467936598,99.3,1336.5941699009152,95.2500409434034,87.4558678091878,-15.68627450980392,0.966298214856763,0.0387227135278748,16.155584914339638,Low,4.777,0.0,0.0,4.777,95.223,0.0,1.464,4.777
LBN,Lebanon,2010,5.7,4.098000352290922,8955.543361847072,5041288,1.410499135783254,9.10002798957722,15.43317216295435,99.5,1272.704426314309,94.41574707029628,87.6392192810679,32.558139534883736,0.9602786320856,0.0488535628992142,-5.108169943285901,Low,5.283,0.0,0.0,5.283,94.717,0.0,6.302,5.283
LBN,Lebanon,2011,6.2,4.117370026020306,8936.20027462737,5096020,1.415214616334714,9.097865752609277,15.44397040087322,99.7,1257.0153362389788,94.63308845512655,87.8270813653079,8.771929824561408,0.9618467898987608,0.0506127189875474,0.4726615925876087,Low,4.908,0.0,0.0,4.908,95.092,0.0,0.0,4.908
LBN,Lebanon,2012,5.6,4.476328283555607,8920.805698467304,5235742,1.498803130824463,9.096141546435284,15.47101913054276,99.5,1383.476740489031,95.405328598748,88.0195066808075,-9.677419354838722,0.9674186436706596,0.0447749101077017,8.71814423447037,Low,6.075,0.0,0.0,6.075,93.925,0.0,0.0,6.075
LBN,Lebanon,2013,5.9,4.022783574153173,8443.538565287841,5743436,1.391974094392314,9.041156761014577,15.56356819547426,99.6,1238.3238338209703,95.1918946721502,88.2165478464663,5.35714285714286,0.9658786788827788,0.0470708334985903,-10.132069872278848,Low,6.702,0.0,0.0,6.702,93.298,0.0,0.0,6.702
LBN,Lebanon,2014,4.2,3.934053779823192,7830.415111333605,6346990,1.369670390392794,8.965770803075568,15.66349124273986,99.7,1192.553005831761,96.6475239479447,88.4182574811842,-28.8135593220339,0.9763813101404438,0.0331725188870517,-2.20568153106917,Low,1.169,0.056,0.056,1.057,98.831,0.0,0.0,1.169
LBN,Lebanon,2015,4.2,4.156899013344058,7714.109999880404,6472469,1.424769366817865,8.950806398438399,15.68306820110235,99.7,1284.150181535057,89.32472848780426,88.6246882038608,0.0,0.9235460025713644,0.0595901726715914,5.664519246375988,Low,2.682,0.107,0.054,2.521,97.318,0.0,0.0,2.682
LBN,Lebanon,2016,4.0,4.406995979794593,8019.141691342605,6323060,1.483193273627665,8.989586674103801,15.65971382616226,99.8,1356.1770231910627,0.0,88.835892633396,-4.761904761904767,0.2790517614216686,0.380819999248474,6.016431134066491,Medium,2.215,0.206,0.052,1.958,97.785,0.0,0.0,2.215
LBN,Lebanon,2017,4.0,4.755858969164277,8305.57405425721,6160128,1.559377325143343,9.02468214118266,15.6336081145146,99.9,1475.8082102746678,0.0,89.0519233886895,0.0,0.2790517614216686,0.380819999248474,7.916117713044611,Medium,2.259,0.282,0.047,1.929,97.741,0.0,0.0,2.259
LBN,Lebanon,2018,4.7,4.594444061022182,8388.723512383496,5984119,1.524847760680023,9.034643643950968,15.60461968480235,99.7,1431.8255348994496,0.0,89.272833088641,17.500000000000004,0.2790517614216686,0.3843805282413529,-3.394022177458711,Medium,2.209,0.423,0.047,1.598,97.791,0.0,0.0,2.209
LBN,Lebanon,2019,5.1,4.660257474466718,8064.048734162358,5794594,1.539070698642702,8.995171033715799,15.57243597190475,100.0,1489.8721733652608,0.0,89.4986743521503,8.51063829787233,0.2790517614216686,0.3864151162372837,1.4324565185780846,Medium,5.188,0.556,0.046,4.447,94.812,0.0,0.0,5.188
LBN,Lebanon,2020,6.3,3.826583132219112,6440.828430929219,5702398,1.341972272425577,8.770412449168242,15.55639734608899,100.0,1251.1811645359885,0.0,89.729499798117,23.529411764705888,0.2790517614216686,0.3925188802250762,-17.88901893973154,Medium,6.74,0.767,0.055,5.753,93.26,0.0,0.0,6.74
LBN,Lebanon,2021,6.8,2.92316253483224,5973.419338929876,5718122,1.072666090068039,8.695074796015508,15.5591509877683,100.0,987.5971037504304,0.0,89.965362045441,7.93650793650793,0.2790517614216686,0.3950621152199897,-23.60906757206553,Medium,9.284,2.998,0.097,5.899,90.716,0.0,0.0,9.284
LBR,Liberia,2000,91.3,0.1363333500676373,754.8509173609513,2928117,-1.992652288861946,6.626520269302072,14.88987011228139,3.0,603.8037999957767,10.807091106766707,43.7710042955819,0.0,0.4916618178880346,0.7185638011271933,0.0,High,0.0,0.0,0.0,0.0,100.0,0.0,0.0,0.0
LBR,Liberia,2001,91.6,0.1526197063148476,754.4223557620167,3015338,-1.879806031412584,6.625952364711055,14.91922248799599,3.0,603.8037999957767,10.807091106766707,44.1509656015089,0.3285870755750153,0.4916618178880346,0.7200897421241415,11.945981111100368,High,0.0,0.0,0.0,0.0,100.0,0.0,0.0,0.0
LBR,Liberia,2002,91.1,0.150446784296923,762.7163939270637,3094782,-1.894145850033325,6.636886263533476,14.94522802543269,3.0,603.8037999957767,10.807091106766707,44.566701526991,-0.545851528384278,0.4916618178880346,0.717546507129228,-1.4237493115351385,High,0.0,0.0,0.0,0.0,100.0,0.0,0.0,0.0
LBR,Liberia,2003,90.3,0.1616268081237827,528.5673955434206,3119532,-1.822465254798583,6.270170319494905,14.95319354853454,3.0,603.8037999957767,10.807091106766707,45.0004573003041,-0.8781558726673966,0.4916618178880346,0.7134773311373663,7.431214883792214,High,0.0,0.0,0.0,0.0,100.0,0.0,0.0,0.0
LBR,Liberia,2004,89.6,0.172701505151269,535.9958820662179,3156892,-1.756190578457703,6.28412647832901,14.96509855726222,3.0,603.8037999957767,10.807091106766707,45.4344781497244,-0.7751937984496138,0.4916618178880346,0.7099168021444873,6.852017407288469,High,0.0,0.0,0.0,0.0,100.0,0.0,0.0,0.0
LBR,Liberia,2005,87.8,0.2063607708538132,539.6653788419359,3301015,-1.578129327131888,6.29094927867302,15.00974055490256,3.0,603.8037999957767,10.807091106766707,45.8510093035277,-2.00892857142857,0.4916618178880346,0.7007611561627987,19.489850811121823,High,0.0,0.0,0.0,0.0,100.0,0.0,0.0,0.0
LBR,Liberia,2006,87.6,0.2053978085743988,551.3774466118523,3490787,-1.582806650607891,6.312419595707215,15.06563777018965,3.0,603.8037999957767,10.807091106766707,46.2322959899902,-0.2277904328018221,0.4916618178880346,0.6997438621648332,-0.4666401833207878,High,0.0,0.0,0.0,0.0,100.0,0.0,0.0,0.0
LBR,Liberia,2007,89.8,0.1824177920715171,574.6093943485428,3669050,-1.701455661847298,6.35369049578248,15.11544333093603,3.0,603.8037999957767,10.807091106766707,46.6104850769043,2.511415525114158,0.4916618178880346,0.7109340961424527,-11.188053398611563,High,0.0,0.0,0.0,0.0,100.0,0.0,0.0,0.0
LBR,Liberia,2008,91.8,0.1467154043061468,591.1853781419074,3821003,-1.919260593850685,6.382129636821216,15.15602351156351,1.3,603.8037999957767,10.807091106766707,47.1080497871025,2.2271714922049046,0.4916618178880346,0.7211070361221068,-19.57176838944149,High,0.0,0.0,0.0,0.0,100.0,0.0,0.0,0.0
LBR,Liberia,2009,91.8,0.1325377349590213,603.2562110776055,3943028,-2.020887881957888,6.402342000478006,15.18745951402654,1.9,603.8037999957767,10.807091106766707,47.6245255922562,0.0,0.4916618178880346,0.7211070361221068,-9.663381574808172,High,0.0,0.0,0.0,0.0,100.0,0.0,0.0,0.0
LBR,Liberia,2010,88.6,0.1956938966072005,621.7832950715754,4058890,-1.63120359256159,6.432591631827257,15.21642009518281,5.3,603.8037999957767,10.807091106766707,48.1407517057907,-3.485838779956429,0.4916618178880346,0.7048303321546603,47.65145689844945,High,0.0,0.0,0.0,0.0,100.0,0.0,0.0,0.0
LBR,Liberia,2011,87.1,0.2097755650200015,646.9087270165967,4221178,-1.561717057772348,6.47220521347772,15.25562479397737,4.1,603.8037999957767,10.807091106766707,48.6583302770849,-1.69300225733634,0.4916618178880346,0.6972006271699196,7.195762697221952,High,0.0,0.0,0.0,0.0,100.0,0.0,0.0,0.0
LBR,Liberia,2012,86.2,0.2234370894592164,674.360011422232,4373043,-1.498625383480824,6.513764109885485,15.29096966341326,9.3,603.8037999957767,10.807091106766707,49.1773247639526,-1.0332950631458004,0.4916618178880346,0.6926228041790754,6.512447928772014,High,0.0,0.0,0.0,0.0,100.0,0.0,0.0,0.0
LBR,Liberia,2013,87.5,0.202986909648455,717.0072803589749,4470239,-1.594613786509933,6.575085994465747,15.31295243272193,9.8,603.8037999957767,10.807091106766707,49.6977986242077,1.5081206496519783,0.4916618178880346,0.6992352151658505,-9.152544843945488,High,0.0,0.0,0.0,0.0,100.0,0.0,0.0,0.0
LBR,Liberia,2014,91.2,0.2590105411725321,707.157694930142,4564293,-1.350886518602956,6.561253689016782,15.33377418597536,9.4,603.8037999957767,10.807091106766707,50.2198153156642,4.228571428571426,0.4916618178880346,0.7180551541282106,27.599627789349658,High,0.0,0.0,0.0,0.0,100.0,0.0,0.0,0.0
LBR,Liberia,2015,91.9,0.2646245861350882,692.590082351257,4659431,-1.329443113495876,6.540438312419157,15.35440389564236,15.2,603.8037999957767,10.807091106766707,50.7434382961363,0.7675438596491224,0.4916618178880346,0.7216156831210896,2.167496711578432,High,0.0,0.0,0.0,0.0,100.0,0.0,0.0,0.0
LBR,Liberia,2016,92.8,0.2912771616163485,668.0315131756014,4755608,-1.233480019681977,6.504335347836498,15.37483511119238,17.7,603.8037999957767,10.807091106766707,51.2687310234384,0.9793253536452662,0.4916618178880346,0.7261935061119339,10.071843992475582,High,0.0,0.0,0.0,0.0,100.0,0.0,0.0,0.0
LBR,Liberia,2017,93.6,0.2537882107889893,671.2608998353553,4848925,-1.371255175572726,6.509157883807223,15.39426758886125,24.2,603.8037999957767,10.807091106766707,51.7957569553849,0.8620689655172376,0.4916618178880346,0.7302626821037955,-12.870542482399372,High,0.0,0.0,0.0,0.0,100.0,0.0,0.0,0.0
LBR,Liberia,2018,94.4,0.129815079743549,665.8754396371369,4944726,-2.041644304699366,6.501102625476685,15.41383211199924,22.8,603.8037999957767,10.807091106766707,52.3245795497906,0.8547008547008739,0.4916618178880346,0.7343318580956573,-48.84905041886166,High,31.707,0.0,0.0,31.707,68.293,0.0,0.0,31.707
LBR,Liberia,2019,89.7,0.2001498496843898,636.6993848248694,5043721,-1.608688944558627,6.456297620829438,15.43365466129366,23.1,603.8037999957767,10.807091106766707,52.85526226447,-4.978813559322037,0.4916618178880346,0.7104254491434701,54.180739309938296,High,30.952,0.0,0.0,30.952,69.048,0.0,0.0,30.952
LBR,Liberia,2020,93.0,0.1621139913035592,605.025475431411,5149463,-1.819455541173389,6.40527056529541,15.45440299535857,27.6,603.8037999957767,10.807091106766707,53.3878685572381,3.678929765886285,0.4916618178880346,0.7272108001098994,-19.00369070514327,High,28.889,0.0,0.0,28.889,71.111,0.0,0.0,28.889
LBR,Liberia,2021,93.2,0.1598684849742067,621.9279830634256,5259323,-1.833403770661194,6.432824303179598,15.47551286920607,29.8,603.8037999957767,10.807091106766707,53.9224618859098,0.2150537634408644,0.4916618178880346,0.7282280941078647,-1.3851403640712134,High,34.211,0.0,0.0,34.211,65.789,0.0,0.0,34.211
LBR,Liberia,2022,92.8,0.1616513073730937,638.0051838582892,5373294,-1.82231368716574,6.458346408481513,15.4969516862486,31.8,603.8037999957767,10.807091106766707,54.4591057083,-0.4291845493562318,0.4916618178880346,0.7261935061119339,1.1151806431233924,High,33.333,0.0,0.0,33.333,66.667,0.0,0.0,33.333
LBY,Libya,2000,2.0,9.290180001172471,10853.80595165262,5305021,2.228957928437013,9.29227107641421,15.48416428855207,99.8,2976.836507403967,99.3409321314527,86.9508513726842,0.0,0.9958147424354368,0.0122655687619357,0.0,Low,0.0,0.0,0.0,0.0,100.0,0.0,21.935,0.0
LBY,Libya,2001,2.9,9.021494589109302,10467.87761460117,5403639,2.19961001758876,9.25606657219854,15.50258317346223,96.9,3074.78058753118,97.28846113360696,87.3194455877457,44.99999999999999,0.9810057890735584,0.0242478684337193,-2.892144307529687,Low,0.0,0.0,0.0,0.0,100.0,0.0,22.036,0.0
LBY,Libya,2002,2.9,9.058294498775508,10170.30957763383,5508410,2.203680857166276,9.227227928857957,15.52178657324265,95.2,3089.63282765671,98.80032439211124,87.6256192750746,0.0,0.9919141587938743,0.0187936835735613,0.4079136699880026,Low,0.0,0.0,0.0,0.0,100.0,0.0,21.107,0.0
LBY,Libya,2003,2.9,9.572146340230752,11267.0627623548,5619398,2.258857458294362,9.329638948607052,15.54173509869467,93.5,3033.31081378459,98.0482378550852,87.8659880500458,0.0,0.4916618178880346,0.2689198540264812,5.67272174165574,Low,0.0,0.0,0.0,0.0,100.0,0.0,20.369,0.0
LBY,Libya,2004,2.8,9.27889988186574,11529.10866462207,5736693,2.227742992558089,9.352630304517884,15.56239346986352,91.8,3051.0334553670905,97.29615131805916,88.0371675280346,-3.4482758620689724,0.4916618178880346,0.2684112070274985,-3.0635392308256737,Low,0.0,0.0,0.0,0.0,100.0,0.0,18.96,0.0
LBY,Libya,2005,2.7,9.85289132685578,12628.89615265597,5858798,2.287764947832216,9.443742812685445,15.5834550210594,90.1,3114.9856427494683,96.54406478103314,88.135773324416,-3.5714285714285587,0.9756348333428372,0.0259160523011144,6.185985971373875,Low,0.0,0.0,0.0,0.0,100.0,0.0,26.792,0.0
LBY,Libya,2006,2.9,9.611216059098918,13176.77589119039,5980211,2.262930755985816,9.486211156826087,15.60396640958528,88.4,2733.383007248708,93.9683336526954,88.1599560242948,7.407407407407396,0.4916618178880346,0.2689198540264812,-2.452836022844729,Low,0.0,0.0,0.0,0.0,100.0,0.0,39.596,0.0
LBY,Libya,2007,3.1,8.804481372391626,13712.96025839721,6104380,2.175260838724666,9.526096668898754,15.62451710426822,86.8,2363.562474899285,91.39260252435768,88.1560287475586,6.896551724137945,0.4916618178880346,0.2699371480244466,-8.39367965246769,Low,0.0,0.0,0.0,0.0,100.0,0.0,43.995,0.0
LBY,Libya,2008,2.9,9.164307834423608,13403.00046459112,6235430,2.215316355736315,9.503233876141714,15.6457581002355,85.1,2578.959428584348,88.81687139601995,88.1474456787109,-6.451612903225811,0.4916618178880346,0.2689198540264812,4.086855850025395,Low,0.0,0.0,0.0,0.0,100.0,0.0,40.984,0.0
LBY,Libya,2009,2.6,9.465929370476257,12549.08543455213,6366686,2.247698970065586,9.437403068163643,15.66658964099335,83.5,2784.55454632999,86.24114026768221,88.1345825195312,-10.344827586206897,0.4916618178880346,0.2673939130295331,3.2912636884552926,Low,0.0,0.0,0.0,0.0,100.0,0.0,39.203,0.0
LBY,Libya,2010,2.5,9.798673066537969,12913.93349393862,6497839,2.282246975135256,9.466062123253575,15.68698021804981,81.9,3131.506083172621,83.66540913934449,88.1177139282227,-3.846153846153855,0.4916618178880346,0.2668852660305504,3.5151719713810703,Low,0.031,0.031,0.0,0.0,99.969,0.0,47.113,0.031
LBY,Libya,2011,3.2,6.973968829312257,6569.594775789572,6343203,1.942184478686869,8.790207431614478,15.66289440388762,80.3,2631.7279455216712,81.08967801100675,88.0970458984375,28.000000000000004,0.8641286083321231,0.084212399801385,-28.82741589646407,Low,0.038,0.038,0.0,0.0,99.962,0.0,59.785,0.038
LBY,Libya,2012,2.6,10.17199604876129,12599.25888213604,6179328,2.31963845911714,9.44139327233158,15.63672008565741,78.7,3101.476813428564,89.17142754579234,88.0727920532227,-18.75,0.9224399082572574,0.0520048678449216,45.8566319655376,Low,0.029,0.029,0.0,0.0,99.971,0.0,60.455,0.029
LBY,Libya,2013,2.4,9.930673149946358,10126.31492780605,6304628,2.29562826528076,9.22289275295538,15.65679452484752,77.1,2747.590737916036,83.38848745304077,88.0451431274414,-7.692307692307699,0.4916618178880346,0.2663766190315677,-2.37242422881514,Low,0.026,0.026,0.0,0.0,99.974,0.0,58.371,0.026
LBY,Libya,2014,2.3,9.615337939137907,7644.248439474036,6427252,2.263359525499324,8.941708806071418,15.67605763316931,75.5,3550.5742819661964,77.60554736028918,88.0142059326172,-4.166666666666674,0.838989968922688,0.0922038965152582,-3.175365919783135,Low,0.027,0.027,0.0,0.0,99.974,0.0,53.697,0.027
LBY,Libya,2015,2.9,8.340999651092597,7458.489177563744,6531819,2.12118307142907,8.917108149572451,15.69219602295189,73.8,2942.7895070299714,62.179096854903946,87.8159103393555,26.086956521739136,0.7276853091670297,0.1509081083869836,-13.25318253098825,Low,0.027,0.027,0.0,0.0,99.973,0.0,54.012,0.027
LBY,Libya,2016,2.8,7.712835974467313,7236.164099235018,6632126,2.042885950612331,8.886846524427611,15.70743597441052,72.2,3350.14260585583,0.0,87.8160056703177,-3.4482758620689724,0.2790517614216686,0.3747162352606815,-7.531035881808245,Medium,0.032,0.032,0.0,0.0,99.968,0.0,72.565,0.032
LBY,Libya,2017,2.9,8.220313202557737,9435.600600400456,6738770,2.106608310843148,9.152245112416873,15.72338797365309,70.6,3698.168835016538,0.0,87.8166729870528,3.571428571428581,0.2790517614216686,0.3752248822596642,6.57964501994317,Medium,0.03,0.03,0.0,0.0,99.97,0.0,68.6,0.03
LBY,Libya,2018,2.9,8.361518486856946,10020.9165751361,6849055,2.123640047786419,9.212429845019791,15.7396212445172,67.0,3345.562829243669,0.0,87.818484275334,0.0,0.2790517614216686,0.3752248822596642,1.7177603920891071,Medium,0.029,0.029,0.0,0.0,99.971,0.0,65.565,0.029
LBY,Libya,2019,3.0,8.268497646321057,8768.410487458603,6951033,2.112452829451976,9.07891082463603,15.7544008395897,68.5,3691.9435208740056,0.0,87.8220115209342,3.4482758620689724,0.2790517614216686,0.3757335292586469,-1.1124874110139626,Medium,0.029,0.029,0.0,0.0,99.971,0.0,67.138,0.029
LBY,Libya,2020,3.2,6.486857593161155,6102.798640325124,7045399,1.869778221340218,8.716502738443769,15.76788533762316,69.4,1411.0433394018023,0.0,87.8278267096263,6.666666666666665,0.2790517614216686,0.3767508232566123,-21.54732491158917,Medium,0.034,0.034,0.0,0.0,99.966,0.0,73.322,0.034
LBY,Libya,2021,3.1,8.179322861737798,7731.354481525813,7135175,2.101609367449568,8.953039350232288,15.78054733557197,70.2,2102.6358952713144,0.0,87.8365018271835,-3.125,0.2790517614216686,0.3762421762576296,26.09068018328233,Medium,0.029,0.029,0.0,0.0,99.971,0.0,76.487,0.029
LCA,St. Lucia,2000,24.0,0.6102789125939375,9198.938943522027,158616,-0.4938391925537301,9.126843424159992,11.9742414658184,86.0,730.6425392263714,0.0,27.8532282391838,0.0,0.4916618178880346,0.3762443708118321,0.0,Medium,27.93,0.0,0.0,22.2305,69.253,0.0,0.0,30.747
LCA,St. Lucia,2001,22.2,0.6465423092044909,8795.545820906578,160237,-0.4361166394397985,9.082000715610585,11.98440924824732,89.9,730.6425392263714,0.0,27.5160334778671,-7.500000000000007,0.4916618178880346,0.3670887248301434,5.9421021867557045,Medium,27.93,0.0,0.0,22.2305,69.253,0.0,0.0,30.747
LCA,St. Lucia,2002,21.7,0.6031885474601123,8755.459393531291,161641,-0.5055254487748128,9.077432715477125,11.99313310576075,87.7,730.6425392263714,0.0,26.9383251458178,-2.2522522522522515,0.4916618178880346,0.3645454898352299,-6.705479460071418,Medium,27.93,0.0,0.0,22.2305,69.253,0.0,0.0,30.747
LCA,St. Lucia,2003,20.0,0.6964215590025525,9054.067783745166,162976,-0.3618001137807367,9.110969414575472,12.00135822968433,88.5,730.6425392263714,0.0,26.0119584764195,-7.834101382488479,0.4916618178880346,0.3558984908525239,15.456694583314444,Medium,27.93,0.0,0.0,22.2305,69.253,0.0,0.0,30.747
LCA,St. Lucia,2004,18.4,0.669755660957507,9637.37801390276,164239,-0.400842318248971,9.17340436034948,12.00907796302352,89.3,730.6425392263714,0.0,24.8459172882296,-8.000000000000007,0.2790517614216686,0.4540651671019836,-3.82898801743553,Medium,27.93,0.0,0.0,22.2305,69.253,0.0,0.0,30.747
LCA,St. Lucia,2005,18.4,0.6974916893321245,9527.584694305417,165450,-0.3602646802936221,9.161946522165907,12.01642431334976,90.1,743.4270172257479,0.0,23.5419158996884,0.0,0.2790517614216686,0.4540651671019836,4.141215967471634,Medium,27.93,0.0,0.0,22.2305,69.253,0.0,0.0,30.747
LCA,St. Lucia,2006,16.9,0.7681275091665216,10045.65040325927,166639,-0.2637995320549399,9.214895024108538,12.02358507495669,90.9,714.1185436782506,0.0,22.2016686292365,-8.15217391304348,0.2790517614216686,0.446435462117243,10.127119923397764,Medium,27.93,0.0,0.0,22.2305,69.253,0.0,0.0,30.747
LCA,St. Lucia,2007,16.3,0.8249979136613456,10147.44324599364,167758,-0.1923744215459924,9.22497705579213,12.0302777437117,91.8,763.0038507850594,0.0,20.9268897953144,-3.5502958579881505,0.2790517614216686,0.4433835801233468,7.403771355166389,Medium,27.93,0.0,0.0,22.2305,69.253,0.0,0.0,30.747
LCA,St. Lucia,2008,15.5,0.8862139235107341,10583.43101725979,168808,-0.1207969088633787,9.267044945587434,12.03651725338589,92.7,763.0038507850594,0.0,19.8192937163625,-4.907975460122705,0.4916618178880346,0.3330093758983021,7.420141170746919,Medium,27.93,0.0,0.0,22.2305,69.253,0.0,0.0,30.747
LCA,St. Lucia,2009,15.1,0.9495552455127186,10219.80240115611,169869,-0.0517615666280753,9.232082529045938,12.04278283074138,93.5,763.0038507850594,0.0,18.9805947108213,-2.580645161290329,0.4916618178880346,0.3309747879023713,7.147407676812168,Medium,27.93,0.0,0.0,22.2305,69.253,0.0,0.0,30.747
LCA,St. Lucia,2010,13.2,1.066668226978573,10191.31468276936,170906,0.0645399839289134,9.229291134849596,12.04886897673784,94.2,763.0038507850594,0.0,18.5125070971313,-12.58278145695364,0.4916618178880346,0.3213104949216999,12.333456322767034,Low,27.93,0.0,0.0,22.2305,69.253,0.0,0.0,30.747
LCA,St. Lucia,2011,12.9,0.821881129911933,10576.8979743596,171801,-0.1961595051958425,9.266427465291136,12.05409210923712,95.4,763.0038507850594,0.0,18.4743479557314,-2.27272727272726,0.4916618178880346,0.3197845539247518,-22.948756780730218,Low,27.93,0.0,0.0,22.2305,69.253,0.0,0.0,30.747
LCA,St. Lucia,2012,12.4,0.8453707405540394,10517.27776355332,172587,-0.1679800016281436,9.260774685082488,12.05865673613902,95.3,763.0038507850594,0.0,18.6193081275177,-3.875968992248058,0.4916618178880346,0.3172413189298383,2.8580301685017906,Low,27.93,0.0,0.0,22.2305,69.253,0.0,0.0,30.747
LCA,St. Lucia,2013,12.1,0.96153291534242,10279.41550960011,173369,-0.0392264812137998,9.237898680349945,12.06317754995268,97.2,763.0038507850594,0.0,18.9258370999948,-2.4193548387096864,0.4916618178880346,0.3157153779328902,13.740974133106398,Low,27.93,0.0,0.0,22.2305,69.253,0.0,0.0,30.747
LCA,St. Lucia,2014,11.7,1.021029298602258,10369.93825665133,174138,0.0208112347573472,9.246666347170295,12.06760336730459,98.1,763.0038507850594,0.0,19.3915445904726,-3.3057851239669422,0.4916618178880346,0.3136807899369593,6.1876595497149856,Low,27.93,0.0,0.0,22.2305,69.253,0.0,0.0,30.747
LCA,St. Lucia,2015,11.5,1.042851833852663,10334.98608239182,174905,0.0419591082598601,9.243290125466856,12.07199824836251,99.0,763.0038507850594,0.0,20.0204288176073,-1.709401709401703,0.4916618178880346,0.3126634959389939,2.137307448501136,Low,27.93,0.0,0.0,22.2305,69.253,0.0,0.0,30.747
LCA,St. Lucia,2016,11.2,1.118158113478246,10644.16129134066,175646,0.1116827900268944,9.272766785246642,12.07622588487561,99.8,763.0038507850594,0.0,20.8164880000551,-2.60869565217392,0.4916618178880346,0.3111375549420458,7.221186862890683,Low,27.93,0.0,0.0,22.2305,69.253,0.0,0.0,30.747
LCA,St. Lucia,2017,10.2,1.113177802225221,10960.48435124767,176342,0.1072188099616406,9.302051752157627,12.08018057030291,99.9,763.0038507850594,0.0,21.783720356472,-8.92857142857143,0.4916618178880346,0.3060510849522187,-0.4454031315421658,Low,27.93,0.0,0.0,22.2305,69.253,0.0,0.0,30.747
LCA,St. Lucia,2018,10.2,1.464266143929679,11233.88835784568,177017,0.3813541913185949,9.32669023516207,12.08400105214166,100.0,763.0038507850594,0.0,22.9261241055144,0.0,0.4916618178880346,0.3060510849522187,31.539286985658443,Low,27.93,0.0,0.0,22.2305,69.253,0.0,0.0,30.747
LCA,St. Lucia,2019,10.0,1.658777109213615,11114.77859403381,177661,0.5060806496889024,9.31603090663479,12.08763251903688,100.0,763.0038507850594,0.0,24.2476974658382,-1.9607843137254832,0.4916618178880346,0.3050337909542533,13.283853218235532,Low,27.93,0.0,0.0,22.2305,69.253,0.0,0.0,30.747
LCA,St. Lucia,2020,10.0,1.557363253856942,8379.27495097388,178250,0.442994169338244,9.03351666836944,12.09094233827654,100.0,763.0038507850594,0.0,25.7524386560998,0.0,0.4916618178880346,0.3050337909542533,-6.113772296071218,Low,27.93,0.0,0.0,22.2305,69.253,0.0,0.0,30.747
LCA,St. Lucia,2021,9.7,1.580757553690862,9336.92127417129,178522,0.457904196493871,9.141731848850574,12.09246712190698,100.0,763.0038507850594,0.0,27.4443458949551,-3.0000000000000027,0.4916618178880346,0.3035078499573052,1.502173611453972,Low,27.93,0.0,0.0,22.2305,69.253,0.0,0.0,30.747
LCA,St. Lucia,2022,9.7,1.656216264591875,11224.28994557384,178781,0.5045356419966517,9.325835454090642,12.09391687209303,100.0,763.0038507850594,0.0,29.097678526676,0.0,0.4916618178880346,0.3035078499573052,4.773579017530349,Low,27.93,0.0,0.0,22.2305,69.253,0.0,0.0,30.747
LKA,Sri Lanka,2000,64.2,0.5943434357256243,1956.933103810718,19293054,-0.5202979520757786,7.579133783782042,16.77525569272381,70.3,431.6261215309639,43.019922094013054,14.6196895000898,0.0,0.5894483617100813,0.5318271924918566,0.0,Medium,47.345,0.0,0.0,47.345,52.655,0.0,0.0,47.345
LKA,Sri Lanka,2001,62.9,0.5803056086413098,1896.482517340684,19600362,-0.5442004027602324,7.547756142705595,16.79105859341794,63.6,410.7671417317399,43.347248145433525,14.5739539539707,-2.024922118380068,0.5918100789936391,0.5240339228633025,-2.3619049594071795,Medium,46.777,0.0,0.0,46.777,53.223,0.0,0.0,46.777
LKA,Sri Lanka,2002,62.1,0.6007699177491468,1951.225227770446,19805752,-0.5095432501100955,7.576212776179774,16.80148295852685,80.7,413.9926786765834,44.57840582823975,14.6107836754127,-1.2718600953894987,0.6006931066831569,0.515523233026682,3.526471018563959,Medium,38.905,0.0,0.0,38.905,61.095,0.0,0.0,38.905
LKA,Sri Lanka,2003,61.3,0.6445222898043713,2052.030450787871,19951521,-0.4392458725548923,7.626585045745794,16.80881593899548,75.0,435.2386213816326,46.36261907098456,14.7256630416211,-1.2882447665056418,0.6135665313148261,0.5050173447189857,7.282716854257254,Medium,43.512,0.0,0.0,43.512,56.488,0.0,0.0,43.512
LKA,Sri Lanka,2004,61.6,0.6610394818098027,2149.106285880021,20087605,-0.4139417104909394,7.672807353716381,16.81561351614554,76.5,438.06991848243337,45.78774773212671,14.9130061059922,0.4893964110930016,0.6094187295406904,0.5086171866030017,2.562702992078792,Medium,36.712,0.0,0.0,36.712,63.288,0.0,0.0,36.712
LKA,Sri Lanka,2005,60.1,0.7137775020077636,2268.688012700495,20216524,-0.3371839870445931,7.726956975414224,16.82201084777756,78.1,445.3008948593611,45.28484175488232,15.167273918248,-2.4350649350649345,0.6057901710030843,0.5028017608870642,7.978043921608746,Medium,39.342,0.113,0.0,39.229,60.658,0.0,0.0,39.342
LKA,Sri Lanka,2006,62.2,0.6482966563519182,2426.348732730465,20352411,-0.4334068843774702,7.794142827207229,16.82870993949355,82.0,446.3506855040251,43.43131035962296,15.4829275281105,3.494176372712144,0.5924166032323419,0.5201701317510722,-9.173845557145777,Medium,49.258,0.106,0.0,49.153,50.742,0.0,0.0,49.258
LKA,Sri Lanka,2007,60.2,0.6892262527665549,2573.543621927054,20492545,-0.3721856834018361,7.853039069377384,16.83557171943225,80.0,451.98041092053137,45.37929305012161,15.8544279853018,-3.215434083601288,0.6064716543602844,0.5029696662074468,6.313405446968501,Medium,40.182,0.101,0.0,40.081,59.818,0.0,0.0,40.182
LKA,Sri Lanka,2008,61.6,0.6449249221183498,2708.585942225063,20629378,-0.4386213687778608,7.904181985155769,16.8422267343263,82.9,437.2262113996806,45.33457687143927,16.2762363395441,2.3255813953488413,0.606149018958701,0.5102520418939964,-6.427690539990238,Medium,41.935,0.101,0.0,41.734,58.065,0.0,0.0,41.935
LKA,Sri Lanka,2009,63.5,0.6155777714236573,2787.273509763376,20756435,-0.4851939864678286,7.932819160364418,16.84836687704549,87.1,441.04670092469206,43.04243146500032,16.7428136405592,3.0844155844155896,0.5896107709355981,0.5281854588862193,-4.550475518653785,Medium,39.636,0.101,0.0,39.333,60.364,0.0,0.0,39.636
LKA,Sri Lanka,2010,61.9,0.647461199097336,2993.014115111471,20879089,-0.4346964113779677,8.004036223882832,16.85425868975868,85.3,467.33702868565103,43.01574461018701,17.2486209380693,-2.5196850393700787,0.5894182204007937,0.5201433821698982,5.1794312845217405,Medium,53.451,0.093,0.466,52.612,46.549,0.0,0.0,53.451
LKA,Sri Lanka,2011,56.4,0.7571975655441407,3232.37350382301,21009048,-0.2781310747285498,8.08097197726562,16.86046376003827,87.8,472.04954506209566,51.502294487232334,17.7881192817964,-8.885298869143776,0.6506502287771992,0.4615517930376465,16.948717019613646,Medium,41.212,0.087,0.779,40.087,58.788,9.004,0.0,41.212
LKA,Sri Lanka,2012,52.9,0.845279080834285,3484.790490338842,21169458,-0.1680884329764743,8.15616320383766,16.86807004051595,87.0,481.9699633652973,52.18813694991032,18.2617686748284,-6.205673758865249,0.6555987074909323,0.4412749087163853,11.63256715264882,Medium,29.407,0.085,1.186,27.966,70.593,11.864,0.0,29.407
LKA,Sri Lanka,2013,56.9,0.7207675491863007,3728.935866478483,20585000,-0.3274385942532114,8.223878181446446,16.84007321318614,90.2,456.6116268720588,48.965213912971954,18.4323136480916,7.561436672967869,0.6323447287535766,0.4732477780443714,-14.730227503689342,Medium,60.184,0.167,1.92,57.846,39.816,12.27,0.0,60.184
LKA,Sri Lanka,2014,54.2,0.8605496197901628,3929.920620321847,20778000,-0.1501840010881463,8.27637450626793,16.84940529261261,92.7,485.8889733919289,53.627066858768046,18.6153877203724,-4.745166959578196,0.6659808497641492,0.4426962485665521,19.39350221325402,Medium,39.357,0.241,2.169,36.627,60.643,25.703,0.0,39.357
LKA,Sri Lanka,2015,51.3,0.9399666189794944,4057.715834623104,20970000,-0.0619109160725857,8.308375491966135,16.8586034028781,94.3,501.5182945022604,41.048885026536944,18.796256612131,-5.350553505535061,0.5752269690387969,0.4733224259587297,9.228636834293958,Medium,48.751,0.303,2.574,45.42,51.249,33.762,0.0,48.751
LKA,Sri Lanka,2016,45.1,1.107360082983639,4214.741179920849,21209000,0.10197887904968,8.346343464024132,16.86993617785748,97.5,542.5773796852279,0.0,18.9747679368162,-12.08576998050681,0.2790517614216686,0.5898739158303661,17.808447728269417,Medium,32.984,0.349,2.446,29.7,67.016,35.43,0.0,32.984
LKA,Sri Lanka,2017,45.8,1.091255302288724,4436.00789945768,21453000,0.0873286870727906,8.397510129230097,16.88137505369864,97.5,514.23622858293,0.0,19.1507693078088,1.552106430155198,0.2790517614216686,0.593434444823245,-1.4543400057840938,Medium,31.028,1.007,2.485,27.065,68.972,34.385,0.0,31.028
LKA,Sri Lanka,2018,47.9,1.01443931702815,4493.035754445438,21670000,0.0143360628497074,8.410283866849634,16.89143937351254,99.6,508.5433645171158,0.0,19.3241083384127,4.585152838427953,0.2790517614216686,0.6041160318018819,-7.039231342057661,Medium,43.871,1.369,2.054,39.888,56.129,32.981,0.0,43.871
LKA,Sri Lanka,2019,46.1,1.099527587946613,4455.781896082671,21803000,0.0948806220545241,8.401957834287735,16.89755813297019,99.8,523.4672124013392,0.0,19.4946326418437,-3.757828810020869,0.2790517614216686,0.5949603858201932,8.387714226981391,Medium,33.773,2.04,2.1,28.914,66.227,35.513,0.0,33.773
LKA,Sri Lanka,2020,49.3,1.031725899904193,4227.23315306594,21919000,0.0312330309131833,8.349302957092942,16.90286439856549,100.0,511.1099508250193,0.0,19.6621898312161,6.941431670281983,0.2790517614216686,0.6112370897876398,-6.166438094476645,Medium,35.576,2.788,2.0,30.182,64.424,38.545,0.0,35.576
LKA,Sri Lanka,2021,48.8,1.029951254739123,4357.972257794911,22156000,0.0295114756256604,8.37976214967313,16.91361889813513,100.0,527.1566965171105,0.0,19.8266275195269,-1.0141987829614618,0.2790517614216686,0.6086938547927263,-0.1720074261230442,Medium,49.4,3.655,3.712,41.291,50.6,34.894,0.0,49.4
LSO,Lesotho,2000,56.7,0.1750575000012476,725.2636687077727,2003913,-1.742640787590696,6.586535269715016,14.51061232707086,4.3,14.205057101792931,0.0,19.3273988558381,0.0,0.4916618178880346,0.542571939479177,0.0,Medium,100.0,0.0,0.0,100.0,0.0,0.0,0.0,100.0
LSO,Lesotho,2001,56.5,0.1824721756170993,752.243212493971,2000853,-1.701157579955218,6.623059692530227,14.50908414759895,1.3,14.205057101792931,0.0,19.8975236019886,-0.3527336860670194,0.4916618178880346,0.5415546454812117,4.235565808833597,Medium,100.0,0.0,0.0,100.0,0.0,0.0,0.0,100.0
LSO,Lesotho,2002,56.2,0.1932140459693013,760.0334431803064,1994679,-1.643956658141902,6.633362436496834,14.5059936931043,3.4,14.205057101792931,0.0,20.4926272688562,-0.5309734513274322,0.4916618178880346,0.5400287044842635,5.886853881077636,Medium,100.0,0.0,0.0,100.0,0.0,0.0,0.0,100.0
LSO,Lesotho,2003,55.9,0.1974752387712405,798.5405005544542,1985059,-1.622142075811025,6.682785687163369,14.50115919458363,5.4,14.205057101792931,0.0,21.1231084926925,-0.5338078291814985,0.4916618178880346,0.5385027634873154,2.205425998178323,Medium,100.0,0.0,0.0,100.0,0.0,0.0,0.0,100.0
LSO,Lesotho,2004,55.4,0.2064806514439187,817.7935978971864,1971129,-1.577548568579087,6.706609979454297,14.49411703300382,6.8,14.205057101792931,0.0,21.7993659097494,-0.8944543828264706,0.2790517614216686,0.6422645567255849,4.560274355768845,Medium,100.0,0.0,0.0,100.0,0.0,0.0,0.0,100.0
LSO,Lesotho,2005,55.3,0.2088500396297942,853.9605006297973,1953076,-1.566138798286544,6.749884940528971,14.48491612359219,9.6,16.89642389748274,0.0,22.5317981562788,-0.1805054151624574,0.2790517614216686,0.6417559097266021,1.1475109988787755,Medium,100.0,0.0,0.0,100.0,0.0,0.0,0.0,100.0
LSO,Lesotho,2006,55.5,0.2130522250436104,893.7506866271556,1945063,-1.546217955328206,6.795426862262082,14.48080492525562,9.7,9.768321128930014,0.0,23.3329886243114,0.3616636528029016,0.2790517614216686,0.6427732037245676,2.012058710290398,Medium,100.0,0.0,0.0,100.0,0.0,0.0,0.0,100.0
LSO,Lesotho,2007,55.3,0.2743095161544652,927.2686332734196,1953268,-1.293498189134097,6.832243311366953,14.48501442522674,13.9,9.72728780689593,0.0,24.2187949905661,-0.3603603603603678,0.2790517614216686,0.6417559097266021,28.75224189670669,Medium,100.0,0.0,0.0,100.0,0.0,0.0,0.0,100.0
LSO,Lesotho,2008,55.0,0.2219633356233102,971.8813668213514,1966541,-1.505243065599376,6.879233746416341,14.49178671986117,16.0,9.72728780689593,0.0,25.1966303659683,-0.5424954792043302,0.4916618178880346,0.533924940496471,-19.082889017119832,Medium,100.0,0.0,0.0,100.0,0.0,0.0,0.0,100.0
LSO,Lesotho,2009,54.0,0.2585715562201301,952.7479297465286,1980883,-1.352582810108689,6.859350366827472,14.49905326285625,17.0,9.72728780689593,0.0,26.2591028264855,-1.8181818181818188,0.4916618178880346,0.528838470506644,16.492913342655413,Medium,100.0,0.0,0.0,100.0,0.0,0.0,0.0,100.0
LSO,Lesotho,2010,53.0,0.261640445014179,995.2334324516808,1996251,-1.340784065026105,6.902977315122107,14.50678147945049,17.0,9.72728780689593,0.0,27.4004815007995,-1.851851851851849,0.4916618178880346,0.5237520005168169,1.186862483604445,Medium,100.0,0.0,0.0,100.0,0.0,0.0,0.0,100.0
LSO,Lesotho,2011,42.3,0.2702073327378379,1031.997215643429,2014009,-1.308565715638344,6.939251248017935,14.51563782096963,22.5,9.72728780689593,0.0,28.6150355175921,-20.188679245283023,0.4916618178880346,0.4693267716256674,3.274297948543348,Medium,100.0,0.0,0.0,100.0,0.0,0.0,0.0,100.0
LSO,Lesotho,2012,40.8,0.2833331858663733,1086.390348162832,2034354,-1.261131738637644,6.990615872526042,14.52568888174515,20.6,9.72728780689593,0.0,29.8970340055453,-3.546099290780147,0.4916618178880346,0.4616970666409268,4.8576968639376,Medium,100.0,0.0,0.0,100.0,0.0,0.0,0.0,100.0
LSO,Lesotho,2013,46.1,0.2825669193933004,1093.953234892717,2056504,-1.263839873639801,6.997553235169455,14.536518011703,26.9,9.72728780689593,0.0,31.2407460933407,12.990196078431392,0.4916618178880346,0.4886553575870102,-0.2704471312563683,Medium,100.0,0.0,0.0,100.0,0.0,0.0,0.0,100.0
LSO,Lesotho,2014,43.2,0.2880165223699563,1100.049936842151,2080089,-1.244737431151623,7.003110854885271,14.54792123922364,27.8,9.72728780689593,0.0,32.6404409096604,-6.290672451193058,0.4916618178880346,0.4739045946165117,1.9286061469462543,Medium,100.0,0.0,0.0,100.0,0.0,0.0,0.0,100.0
LSO,Lesotho,2015,46.0,0.2834728127905822,1121.198513425182,2104611,-1.260639058858799,7.022153493411394,14.55964120992158,31.8,9.72728780689593,0.0,34.0903875831861,6.481481481481466,0.4916618178880346,0.4881467105880275,-1.57758643219007,Medium,100.0,0.0,0.0,100.0,0.0,0.0,0.0,100.0
LSO,Lesotho,2016,45.1,0.3086243007253962,1147.587488016706,2130422,-1.175630597093694,7.045417181308759,14.57183064012775,35.1,9.72728780689593,0.0,35.5077950709441,-1.9565217391304344,0.4916618178880346,0.4835688875971831,8.872627920545906,Medium,100.0,0.0,0.0,100.0,0.0,0.0,0.0,100.0
LSO,Lesotho,2017,41.5,0.3334554102479707,1097.821668127518,2157110,-1.098246124970307,7.001083193694291,14.58427992082575,33.7,9.72728780689593,0.0,36.5283648068846,-7.982261640798227,0.4916618178880346,0.4652575956338057,8.045740229855847,Medium,100.0,0.0,0.0,100.0,0.0,0.0,0.0,100.0
LSO,Lesotho,2018,42.5,0.346995310044912,1068.444629133729,2183603,-1.058444014847331,6.973959252296861,14.5964868227668,47.0,9.72728780689593,0.0,37.569092747415,2.4096385542168752,0.4916618178880346,0.4703440656236328,4.060482865421955,Medium,100.0,0.0,0.0,100.0,0.0,0.0,0.0,100.0
LSO,Lesotho,2019,41.6,0.3545751005361172,1040.993510141173,2209405,-1.036835106261727,6.947930834341139,14.60823380647559,44.6,9.72728780689593,0.0,38.6040920446259,-2.117647058823524,0.4916618178880346,0.4657662426327884,2.1844071870089854,Medium,100.0,0.0,0.0,100.0,0.0,0.0,0.0,100.0
LSO,Lesotho,2020,43.2,0.3145285627449148,944.8341283754288,2235727,-1.156680387426807,6.851009386558687,14.62007701277991,47.5,9.72728780689593,0.0,39.6329305425532,3.846153846153855,0.4916618178880346,0.4739045946165117,-11.29423293701448,Medium,100.0,0.0,0.0,100.0,0.0,0.0,0.0,100.0
LSO,Lesotho,2021,33.6,0.33799947115729,955.221236301503,2261542,-1.084710948123745,6.861942974700147,14.631557439472,50.4,9.72728780689593,0.0,40.6551760851997,-22.22222222222222,0.4916618178880346,0.4250744827141719,7.462250234936629,Medium,100.0,0.0,0.0,100.0,0.0,0.0,0.0,100.0
LSO,Lesotho,2022,34.9,0.4291569522026499,967.5192859832496,2286110,-0.8459325710128566,6.874735358538077,14.64236224116434,50.0,9.72728780689593,0.0,41.6703965165322,3.869047619047605,0.4916618178880346,0.4316868937009471,26.969711145772536,Medium,100.0,0.0,0.0,100.0,0.0,0.0,0.0,100.0
MAR,Morocco,2000,15.5,1.181018409632756,1957.14135742188,28423435,0.1663771252671057,7.579240196479818,17.16272453891719,69.8,387.6743264127436,86.528576405942,53.58724711125,0.0,0.9033712542721294,0.1271546577062547,0.0,Low,5.62,0.0,0.438,5.182,94.38,68.613,0.0,5.62
MAR,Morocco,2001,15.3,1.283951357648262,2078.96606445313,28814643,0.2499423210986643,7.639625964710423,17.17639425339562,71.6,405.3857335537282,87.5459073565303,53.8972613497219,-1.2903225806451537,0.9107114830094272,0.1224672493396404,8.715609102783883,Low,6.859,0.0,1.346,5.513,93.141,77.628,0.0,6.859
MAR,Morocco,2002,15.1,1.310939579648595,2127.50708007813,29198142,0.2707441164949491,7.662706188328304,17.18961563507704,73.3,406.634838346005,87.79542677298893,54.222745830177,-1.3071895424836666,0.912511811201688,0.1205497912455446,2.1019660783540672,Low,6.821,0.0,1.258,5.563,93.179,75.629,0.0,6.821
MAR,Morocco,2003,16.1,1.288585615534461,2229.576171875,29571415,0.2535451947968849,7.7095667889358,17.20231874323703,75.1,399.736368353388,87.14549869309973,54.5782811140771,6.622516556291402,0.9078224613235376,0.1279809361744468,-1.7051864526148486,Low,10.037,0.0,1.224,8.813,89.963,70.869,0.0,10.037
MAR,Morocco,2004,22.4,1.429872609164125,2301.08178710938,29953018,0.3575853558029442,7.741134633562479,17.21514064539556,78.2,463.8948607122695,82.24495834556505,54.9787569660869,39.13043478260867,0.8724641670865836,0.1777048442288343,10.964501848102891,Low,10.246,0.0,1.145,9.101,89.754,70.693,0.687,10.246
MAR,Morocco,2005,20.0,1.471081367820114,2342.15478515625,30358144,0.3859977547190843,7.758826632988372,17.22857537555317,78.6,484.7979088325755,84.95150000502966,55.4397798676399,-10.71428571428571,0.8919923598108954,0.1557332198910935,2.881988115016676,Low,8.515,0.0,1.09,7.425,91.485,64.33,10.125,8.515
MAR,Morocco,2006,18.2,1.47482491570521,2489.99291992188,30771178,0.3885392815294291,7.820035146049843,17.24208903060831,96.5,486.5827300666032,85.51828760237092,55.9627589629824,-9.000000000000007,0.8960818359125932,0.1445328358585559,0.2544759227454118,Low,8.958,0.0,0.906,8.052,91.042,62.859,12.229,8.958
MAR,Morocco,2007,16.6,1.47563680503993,2540.615234375,31186468,0.3890896288526997,7.84016154894035,17.25549484074816,82.2,495.4718135881178,85.98582295620038,56.5303841299064,-8.791208791208781,0.8994551889378769,0.1347078073621907,0.0550498792144305,Low,8.177,0.0,1.422,6.755,91.823,61.148,13.865,8.177
MAR,Morocco,2008,14.4,1.56522177671636,2648.58569335938,31606767,0.4480275243140428,7.881781075892298,17.26888180120087,84.1,507.9323233403277,86.97609471414842,57.1254169272616,-13.25301204819278,0.9066001806549,0.1199450775260597,6.070936382886294,Low,8.206,0.0,1.474,6.732,91.794,55.381,13.612,8.206
MAR,Morocco,2009,14.2,1.528376863028428,2710.66650390625,32030778,0.424206298441761,7.904949826035702,17.28220781101873,85.9,504.8585976271197,86.96760323108384,57.7306189138977,-1.388888888888895,0.906538913052674,0.1189584173292073,-2.3539740013858057,Low,15.958,0.0,1.863,14.095,84.042,50.215,14.095,15.958
MAR,Morocco,2010,13.9,1.602912937856685,2767.04223632813,32467016,0.4718225601479022,7.925534243974052,17.29573523964036,95.7,526.0985283035775,87.09740193444219,58.3287516486646,-2.1126760563380254,0.9074754344195938,0.1169642156487992,4.876812560520327,Low,18.775,0.0,2.888,15.886,81.225,45.164,12.298,18.775
MAR,Morocco,2011,11.8,1.70993845880488,2879.53930664063,32912588,0.5364573808639549,7.965385597362547,17.3093657565393,96.1,559.3532790631474,88.62996278522925,58.902576690412,-15.107913669064745,0.9185331410509506,0.100753775354484,6.6769391163129965,Low,11.617,0.0,2.833,8.785,88.383,46.264,16.051,11.617
MAR,Morocco,2012,10.9,1.755337339640268,2927.45043945313,33355241,0.5626610547658806,7.981887166021355,17.3227254694032,96.4,559.6565392141972,89.09182771395893,59.4348555979895,-7.6271186440677985,0.9218655809228048,0.0945097324277126,2.655000862845003,Low,9.619,0.0,2.754,6.865,90.381,42.889,22.444,9.619
MAR,Morocco,2013,11.6,1.731180971843167,3008.185546875,33787571,0.5488038182990653,8.009092367633745,17.33560357093348,97.2,554.3220766714512,88.31820404155137,59.9083499302469,6.422018348623837,0.9162837447378582,0.1008611795130647,-1.3761666918138735,Low,16.147,0.0,5.048,11.099,83.853,45.063,21.604,16.147
MAR,Morocco,2014,11.1,1.738429541134309,3051.458984375,34204780,0.552982143105108,8.023375110758709,17.34787595834834,97.3,555.5910403027208,88.36457319186327,60.3030486171654,-4.31034482758621,0.9166183066318482,0.0981506635711562,0.4187066175654896,Low,14.103,0.0,6.838,7.229,85.897,56.802,19.943,14.103
MAR,Morocco,2015,11.2,1.766835065188594,3146.24780273438,34607588,0.5691898472653837,8.05396584807324,17.35958352234221,97.3,563.6031066383621,72.8609624298786,60.6417124737154,0.9009009009008916,0.8047569215229106,0.1545900031246078,1.633976148136029,Low,16.082,0.0,8.425,7.623,83.918,57.205,19.325,16.082
MAR,Morocco,2016,11.1,1.742003937532494,3124.42504882813,35023457,0.5550361387793606,8.047005560868302,17.37152859496996,97.8,558.0620239004734,0.0,60.9657656537179,-0.8928571428571397,0.2790517614216686,0.4169339361762461,-1.405401564941744,Medium,16.489,1.296,9.783,5.377,83.511,55.037,19.145,16.489
MAR,Morocco,2017,10.4,1.801638936905059,3242.64428710938,35446392,0.5886967711325867,8.084144413923577,17.38353202861185,100.0,577.5820989171112,0.0,61.2761057031842,-6.306306306306297,0.2790517614216686,0.4133734071833671,3.423356175476644,Medium,15.842,1.284,9.518,4.915,84.158,54.947,18.284,15.842
MAR,Morocco,2018,10.9,1.819124904854274,3304.7119140625,35839760,0.5983555639483346,8.103104581788365,17.39456844962001,98.1,577.1785729180357,0.0,61.5695822753314,4.807692307692313,0.2790517614216686,0.4159166421782806,0.9705589500220936,Medium,19.821,2.749,11.169,5.787,80.179,61.516,15.046,19.821
MAR,Morocco,2019,10.7,1.984745034492102,3364.73950195313,36210898,0.6854904597895504,8.121105825100972,17.40487068121338,99.6,614.5027335656354,0.0,61.8430450233765,-1.834862385321112,0.2790517614216686,0.4148993481803152,9.104384706947632,Medium,19.787,3.913,11.689,4.086,80.213,66.617,11.639,19.787
MAR,Morocco,2020,11.1,1.847428267409807,3090.89428710938,36584208,0.6137945462446559,8.036215741323845,17.41512722984946,100.0,575.699296767116,0.0,62.0933436005366,3.738317757009346,0.2790517614216686,0.4169339361762461,-6.918609932052789,Medium,19.175,3.918,11.83,3.325,80.825,70.129,8.918,19.175
MAR,Morocco,2021,10.9,1.97891230504847,3309.130859375,36954442,0.682547352878847,8.104440853641634,17.42519641464185,100.0,616.051393306028,0.0,62.3173276600289,-1.8018018018017945,0.2790517614216686,0.4159166421782806,7.117138995767913,Medium,19.806,4.407,12.373,2.93,80.194,68.475,8.378,19.806
MDA,Moldova,2000,5.7,2.357737698774698,1346.915671765613,2924668,0.8577025570704684,7.20557256997075,14.88869152793249,98.7,985.9289520091922,91.46628789914276,40.4185981750488,0.0,0.938997745118514,0.0594940063827572,0.0,Low,7.156,0.0,0.0,7.156,92.844,0.0,92.294,7.156
MDA,Moldova,2001,5.6,2.461058175855469,1432.276892823399,2918135,0.9005914102418595,7.267020689738974,14.88645527155947,98.8,1046.1015409521526,90.95231631575102,39.6744270324707,-1.7543859649122862,0.9352893462101894,0.0608395588379368,4.382187091230128,Low,6.154,0.0,0.0,6.154,93.846,0.0,93.333,6.154
MDA,Moldova,2002,5.8,2.510592037810183,1547.574212316123,2911385,0.9205185969678744,7.344443959671325,14.88413947093895,99.0,1063.474340415967,89.46724993249934,39.620719909668,3.571428571428581,0.9245743208422548,0.0672143655198696,2.012705853143681,Low,6.206,0.0,0.0,6.206,93.794,0.0,93.44,6.206
MDA,Moldova,2003,5.9,2.711079299448401,1654.366293031951,2903198,0.997346821084079,7.411173309972095,14.88132344598575,98.8,1157.5708249687343,87.78955225721923,39.5945358276367,1.7241379310344973,0.9124694254967748,0.0737754601915922,7.985656714385558,Low,6.239,0.0,0.0,6.239,93.761,0.0,93.414,6.239
MDA,Moldova,2004,4.8,2.725012888364492,1781.191453237241,2896023,1.002473157779065,7.485037775118744,14.87884897444516,99.1,1166.2119108416955,89.27814192809106,39.4460945129395,-18.644067796610177,0.92320987202881,0.0628101199367649,0.5139498840526668,Low,6.034,0.0,0.0,6.034,93.966,0.0,93.793,6.034
MDA,Moldova,2005,4.3,2.883746367668921,1919.445507637476,2888985,1.05909027091905,7.559791625206142,14.8764157873269,98.6,1219.6333439696675,88.75325210070201,39.3704032897949,-10.416666666666664,0.9194226959946112,0.0621604729589506,5.825054258723084,Low,6.03,0.0,0.0,6.03,93.97,0.0,93.802,6.03
MDA,Moldova,2006,5.0,2.815721249150025,2017.177300629081,2880967,1.035218445168164,7.609454437228826,14.87363655964494,98.9,1197.8578102463862,87.99411289398121,39.2182388305664,16.279069767441868,0.9139453678767958,0.0684596660107374,-2.3589147534456734,Low,6.086,0.0,0.0,6.086,93.914,0.0,93.75,6.086
MDA,Moldova,2007,4.4,2.792193853179506,2082.512600976692,2874299,1.026827614144411,7.641330424911859,14.87131937639622,99.0,1173.3891472348353,89.14645913870972,39.4315032958984,-11.99999999999999,0.922259756636896,0.061250589636791,-0.8355726255793727,Low,5.963,0.0,0.0,5.963,94.037,0.0,94.037,5.963
MDA,Moldova,2008,4.9,2.763318743196276,2249.225897193717,2868833,1.016432400560309,7.718341390309488,14.86941588483433,99.1,1168.1651250421758,88.89267093242702,39.3710708618164,11.363636363636353,0.9204286283458848,0.0647093887772102,-1.0341370084440693,Low,6.323,0.0,0.0,6.323,93.677,0.0,93.511,6.323
MDA,Moldova,2009,4.8,2.725102810855598,2116.943575440967,2865213,1.002506156157844,7.657728617705016,14.86815325091722,99.2,1111.4219731536434,92.4278642525504,39.3255348205566,-2.0408163265306256,0.9459356942473665,0.0514472088274866,-1.3829722841337655,Low,5.654,0.0,0.0,5.654,94.346,0.0,93.538,5.654
MDA,Moldova,2010,20.0,2.97129565385693,2269.511161459965,2862354,1.088998104776387,7.727319739910408,14.86715492117705,99.3,1302.533786032856,84.99734803103047,39.2804946899414,316.6666666666667,0.8923231616977396,0.1555678189476714,9.034258891833712,Low,6.547,0.0,0.0,6.547,93.453,0.0,92.962,6.547
MDA,Moldova,2011,20.4,2.983466628261135,2402.944463060509,2860699,1.093085922484607,7.784450123967317,14.86657655852826,99.4,1322.4070420949497,83.16975755080777,39.3469161987305,2.0000000000000018,0.8791367623699841,0.16419560660748,0.4096184231416444,Low,6.055,0.0,0.0,6.055,93.945,0.0,93.599,6.055
MDA,Moldova,2012,22.1,2.920228617457323,2389.086661475289,2860324,1.071661906865171,7.778666421877293,14.86644546309287,99.5,1316.76859981901,82.13281809614867,39.3614196777344,8.333333333333348,0.8716550546921381,0.1765834594291089,-2.119615155228649,Low,4.647,0.0,0.0,4.647,95.353,0.0,95.009,4.647
MDA,Moldova,2013,23.8,2.620719705632829,2605.850299861424,2859558,0.9634489768571688,7.86551431162245,14.86617762539811,99.6,1184.7501787106437,78.22686154692022,39.4275512695312,7.692307692307687,0.8434728643314657,0.1993215535921511,-10.256351507344652,Low,6.874,0.0,0.0,6.874,93.126,0.0,92.683,6.874
MDA,Moldova,2014,24.3,2.813653088111022,2737.801850566472,2857815,1.034483670392799,7.914910633093125,14.86556790479601,99.8,1277.1393637987378,80.22457428588122,39.6298484802246,2.1008403361344463,0.8578867268477962,0.1946578573288994,7.3618472842980065,Low,6.145,0.0,0.0,5.959,93.855,0.0,93.669,6.145
MDA,Moldova,2015,24.7,2.926397877557584,2749.55137054338,2835978,1.073772273380002,7.919193039367943,14.85789740919927,99.9,1307.9946201108437,81.5491493364742,39.6954040527344,1.6460905349794164,0.867443777918982,0.1919139197892373,4.007060782402805,Low,4.47,0.0,0.0,4.305,95.53,0.0,95.364,4.47
MDA,Moldova,2016,25.3,3.004937952743771,2910.954868723758,2803186,1.100256919768597,7.976236439923536,14.8462671854195,99.9,1356.3126926632303,0.0,39.7373237609863,2.429149797570851,0.2790517614216686,0.4891618100317904,2.683848146163137,Medium,4.103,0.0,0.0,3.932,95.897,0.0,95.556,4.103
MDA,Moldova,2017,26.1,3.014602627986683,3085.333058442626,2755189,1.103468023146941,8.034414891109448,14.82899660075694,100.0,1397.599097861849,0.0,39.9736557006836,3.1620553359683834,0.2790517614216686,0.493230986023652,0.3216264493610454,Medium,6.25,0.0,0.202,5.645,93.75,0.0,93.347,6.25
MDA,Moldova,2018,25.3,3.27363703423792,3267.996104287197,2707203,1.185901609711521,8.0919322639006,14.81142655654945,100.0,1495.5731436729088,0.0,40.3258094787598,-3.065134099616862,0.2790517614216686,0.4891618100317904,8.592655093126966,Medium,5.948,0.0,0.372,5.019,94.052,0.0,93.866,5.948
MDA,Moldova,2019,22.0,3.419419688434606,3438.677326707123,2664224,1.22947085493267,8.14284217837886,14.79542339119163,100.0,1500.039484720624,0.0,40.772289276123,-13.043478260869568,0.2790517614216686,0.4723764590653611,4.453232067941326,Medium,6.503,0.0,0.703,5.272,93.497,0.0,93.497,6.503
MDA,Moldova,2020,22.3,3.357860902498169,3188.916916026994,2635130,1.211304135075001,8.067436613370882,14.784443074604,100.0,1461.474432688888,0.0,41.3368530273438,1.3636363636363669,0.2790517614216686,0.4739024000623091,-1.8002699740147563,Medium,5.825,0.0,0.809,4.531,94.175,0.0,94.175,5.825
MDA,Moldova,2021,21.4,3.718570973442191,3688.167294421437,2595809,1.313339447557582,8.212884945475606,14.76940877936901,100.0,1611.5279233961437,0.0,41.8115425109863,-4.035874439461895,0.2790517614216686,0.4693245770714648,10.742257687793511,Medium,6.607,0.15,1.201,4.805,93.393,0.0,92.793,6.607
MDG,Madagascar,2000,82.2,0.1025772177827797,465.5295098270205,16516338,-2.277139419802758,6.143175488536004,16.61986063078234,12.6,255.70998650643807,0.0,25.0095755608264,0.0,0.2790517614216686,0.77858195245295,0.0,High,63.953,0.0,0.0,62.791,36.047,0.0,0.0,63.953
MDG,Madagascar,2001,84.1,0.1004171975253361,478.4056149498696,17032939,-2.298421796299992,6.170458939502891,16.65065961555291,14.8,254.16783233424425,0.0,25.3079943968146,2.311435523114347,0.2790517614216686,0.7882462454336214,-2.1057504815715777,High,61.364,0.0,0.0,60.227,38.636,0.0,0.0,61.364
MDG,Madagascar,2002,87.2,0.0664561698966826,406.7012221363701,17549913,-2.711212647919763,6.00807881791572,16.6805595505989,14.0,235.9047023744084,0.0,25.6037489918904,3.68608799048753,0.2790517614216686,0.8040143024020854,-33.81993171048692,High,63.953,0.0,0.0,62.791,36.047,0.0,0.0,63.953
MDG,Madagascar,2003,84.8,0.0857465979970843,433.6010403012136,18071854,-2.456358867226492,6.072124849341225,16.70986625830141,20.3,247.05392490821308,0.0,25.8967668078478,-2.752293577981657,0.2790517614216686,0.7918067744265005,29.02729442637435,High,63.542,0.0,0.0,62.5,36.458,0.0,0.0,63.542
MDG,Madagascar,2004,84.3,0.0900701514214734,443.2786549859671,18606608,-2.407166452034646,6.094198590323231,16.73902734440761,15.3,250.2459933043207,0.0,26.1869753064804,-0.5896226415094352,0.2790517614216686,0.7892635394315869,5.042244853301581,High,60.952,0.0,0.0,60.0,39.048,0.0,0.0,60.952
MDG,Madagascar,2005,84.9,0.093326061823388,450.9552309112283,19159707,-2.371655876551192,6.111368068303235,16.76832003811449,16.0,250.7808071931935,0.0,26.4743019495822,0.7117437722420128,0.2790517614216686,0.7923154214254832,3.6148605842559753,High,61.321,0.0,0.0,60.377,38.679,0.0,0.0,61.321
MDG,Madagascar,2006,85.9,0.0868890531095146,461.5403378977289,19730909,-2.44312322576763,6.134569456185471,16.79769694890913,16.8,250.8347424737208,0.0,26.7586741989468,1.1778563015312216,0.2790517614216686,0.7974018914153103,-6.897332415092028,High,59.813,0.0,0.0,58.879,40.187,0.0,0.0,59.813
MDG,Madagascar,2007,86.2,0.0887561893464716,473.7854623284488,20318583,-2.421862113943098,6.160754608114329,16.82704644399104,17.5,254.44151721954384,0.0,27.0400195163682,0.3492433061699662,0.2790517614216686,0.7989278324122584,2.1488739606860374,High,64.286,0.0,0.0,63.393,35.714,0.0,0.0,64.286
MDG,Madagascar,2008,86.4,0.0893717405600501,490.963935389518,20923840,-2.414950747891165,6.196370673751662,16.85639973672193,18.3,259.1972659393137,0.0,27.31826536364,0.2320185614849146,0.2790517614216686,0.7999451264102238,0.693530466000114,High,59.322,0.0,0.0,58.475,40.678,0.0,0.0,59.322
MDG,Madagascar,2009,87.2,0.0824187554067149,457.7897548660683,21547280,-2.495942253807722,6.126410028207475,16.88576014845041,17.4,253.627612930936,0.0,27.5933392025561,0.92592592592593,0.2790517614216686,0.8040143024020854,-7.779847533195849,High,62.185,0.0,0.0,61.345,37.815,0.0,0.0,62.185
MDG,Madagascar,2010,86.7,0.0887332565790363,447.4171430306868,22183340,-2.4221205266892,6.103491365332873,16.91485211466316,12.3,255.4867930836511,0.0,27.8651684949103,-0.5733944954128489,0.2790517614216686,0.8014710674071719,7.661485715430927,High,54.615,0.0,0.0,53.846,45.385,0.0,0.0,54.615
MDG,Madagascar,2011,84.5,0.1005332503735382,441.7551584141205,22822300,-2.297266756713688,6.090755788356574,16.94324868610112,14.3,259.29331484699617,0.0,28.1336807024963,-2.53748558246828,0.2790517614216686,0.7902808334295524,13.298276485537762,High,47.619,0.0,0.0,46.259,52.381,4.762,0.0,47.619
MDG,Madagascar,2012,83.3,0.1215005874496077,442.6415001235433,23462438,-2.107836181237027,6.092760187621576,16.97091131735876,18.7,265.24205945640267,0.0,28.3988032871081,-1.4201183431952646,0.2790517614216686,0.7841770694417598,20.856121729043785,High,49.359,0.0,0.0,48.077,50.641,5.128,0.0,49.359
MDG,Madagascar,2013,81.4,0.1264906598244909,440.6746589036283,24109290,-2.067586808920046,6.088306868274126,16.99810780136207,12.9,268.49407387768366,0.0,28.6604637105393,-2.280912364945964,0.2790517614216686,0.7745127764610884,4.107035595159414,High,50.303,0.606,0.0,48.485,49.697,4.848,0.0,50.303
MDG,Madagascar,2014,82.2,0.1265407835489955,443.3438699082055,24764348,-2.067190623177342,6.094345698975504,17.0249155961796,23.0,271.2816857847556,0.0,28.9185894345838,0.9828009828009688,0.2790517614216686,0.77858195245295,0.0396264234641119,High,52.907,0.581,0.0,51.163,47.093,5.233,0.0,52.907
MDG,Madagascar,2015,83.9,0.1344374115054323,445.3200694805676,25426702,-2.006656530212463,6.098793280884404,17.05131043964462,23.8,275.43358659501223,0.0,29.1731079210354,2.068126520681268,0.2790517614216686,0.7872289514356561,6.240381744893586,High,54.19,1.117,0.0,51.955,45.81,4.469,0.0,54.19
MDG,Madagascar,2016,83.8,0.1245711103223485,451.1565943314605,26099952,-2.082878558883524,6.111814495049768,17.07744403321077,22.9,293.32892382864264,0.0,29.4239466316878,-0.1191895113230145,0.2790517614216686,0.7867203044366733,-7.338955036846384,High,48.421,1.053,0.0,46.316,51.579,4.211,0.0,48.421
MDG,Madagascar,2017,81.9,0.132624692613867,456.8518595740305,26788375,-2.020231999759501,6.124359179862154,17.10347858271953,24.1,299.4635178362816,0.0,29.671033028335,-2.2673031026252843,0.2790517614216686,0.777056011456002,6.465048172628896,High,41.919,1.01,0.0,39.394,58.081,6.061,0.0,41.919
MDG,Madagascar,2018,84.2,0.11912379760542,459.3303677995432,27494926,-2.127592010612373,6.129769706715298,17.12951203652199,36.5,292.8313301285012,0.0,29.9181125346909,2.8083028083027983,0.2790517614216686,0.7887548924326042,-10.179774778256768,High,43.277,1.681,0.0,40.336,56.723,19.328,0.0,43.277
MDG,Madagascar,2019,82.5,0.1421390288450342,467.2774134964799,28219554,-1.950949623990054,6.146923114484069,17.15552569987,31.0,313.7733094206238,0.0,30.3046972370204,-2.019002375296919,0.2790517614216686,0.7801078934498982,19.320431099626934,High,38.462,1.619,0.0,36.032,61.538,19.433,0.0,38.462
MDG,Madagascar,2020,84.7,0.1080385428304558,422.9242554223186,28953556,-2.225267237463969,6.047193097816727,17.18120358690976,32.0,300.2852230481217,0.0,30.7019474167548,2.6666666666666616,0.2790517614216686,0.7912981274275177,-23.990937810442027,High,40.741,1.852,0.0,37.963,59.259,9.722,0.0,40.741
MDG,Madagascar,2021,83.6,0.1381896376093792,431.5991030777461,29691083,-1.979128351578611,6.067497155248701,17.20635732300293,35.1,305.9762558581393,0.0,31.1137123216036,-1.2987012987013102,0.2790517614216686,0.7857030104387079,27.907720697639647,High,33.202,1.581,0.0,30.435,66.798,18.577,0.0,33.202
MDG,Madagascar,2022,83.1,0.1440339851867749,438.5162633531886,30437261,-1.937705999010208,6.083396899729236,17.2311781066202,36.1,307.4805567978988,0.0,31.5397813465886,-0.5980861244019087,0.2790517614216686,0.7831597754437944,4.229222739490735,High,35.227,3.03,0.0,31.061,64.773,19.318,0.0,35.227
MDV,Maldives,2000,2.3,2.226091149887064,7037.085461046135,282019,0.8002471998528679,8.858949366421173,12.54972972353712,83.8,829.4267334189302,0.0,27.6038586493758,0.0,0.4916618178880346,0.2658679720325849,0.0,Low,0.0,0.0,0.0,0.0,100.0,0.0,0.0,0.0
MDV,Maldives,2001,2.3,1.934322986954566,6647.650382003897,286767,0.6597573877174572,8.802018745201105,12.56642531832587,87.5,829.4267334189302,0.0,28.5499181889238,0.0,0.4916618178880346,0.2658679720325849,-13.106748254549249,Low,0.0,0.0,0.0,0.0,100.0,0.0,0.0,0.0
MDV,Maldives,2002,1.8,2.304743223965763,7012.255688731729,291616,0.8349692706622038,8.855414709827501,12.58319314729585,88.3,829.4267334189302,0.0,29.8881681908815,-21.73913043478261,0.4916618178880346,0.2633247370376714,19.14986481106724,Low,0.0,0.0,0.0,0.0,100.0,0.0,0.0,0.0
MDV,Maldives,2003,2.2,1.947782563383037,7845.29307409315,296491,0.6666915785503991,8.96766902254367,12.59977214282769,89.1,829.4267334189302,0.0,31.3913356462169,22.222222222222232,0.4916618178880346,0.2653593250336022,-15.48808808160872,Low,0.0,0.0,0.0,0.0,100.0,0.0,0.0,0.0
MDV,Maldives,2004,1.7,2.45145365329299,8174.416073012476,301413,0.8966811764819357,9.008764564836646,12.6162366962948,90.0,829.4267334189302,0.0,32.8541942827704,-22.72727272727274,0.2790517614216686,0.3691211182718717,25.858691795409825,Medium,0.0,0.0,0.0,0.0,100.0,0.0,0.0,0.0
MDV,Maldives,2005,2.0,2.234775429218514,7141.883770498914,306429,0.8041407439203075,8.873731853938928,12.63274135988936,90.9,734.2647073220876,0.0,34.0715178283824,17.647058823529417,0.2790517614216686,0.3706470592688198,-8.838764860327508,Medium,0.0,0.0,0.0,0.0,100.0,0.0,0.0,0.0
MDV,Maldives,2006,1.6,2.665277472431186,8620.728146781827,313851,0.9803081694329512,9.061924831874633,12.65667362997606,91.7,917.6328894921476,0.0,34.8678636610379,-20.0,0.2790517614216686,0.368612471272889,19.26377199176632,Medium,0.0,0.0,0.0,0.0,100.0,0.0,0.0,0.0
MDV,Maldives,2007,1.5,2.705876189214094,8933.171663638575,324479,0.9954257745311452,9.097526780313189,12.68997609808611,92.6,921.47719883259,0.0,35.4340781469745,-6.25,0.2790517614216686,0.3681038242739063,1.5232454107630078,Medium,0.0,0.0,0.0,0.0,100.0,0.0,0.0,0.0
MDV,Maldives,2008,1.5,2.843501799684683,9396.497336104858,336170,1.04503632067631,9.148092274997955,12.72537226337554,93.6,921.47719883259,0.0,35.9335121678807,0.0,0.4916618178880346,0.2617987960407233,5.086175451012109,Low,0.0,0.0,0.0,0.0,100.0,0.0,0.0,0.0
MDV,Maldives,2009,1.5,2.825927786949967,8313.409836972301,348275,1.038836730839589,9.025625133046304,12.76074767657443,99.9,921.47719883259,0.0,36.3718272129661,0.0,0.4916618178880346,0.2617987960407233,-0.6180412031624116,Low,0.0,0.0,0.0,0.0,100.0,0.0,0.0,0.0
MDV,Maldives,2010,1.4,2.920519301980089,8569.524946007254,360792,1.071761443611839,9.055967577850884,12.79605689397578,99.0,921.47719883259,0.0,36.7646137762553,-6.666666666666677,0.4916618178880346,0.2612901490417406,3.347272901556164,Low,0.0,0.0,0.0,0.0,100.0,0.0,0.0,0.0
MDV,Maldives,2011,1.3,3.062294941580094,9005.813913751042,373674,1.11916461577767,9.105625638173144,12.83113903852814,99.1,921.47719883259,0.0,37.1274623517731,-7.142857142857128,0.4916618178880346,0.2607815020427579,4.854466789652179,Low,0.0,0.0,0.0,0.0,100.0,0.0,0.0,0.0
MDV,Maldives,2012,1.2,3.728368379961636,8907.66134868182,386818,1.315970706308918,9.094667011116872,12.86570957715588,99.2,921.47719883259,0.0,37.475963433544,-7.692307692307699,0.4916618178880346,0.2602728550437752,21.75079314985444,Low,0.0,0.0,0.0,0.0,100.0,0.0,0.0,0.0
MDV,Maldives,2013,1.3,4.052540805359062,9213.327914424754,400070,1.399344043758755,9.128406401053926,12.89939481077941,99.4,921.47719883259,0.0,37.8257075155926,8.333333333333348,0.4916618178880346,0.2607815020427579,8.694753102716767,Low,0.0,0.0,0.0,0.0,100.0,0.0,0.0,0.0
MDV,Maldives,2014,1.2,5.302248215136225,9612.078618067391,413617,1.668130922149418,9.170775775980983,12.93269570384618,100.0,921.47719883259,0.0,38.1938859868107,-7.692307692307699,0.4916618178880346,0.2602728550437752,30.83762680747237,Low,1.852,1.852,0.0,0.0,98.148,0.0,0.0,1.852
MDV,Maldives,2015,1.5,3.709880089874205,9644.906550281454,428154,1.310999555308392,9.174185236364064,12.96723822293084,99.8,921.47719883259,0.0,38.5771510715291,25.0,0.4916618178880346,0.2617987960407233,-30.031942313004468,Low,1.613,1.613,0.0,0.0,98.387,0.0,0.0,1.613
MDV,Maldives,2016,1.2,3.91172728667202,9909.076697234152,443308,1.363979037746672,9.201206454187805,13.00202006703997,100.0,921.47719883259,0.0,38.9560872317815,-20.000000000000007,0.4916618178880346,0.2602728550437752,5.440801101597304,Low,1.493,1.493,0.0,0.0,98.507,0.0,0.0,1.493
MDV,Maldives,2017,1.3,3.508936539766566,10263.29911476718,458287,1.255313011446538,9.236329618185168,13.03525090439558,99.8,921.47719883259,0.0,39.32787719143,8.333333333333348,0.4916618178880346,0.2607815020427579,-10.297004811092958,Low,2.74,2.74,0.0,0.0,97.26,0.0,0.0,2.74
MDV,Maldives,2018,1.3,2.930253498739165,10793.89413253666,473099,1.075088937627492,9.286735895138705,13.06705994789898,100.0,921.47719883259,0.0,39.6923354428279,0.0,0.4916618178880346,0.2607815020427579,-16.491692980742766,Low,3.797,3.797,0.0,0.0,96.203,0.0,0.0,3.797
MDV,Maldives,2019,1.3,3.106835530241055,11194.92537480637,487731,1.133604693780006,9.323215863071054,13.09751930334425,100.0,921.47719883259,0.0,40.0492764783282,0.0,0.4916618178880346,0.2607815020427579,6.026169120790059,Low,3.704,3.704,0.0,0.0,96.296,0.0,0.0,3.704
MDV,Maldives,2020,1.6,2.405808993105206,7295.602209564536,502118,0.8778862266642921,8.895027008552416,13.12659043081261,100.0,921.47719883259,0.0,40.3985147902839,23.076923076923084,0.4916618178880346,0.262307443039706,-22.56400541040089,Low,4.878,4.878,0.0,0.0,95.122,0.0,0.0,4.878
MDV,Maldives,2021,1.4,3.256392472014166,9759.2219360708,516154,1.180619978964051,9.18596795656448,13.15416044954888,100.0,921.47719883259,0.0,40.7398648710483,-12.50000000000001,0.4916618178880346,0.2612901490417406,35.35540358135838,Low,5.952,5.952,0.0,0.0,94.048,0.0,0.0,5.952
MDV,Maldives,2022,1.2,3.414385639546199,10939.99632717377,524106,1.227997576266581,9.300180740251395,13.16944923292164,100.0,921.47719883259,0.0,41.0641769690663,-14.28571428571428,0.4916618178880346,0.2602728550437752,4.851785185288482,Low,7.059,7.059,0.0,0.0,92.941,0.0,0.0,7.059
MEX,Mexico,2000,12.2,4.022721211233374,9581.96970210753,98625552,1.39195859184239,9.16763845547893,18.40684093407283,98.0,1541.3229745717117,86.09083838501313,74.9203113970256,0.0,0.900212894449525,0.1119484866511276,0.0,Low,19.379,0.005,0.01,16.241,76.584,9.356,19.797,23.416
MEX,Mexico,2001,11.3,3.943950584410355,9398.350743557245,100099099,1.372182907354177,9.14828950005139,18.42167124324594,97.1,1563.1270816575482,87.61628161427761,75.2907557567987,-7.377049180327855,0.9112192461407702,0.1018674878146606,-1.9581428263796496,Low,16.516,0.005,0.01,13.529,79.331,11.022,24.194,20.669
MEX,Mexico,2002,10.7,3.948307561508662,9242.278861300165,101548624,1.37328702165464,9.131543764238389,18.43604829592348,97.9,1556.5545155653806,87.39775972472123,75.6840752828994,-5.3097345132743445,0.9096425707702598,0.0996039435060196,0.1104724059051154,Low,14.351,0.005,0.009,11.524,81.129,12.098,32.263,18.871
MEX,Mexico,2003,10.2,4.085414321618447,9221.996666930963,102978515,1.407423148289581,9.129346851340753,18.45003093220251,97.4,1644.2344095596347,86.78694439470792,76.046170340551,-4.672897196261683,0.9052354265307644,0.0992642806308538,3.4725450835292992,Low,11.93,0.004,0.009,8.826,83.402,13.739,35.829,16.598
MEX,Mexico,2004,10.2,4.123393680052761,9421.28975988024,104394131,1.416676533050232,9.150727275382843,18.46368401535751,98.6,1651.9943297172424,86.02093505110918,76.3274397419019,0.0,0.8997085291197785,0.1020277293363467,0.929632968517824,Low,13.794,0.004,0.008,10.697,82.302,10.111,39.241,17.698
MEX,Mexico,2005,10.3,4.227583798449741,9491.517302257178,105811504,1.441630623817616,9.1581537631502,18.47716980493677,98.9,1718.636693706376,87.06760897080949,76.4748624380269,0.9803921568627638,0.9072604727419809,0.0987604045242283,2.5268050174546364,Low,14.469,0.004,0.008,11.175,81.175,13.231,34.875,18.825
MEX,Mexico,2006,9.8,4.325712279149507,9813.828042442496,107253666,1.464576815644823,9.191547694837745,18.4907072970064,99.1,1723.7176380235617,88.05906069029288,76.4982455683657,-4.854368932038833,0.9144139780971328,0.0926404168517387,2.321148092575953,Low,14.829,0.004,0.02,11.883,80.929,12.386,45.292,19.071
MEX,Mexico,2007,9.5,4.328991685172866,9877.69532644737,108774360,1.46533464773101,9.19803449697713,18.50478620284881,97.9,1693.778807265407,87.58195978997372,76.5047326234761,-3.0612244897959218,0.9109716079057136,0.0928356609505001,0.0758119313474914,Low,13.618,0.004,0.095,10.385,82.424,11.992,48.921,17.576
MEX,Mexico,2008,9.8,4.279100763032782,9826.342183604804,110374288,1.453742885424024,9.1928220364256,18.51938776613147,98.9,1678.2328732125727,86.99676901402478,76.5090428271033,3.157894736842115,0.9067493495069712,0.0964727311468195,-1.1524836675238737,Low,17.598,0.007,0.093,14.564,78.763,7.925,48.747,21.237
MEX,Mexico,2009,9.2,4.121220980541549,9074.1188145564,111999721,1.41614947395749,9.113181554094146,18.53400693818484,98.3,1616.7936998520468,89.98294295749129,76.5143930040295,-6.122448979591855,0.9282951402663376,0.08264795377324,-3.689555148015189,Low,13.034,0.011,0.224,9.979,83.045,10.995,51.598,16.955
MEX,Mexico,2010,9.4,4.197558092864181,9389.067220842751,113623895,1.434502949746137,9.147301229764578,18.54840438544213,99.2,1581.8262250440366,87.99242428776587,76.5244441414713,2.1739130434782705,0.91393318427434,0.0908462257672043,1.8522935965593623,Low,16.863,0.011,0.45,13.499,81.003,11.754,53.369,18.997
MEX,Mexico,2011,9.1,4.221799781443647,9575.934377885818,115243504,1.440261525621308,9.167008394445512,18.56255787382733,99.0,1632.5383358219826,88.29007121462776,76.5667802279537,-3.191489361702138,0.9160807612500104,0.0882464962824211,0.5775188345976012,Low,15.721,0.014,0.565,12.415,80.825,11.563,52.548,19.175
MEX,Mexico,2012,9.0,4.333504242763251,9782.51776305354,116818208,1.466376508653339,9.1883521698819,18.57612950661971,99.1,1652.1632203758338,90.44603248376636,76.6585199140734,-1.098901098901095,0.9316364158332908,0.079960021991798,2.64589670525317,Low,14.528,0.024,1.245,10.746,82.513,11.549,52.161,17.487
MEX,Mexico,2013,9.2,4.174431170841867,9738.710598036583,118343573,1.428978102515479,9.183864005741524,18.58910258742224,99.1,1633.00512016612,90.02831193499789,76.7955768077952,2.2222222222222143,0.9286224857307446,0.0824842810410366,-3.670772266740674,Low,13.503,0.037,1.407,9.41,82.526,10.683,55.796,17.474
MEX,Mexico,2014,9.8,4.014819609731532,9862.481254441987,119784261,1.389992417306328,9.19649306446203,18.60120285771938,99.2,1582.666661151785,89.51699981729095,76.9741367091766,6.521739130434789,0.9249332753533832,0.0873807682236135,-3.823552349484438,Low,17.684,0.073,2.12,12.821,79.125,11.136,57.278,20.875
MEX,Mexico,2015,9.2,4.050696779493074,10021.23861188272,121072306,1.398888910639799,9.212461980959633,18.61189849533494,99.0,1539.1382667082678,90.90222946645302,77.1903854182753,-6.122448979591855,0.934927960438563,0.0793315436871274,0.8936184747772691,Low,15.543,0.064,2.819,9.953,80.726,10.878,59.785,19.274
MEX,Mexico,2016,9.2,4.06104469144067,10100.50212140149,122251351,1.401440253677014,9.220340416583849,18.62158973738294,99.5,1525.383744509801,0.0,77.4405087351486,0.0,0.2790517614216686,0.4072696431955747,0.2554600482559621,Medium,15.29,0.078,3.24,9.374,81.411,10.754,60.194,18.589
MEX,Mexico,2017,10.1,4.057433295999207,10193.77271934566,123400057,1.400550580591675,9.229532295119329,18.63094213134793,100.0,1478.4389651068636,0.0,77.7206924598541,9.782608695652172,0.2790517614216686,0.411847466186419,-0.0889277443578584,Medium,15.43,0.362,3.227,9.383,81.263,9.377,60.075,18.737
MEX,Mexico,2018,10.3,3.838317058725175,10296.86909285339,124573711,1.345034004576056,9.239595156441371,18.64040815489779,99.5,1493.4788215624642,0.0,78.0271223924494,1.980198019801982,0.2790517614216686,0.4128647601843844,-5.400365730968137,Medium,15.815,0.919,3.562,9.227,80.306,8.311,61.774,19.694
MEX,Mexico,2019,10.3,3.925423778516956,10159.44483643186,125762982,1.367474314455039,9.226159077556062,18.64990959819611,99.6,1469.6535032052757,0.0,78.355984332992,0.0,0.2790517614216686,0.4128647601843844,2.2693987614642808,Medium,16.687,2.891,4.855,6.849,80.065,9.484,60.484,19.935
MEX,Mexico,2020,12.3,3.462471415599047,9234.643623179232,126799054,1.241982616056723,9.130717302086811,18.65811413937174,99.4,1366.4272255875665,0.0,78.677960602824,19.41747572815533,0.2790517614216686,0.4230377001640386,-11.79369130669542,Medium,21.297,4.863,6.048,8.234,75.271,4.697,64.243,24.729
MEX,Mexico,2021,13.0,3.546624898937037,9728.056800325565,127648148,1.265996418560547,9.182769443038158,18.66478819312505,100.0,1417.7055907890806,0.0,78.9324007418057,5.691056910569103,0.2790517614216686,0.4265982291569175,2.430445575921958,Medium,24.983,6.144,6.412,10.566,71.39,2.246,59.567,28.61
MHL,Marshall Islands,2000,19.6,0.0019721531968603,3040.59677355737,50706,-6.228629339784446,8.019809082225791,10.83379952577254,68.6,559.9428472128362,0.0,68.2755984422337,0.0,0.4916618178880346,0.3538639028565931,0.0,Medium,27.93,0.0,0.0,22.2305,69.253,0.0,0.0,30.747
MHL,Marshall Islands,2001,19.1,0.0019560667409972,3224.791189875399,51123,-6.236819586787411,8.078623479808217,10.8419897727755,70.1,559.9428472128362,0.0,68.6170787509313,-2.5510204081632626,0.4916618178880346,0.3513206678616796,-0.8156798309958302,Medium,27.93,0.0,0.0,22.2305,69.253,0.0,0.0,30.747
MHL,Marshall Islands,2002,18.6,0.0019445794846864,3322.411278561012,51425,-6.242709528533067,8.10844608701371,10.84787971452116,71.5,559.9428472128362,0.0,69.0380806209326,-2.617801047120416,0.4916618178880346,0.348777432866766,-0.587263004375338,Medium,27.93,0.0,0.0,22.2305,69.253,0.0,0.0,30.747
MHL,Marshall Islands,2003,18.6,0.0019365208466469,3256.972443308353,51639,-6.246862293951524,8.088553344481568,10.85203247993961,72.9,559.9428472128362,0.0,69.5231265029735,0.0,0.4916618178880346,0.348777432866766,-0.4144154611824269,Medium,27.93,0.0,0.0,22.2305,69.253,0.0,0.0,30.747
MHL,Marshall Islands,2004,18.4,0.0019308374041821,3234.152652005175,51791,-6.249801481990296,8.081522241251006,10.85497166797839,74.3,559.9428472128362,0.0,70.0567388477898,-1.0752688172043112,0.2790517614216686,0.4540651671019836,-0.2934872854356785,Medium,27.93,0.0,0.0,22.2305,69.253,0.0,0.0,30.747
MHL,Marshall Islands,2005,18.4,0.0019265595499556,3284.78403267445,51906,-6.252019483420338,8.097056185279417,10.85718966940843,75.7,558.7022694871498,0.0,70.6234401061174,0.0,0.2790517614216686,0.4540651671019836,-0.2215543482449122,Medium,27.93,0.0,0.0,22.2305,69.253,0.0,0.0,30.747
MHL,Marshall Islands,2006,17.0,0.0019233728265887,3285.120787813511,51992,-6.253674953586093,8.09715869974456,10.85884513957418,77.2,577.0118479766118,0.0,71.2077527286922,-7.608695652173902,0.2790517614216686,0.4469441091162257,-0.1654100630866239,Medium,27.93,0.0,0.0,22.2305,69.253,0.0,0.0,30.747
MHL,Marshall Islands,2007,15.2,0.0019217834150091,3403.478427981167,52035,-6.254501662083868,8.132553254681103,10.85967184807196,72.3,614.9706928029211,0.0,71.7941991662501,-10.588235294117654,0.2790517614216686,0.437788463134537,-0.0826366868453609,Medium,27.93,0.0,0.0,22.2305,69.253,0.0,0.0,30.747
MHL,Marshall Islands,2008,14.8,0.0019219680953296,3146.261772054585,52030,-6.254405568296257,8.053970288057014,10.85957575428435,80.2,614.9706928029211,0.0,72.3673018695269,-2.631578947368407,0.4916618178880346,0.3294488469054232,0.0096098404765987,Low,27.93,0.0,0.0,22.2305,69.253,0.0,0.0,30.747
MHL,Marshall Islands,2009,14.0,0.0019223745170034,3262.269555354775,52019,-6.254194129454155,8.090178414762208,10.85936431544225,81.7,614.9706928029211,0.0,72.9115832892586,-5.405405405405405,0.4916618178880346,0.3253796709135615,0.0211461196870876,Low,27.93,0.0,0.0,22.2305,69.253,0.0,0.0,30.747
MHL,Marshall Islands,2010,13.7,0.0019214510798555,3441.318884021213,52044,-6.254674607635275,8.143610073407574,10.85984479362337,89.4,614.9706928029211,0.0,73.4115658761809,-2.1428571428571463,0.4916618178880346,0.3238537299166134,-0.0480362769963993,Low,27.93,0.0,0.0,22.2305,69.253,0.0,0.0,30.747
MHL,Marshall Islands,2011,12.3,0.0019265224343537,3433.062978018379,51907,-6.252038748830258,8.141208138182634,10.85720893481835,89.9,614.9706928029211,0.0,73.8553711172585,-10.21897810218977,0.4916618178880346,0.3167326719308556,0.2639335735064474,Low,27.93,0.0,0.0,22.2305,69.253,0.0,0.0,30.747
MHL,Marshall Islands,2012,12.0,0.0019448063945234,3420.914447966706,51419,-6.242592846956954,8.13766317676274,10.84776303294505,90.4,614.9706928029211,0.0,74.2705132518924,-2.4390243902439046,0.4916618178880346,0.3152067309339074,0.94906552052747,Low,27.93,0.0,0.0,22.2305,69.253,0.0,0.0,30.747
MHL,Marshall Islands,2013,12.4,0.0019731260235591,3602.928119018962,50681,-6.228136179901883,8.189502160235167,10.83330636588997,90.9,614.9706928029211,0.0,74.6790601806083,3.333333333333344,0.4916618178880346,0.3172413189298383,1.4561670053866216,Low,27.93,0.0,0.0,22.2305,69.253,0.0,0.0,30.747
MHL,Marshall Islands,2014,12.2,0.0020081934291911,3620.772752831553,49796,-6.210519752513584,8.194442749671868,10.81568993850168,91.5,614.9706928029211,0.0,75.0790555372177,-1.6129032258064613,0.4916618178880346,0.3162240249318728,1.7772511848341166,Low,27.93,0.0,0.0,22.2305,69.253,0.0,0.0,30.747
MHL,Marshall Islands,2015,11.7,0.0020491803278688,3764.344262295082,48800,-6.190315405853147,8.233328958344115,10.79548559184124,92.1,614.9706928029211,0.0,75.4702568207363,-4.098360655737709,0.4916618178880346,0.3136807899369593,2.0409836065574005,Low,27.93,0.0,0.0,22.2305,69.253,0.0,0.0,30.747
MHL,Marshall Islands,2016,12.1,0.0020960405793456,3946.844410907795,47709,-6.167705152335934,8.280671655303355,10.77287533832403,92.7,614.9706928029211,0.0,75.8524215301796,3.418803418803429,0.4916618178880346,0.3157153779328902,2.28678027206608,Low,27.93,0.0,0.0,22.2305,69.253,0.0,0.0,30.747
MHL,Marshall Islands,2017,12.0,0.0021491972748178,4190.934685894818,46529,-6.142660867108804,8.340679063431125,10.7478310530969,93.8,614.9706928029211,0.0,76.2253071645634,-0.8264462809917328,0.4916618178880346,0.3152067309339074,2.5360527842850367,Low,27.93,0.0,0.0,22.2305,69.253,0.0,0.0,30.747
MHL,Marshall Islands,2018,12.0,0.0022082367229767,4542.342939163078,45285,-6.115560944820957,8.421198223814136,10.72073113080905,95.3,614.9706928029211,0.0,76.5886712229035,0.0,0.4916618178880346,0.3152067309339074,2.7470464833829977,Low,27.93,0.0,0.0,22.2305,69.253,0.0,0.0,30.747
MHL,Marshall Islands,2019,12.1,0.0022723657599927,5162.815006703479,44007,-6.086933805167781,8.549237253655397,10.69210399115587,96.8,614.9706928029211,0.0,76.9422712042154,0.8333333333333304,0.4916618178880346,0.3157153779328902,2.904083441270733,Low,27.93,0.0,0.0,22.2305,69.253,0.0,0.0,30.747
MHL,Marshall Islands,2020,12.0,0.0023415913454783,5172.575282161756,42706,-6.056924518579768,8.551125963822486,10.66209470456786,98.3,614.9706928029211,0.0,77.285864607515,-0.8264462809917328,0.4916618178880346,0.3152067309339074,3.0464103404673315,Low,27.93,0.0,0.0,22.2305,69.253,0.0,0.0,30.747
MHL,Marshall Islands,2021,12.1,0.0024173858389537,5455.316422822321,41367,-6.025068554521759,8.60434590260181,10.63023874050985,99.8,614.9706928029211,0.0,77.6163157431143,0.8333333333333304,0.4916618178880346,0.3157153779328902,3.2368796383591247,Low,27.93,0.0,0.0,22.2305,69.253,0.0,0.0,30.747
MHL,Marshall Islands,2022,12.2,0.0024951967462634,5591.464214590039,40077,-5.993387696669831,8.62899646648175,10.59855788265792,100.0,614.9706928029211,0.0,77.9855966195187,0.8264462809917328,0.4916618178880346,0.3162240249318728,3.218803802679804,Low,27.93,0.0,0.0,22.2305,69.253,0.0,0.0,30.747
MKD,North Macedonia,2000,19.4,4.459989636538603,3283.379340953514,2026350,1.49514644238322,8.096628457873003,14.52174670306594,99.0,1316.5255129674242,87.31730654561895,58.4918382392587,0.0,0.9090620863793032,0.1441464746129933,0.0,Low,17.181,0.0,0.0,17.181,82.819,76.505,0.0,17.181
MKD,North Macedonia,2001,15.2,4.531663261063787,3169.325143689311,2034882,1.511089037903821,8.061273955781283,14.52594838991964,99.0,1266.2500984418114,89.80503593993174,58.0943199277127,-21.649484536082475,0.9270115086201144,0.1138085895353141,1.6070356742086345,Low,9.89,0.0,0.0,9.89,90.11,87.441,0.0,9.89
MKD,North Macedonia,2002,14.6,4.30169536328117,3240.11064526089,2020157,1.459009215525819,8.083362757975165,14.51868578912941,99.0,1251.0532451558122,88.40623624094954,57.8726144171205,-3.9473684210526327,0.9169189131454016,0.1158030052787742,-5.074690782047043,Low,12.479,0.0,0.0,12.479,87.521,84.072,0.0,12.479
MKD,North Macedonia,2003,17.3,4.668009739336786,3307.92040834712,2022725,1.540732800826757,8.104074995499568,14.51995617018201,99.0,1379.1653850275595,86.21743840819059,57.8501791693323,18.49315068493152,0.9011263367543446,0.1374327624468358,8.515581535188144,Low,20.357,0.0,0.0,20.357,79.643,79.346,0.0,20.357
MKD,North Macedonia,2004,18.2,4.563666249046467,3473.765448114508,2016186,1.51812630247371,8.152994428147078,14.51671816582229,99.4,1362.1844966439753,85.01377376920736,57.8527941292946,5.202312138728304,0.8924416764006764,0.1463529156145143,-2.235288615853326,Low,22.222,0.0,0.0,22.222,77.778,77.477,0.0,22.222
MKD,North Macedonia,2005,19.0,4.818708142799439,3657.563076992162,2005330,1.572505871972594,8.204552378676441,14.51131919370828,99.1,1453.5043606257825,81.3094503183498,57.8614206464767,4.395604395604402,0.8657143056954922,0.163785776958968,5.588530795963909,Low,21.47,0.0,0.0,21.47,78.53,78.386,0.0,21.47
MKD,North Macedonia,2006,19.8,4.837518371227411,3866.746506229772,1994287,1.576401856018438,8.260168736376048,14.50579715094212,99.0,1486.595748996263,82.96705167652073,57.8796574341199,4.210526315789487,0.8776742024401987,0.1618750045784764,0.390358325728446,Low,23.538,0.0,0.0,23.538,76.462,72.896,0.0,23.538
MKD,North Macedonia,2007,15.7,5.225189151625395,4140.633548093642,1982933,1.653490998463643,8.328604086051813,14.50008761974001,99.1,1550.3947148141317,83.70256180738845,57.9111032054655,-20.70707070707072,0.8829810424572521,0.1383670576116588,8.013835827555148,Low,15.538,0.0,0.0,15.538,84.462,77.077,0.0,15.538
MKD,North Macedonia,2008,15.6,5.144476800069794,4392.550716415098,1971493,1.637923673166604,8.387665366133492,14.49430168169752,99.2,1540.6977966347888,83.31848214951133,57.9593566737547,-0.6369426751592355,0.8802098375307423,0.1392440130759309,-1.54467808175891,Low,13.312,0.0,0.0,13.312,86.688,83.835,0.0,13.312
MKD,North Macedonia,2009,18.4,4.656669297553275,4405.200457508667,1958782,1.538300449572672,8.390541044147286,14.48783340946851,99.2,1437.8318563589464,84.36726705394334,58.0280165522288,17.948717948717952,0.8877770122935904,0.1497025416660227,-9.482159633996224,Low,18.622,0.0,0.0,18.622,81.378,77.713,0.0,18.622
MKD,North Macedonia,2010,22.3,4.714129079925068,4582.36517512347,1946298,1.550564186388749,8.429970557594938,14.48143966463932,99.5,1475.2427745996913,81.35001089390444,58.1206815541291,21.19565217391306,0.8660069576610255,0.1804248019426306,1.2339244790688486,Low,33.471,0.0,0.0,33.471,66.529,65.289,0.413,33.471
MKD,North Macedonia,2011,18.6,5.28745255234082,4711.130278700812,1937398,1.66533657077957,8.457683132467706,14.47685639366254,99.7,1619.7624762799023,81.66826819700451,58.2409503926967,-16.591928251121068,0.8683032422680349,0.1604567206767658,12.161811072531448,Low,21.154,0.0,0.0,21.154,78.846,76.479,1.331,21.154
MKD,North Macedonia,2012,18.3,4.985073745181547,4708.051685359227,1929821,1.606448196720939,8.457029446518554,14.47293781046589,99.6,1549.523430720761,81.33437035096283,58.3924217811729,-1.6129032258064502,0.8658941082852147,0.1601353466712278,-5.71879944389112,Low,16.613,0.0,0.0,16.613,83.387,77.157,4.792,16.613
MKD,North Macedonia,2013,21.2,4.575142662774949,4863.680886669677,1922716,1.520637881361509,8.48955081431236,14.46924932775684,99.7,1441.721810017236,79.05223417399642,58.578694432799,15.84699453551912,0.8494280786820567,0.1831191244433053,-8.223169873922664,Low,26.108,0.164,0.0,25.944,73.892,66.174,5.911,26.108
MKD,North Macedonia,2014,21.2,4.355281225017039,5053.750012363666,1917557,1.471389183424408,8.527885823401414,14.46656253798773,99.8,1404.8828108168727,77.33296888731147,58.8033670608162,0.0,0.8370232654233372,0.189321531072665,-4.805564634012038,Low,23.978,0.186,1.301,22.491,76.022,69.517,3.717,23.978
MKD,North Macedonia,2015,23.9,4.14802110404041,5262.686719286744,1912430,1.422631378117214,8.568396958460816,14.46388524270579,99.9,1387.9796239181146,76.88077663382245,59.0700383784659,12.735849056603763,0.8337606156711359,0.2046863249212988,-4.758822915638894,Low,35.929,0.354,2.124,33.097,64.071,58.407,3.186,35.929
MKD,North Macedonia,2016,21.4,3.997717059055884,5429.946783583586,1906313,1.38572346295251,8.599684612434944,14.46068156797207,100.0,1408.2201900447567,0.0,59.3823070989891,-10.460251046025103,0.2790517614216686,0.4693245770714648,-3.623512060681688,Medium,36.767,0.355,1.954,33.748,63.233,51.332,10.124,36.767
MKD,North Macedonia,2017,19.0,4.203128843177045,5510.81862920922,1898657,1.435829210603574,8.614468462655624,14.45665735210074,100.0,1438.491959282514,0.0,59.7437719356273,-11.214953271028028,0.2790517614216686,0.4571170490958798,5.13822717032586,Medium,23.036,0.357,1.964,19.821,76.964,60.536,14.821,23.036
MKD,North Macedonia,2018,20.9,3.992851437044314,5698.393344844888,1889051,1.384505621539772,8.647939544764558,14.45158514453105,99.8,1370.1216506141125,0.0,60.1580316016216,9.999999999999986,0.2790517614216686,0.4667813420765513,-5.002877950650387,Medium,34.938,0.357,1.783,31.907,65.062,50.802,13.369,34.938
MKD,North Macedonia,2019,17.0,4.625047035008969,5961.58475399191,1876262,1.531486540644346,8.693091623035492,14.44479205764553,100.0,1503.5133688566627,0.0,60.6286848102132,-18.66028708133971,0.2790517614216686,0.4469441091162257,15.833186080988648,Medium,22.828,0.341,1.704,19.761,77.172,59.796,16.354,22.828
MKD,North Macedonia,2020,20.0,4.083994388305954,5743.726494245812,1856124,1.407075526233393,8.655863493690106,14.4340010004414,100.0,1388.5464638883825,0.0,61.1593302746435,17.647058823529417,0.2790517614216686,0.4622035190857069,-11.698316635648354,Medium,27.715,0.375,2.247,23.97,72.285,49.251,21.348,27.715
MKD,North Macedonia,2021,19.5,4.155430746268332,6064.923151200224,1837114,1.424416092312773,8.710277150432288,14.42370641997454,100.0,1455.088402273882,0.0,61.6841975628139,-2.500000000000002,0.2790517614216686,0.4596602840907934,1.7491786513450736,Medium,29.837,0.904,1.808,26.221,70.163,39.602,28.029,29.837
MLI,Mali,2000,83.5,0.0688623609235515,682.4974204571296,11559290,-2.67564553581066,6.525758747501979,16.26300000063718,9.6,603.8037999957767,10.807091106766707,18.977631037325,0.0,0.4916618178880346,0.6788893352065423,0.0,High,26.415,0.0,0.0,21.698,73.585,0.0,0.0,26.415
MLI,Mali,2001,82.1,0.0699537397002289,766.9603432463066,11912158,-2.659921116823246,6.642435096309981,16.29307011719354,10.8,603.8037999957767,10.807091106766707,19.3181950112665,-1.6766467065868371,0.4916618178880346,0.6717682772207844,1.584869821540158,High,26.168,0.0,0.0,21.495,73.832,0.0,0.0,26.168
MLI,Mali,2002,83.6,0.0710527707813689,766.0736690424463,12288050,-2.644332427572829,6.641278338800855,16.32413780337173,13.0,603.8037999957767,10.807091106766707,19.6792980362731,1.8270401948842885,0.4916618178880346,0.6793979822055249,1.5710826695607416,High,26.126,0.0,0.0,21.622,73.874,0.0,0.0,26.126
MLI,Mali,2003,85.8,0.0707058085740154,814.8084665251909,12684955,-2.649227551406089,6.702953075223053,16.35592720351218,14.7,603.8037999957767,10.807091106766707,20.0594231247985,2.631578947368429,0.4916618178880346,0.6905882161831445,-0.4883162240372996,High,25.225,0.0,0.0,20.721,74.775,0.0,0.0,25.225
MLI,Mali,2004,81.5,0.0697657965035284,800.5018167062128,13102409,-2.662611410752972,6.685238801898545,16.38830666439488,16.4,603.8037999957767,10.807091106766707,20.4570532892964,-5.011655011655014,0.4916618178880346,0.6687163952268882,-1.3294693737968322,High,23.81,0.0,0.0,19.841,76.19,0.0,0.0,23.81
MLI,Mali,2005,82.3,0.0697854076555803,794.3733282113611,13538647,-2.662330350445407,6.677553537408206,16.4210588943107,18.2,603.8037999957767,10.807091106766707,20.8706715422205,0.9815950920245342,0.4916618178880346,0.6727855712187498,0.0281099808713047,High,33.557,0.0,0.0,30.201,66.443,0.0,0.0,33.557
MLI,Mali,2006,81.7,0.0811071283852147,797.1005328849508,13990139,-2.511984425481559,6.680980809963262,16.45386328226064,16.6,603.8037999957767,10.807091106766707,21.2987608960246,-0.7290400972053357,0.4916618178880346,0.6697336892248535,16.223621971962586,High,33.758,0.0,0.0,30.573,66.242,0.0,0.0,33.758
MLI,Mali,2007,78.9,0.0935206143407267,784.8939150166376,14457775,-2.369573392755997,6.665548568543967,16.48674289010285,21.7,603.8037999957767,10.807091106766707,21.7398043631622,-3.427172582619331,0.4916618178880346,0.6554915732533377,15.305049263431748,Medium,32.911,0.0,0.0,29.747,67.089,0.0,0.0,32.911
MLI,Mali,2008,75.0,0.1045126018169598,787.1565189876153,14940782,-2.258447623297993,6.668427109186638,16.51960507900326,23.4,603.8037999957767,10.807091106766707,22.1922849560871,-4.94296577946769,0.4916618178880346,0.6356543402930123,11.753544984409148,Medium,34.254,0.0,0.0,31.492,65.746,0.0,0.0,34.254
MLI,Mali,2009,78.7,0.1300440496441362,803.4867389276241,15435539,-2.039882042504588,6.688960680906493,16.5521831359436,24.0,603.8037999957767,10.807091106766707,22.6557955217884,4.933333333333345,0.4916618178880346,0.6544742792553724,24.42906155172695,Medium,46.154,0.0,0.0,42.949,53.846,0.0,0.0,46.154
MLI,Mali,2010,84.0,0.1246080481408886,821.1812865878716,15945198,-2.08258208289381,6.710743896998953,16.58466827603499,27.0,603.8037999957767,10.807091106766707,23.1359461824894,6.7344345616264345,0.4916618178880346,0.6814325702014559,-4.180123210652964,High,49.153,0.424,0.0,46.61,50.847,0.0,0.0,49.153
MLI,Mali,2011,83.6,0.1314951458338608,818.3990309955475,16469049,-2.028785341856593,6.70735003061368,16.61699335913882,28.8,603.8037999957767,10.807091106766707,23.6379674039304,-0.4761904761904856,0.4916618178880346,0.6793979822055249,5.527008725138893,High,56.481,0.926,0.0,53.241,43.519,0.0,0.0,56.481
MLI,Mali,2012,81.2,0.1339385256842987,786.3234713368529,16957033,-2.010374347845429,6.667368248910412,16.64619323198633,25.6,603.8037999957767,10.807091106766707,24.1606168848588,-2.8708133971291794,0.4916618178880346,0.66719045422994,1.8581521279310345,High,57.143,1.299,0.0,53.68,42.857,0.0,0.0,57.143
MLI,Mali,2013,84.8,0.1570023164886511,788.8194482057492,17459615,-1.851494719037894,6.670537458417737,16.6754010577317,32.4,603.8037999957767,10.807091106766707,24.7033626854883,4.433497536945796,0.4916618178880346,0.6855017461933175,17.21968394568949,High,54.091,1.364,0.0,50.455,45.909,0.0,0.0,54.091
MLI,Mali,2014,84.6,0.1615347874701301,813.9756612852041,18020267,-1.823034757223341,6.701930465414495,16.70700762690484,34.2,603.8037999957767,10.807091106766707,25.2656728660325,-0.2358490566037763,0.4916618178880346,0.6844844521953519,2.886881596939128,High,58.167,1.195,0.0,54.98,41.833,0.0,0.0,58.167
MLI,Mali,2015,81.2,0.1899207132654391,838.1198694010295,18593022,-1.661148592517895,6.731161132497181,16.7382969070025,37.6,603.8037999957767,10.807091106766707,25.847015486705,-4.018912529550822,0.4916618178880346,0.66719045422994,17.57263945424632,High,48.207,1.195,0.0,44.622,51.793,0.0,0.0,48.207
MLI,Mali,2016,77.9,0.2386238881609255,860.7530755456903,19191289,-1.432866656304123,6.757807675312093,16.7699670361293,38.8,603.8037999957767,10.807091106766707,26.4468586077195,-4.064039408866993,0.4916618178880346,0.6504051032635108,25.64395112997355,Medium,51.987,0.993,0.0,49.007,48.013,0.0,0.0,51.987
MLI,Mali,2017,77.0,0.2604904423663824,878.5613483774335,19813011,-1.345189108034223,6.778285738287891,16.80184940106728,34.8,603.8037999957767,10.807091106766707,27.0646702892896,-1.1553273427471145,0.4916618178880346,0.6458272802726663,9.163606533269776,Medium,45.64,0.872,0.0,43.023,54.36,0.0,0.0,45.64
MLI,Mali,2018,77.2,0.2828486211985796,892.9783227914181,20442030,-1.262843431878427,6.794562305992189,16.83310363343686,50.9,603.8037999957767,10.807091106766707,27.6999185916288,0.2597402597402709,0.4916618178880346,0.6468445742706318,8.583109088029506,Medium,40.166,0.831,0.0,37.673,59.834,0.0,0.0,40.166
MLI,Mali,2019,74.9,0.290188080208255,909.7510697033126,21068405,-1.237226013778607,6.813171012312751,16.86328508286752,47.9,603.8037999957767,10.807091106766707,28.3520715749509,-2.979274611398963,0.4916618178880346,0.6351456932940296,2.5948364105768507,Medium,38.32,0.787,0.0,35.958,61.68,0.0,0.0,38.32
MLI,Mali,2020,72.8,0.3151538954240973,872.3894268142935,21713836,-1.154694202559674,6.771235914600538,16.89346021901445,50.6,603.8037999957767,10.807091106766707,29.0205972994693,-2.8037383177570208,0.4916618178880346,0.6244641063153926,8.603322093011357,Medium,40.863,2.538,0.0,36.548,59.137,0.0,0.0,40.863
MLI,Mali,2021,71.2,0.3260940932964634,872.3325094198555,22388630,-1.120569309517228,6.771170669367729,16.9240637986725,53.4,603.8037999957767,10.807091106766707,29.7049638253978,-2.19780219780219,0.4916618178880346,0.6163257543316694,3.4713827216522386,Medium,39.086,3.553,0.0,33.756,60.914,0.0,0.0,39.086
MLI,Mali,2022,71.1,0.3247482732795207,877.8178424329341,23072640,-1.124704940521712,6.777439103355297,16.95415805793313,53.0,603.8037999957767,10.807091106766707,30.4015705681899,-0.1404494382022614,0.4916618178880346,0.6158171073326867,-0.4127091059325405,Medium,42.857,3.456,0.0,37.788,57.143,0.0,0.0,42.857
MMR,Myanmar,2000,80.2,0.2217225332600912,298.5904645101378,45290841,-1.506328529003781,5.699072950603688,17.62861538458057,41.9,300.3844038114108,25.6581672535108,27.5346072708149,0.0,0.4641801274776728,0.6758448294452938,0.0,High,36.667,0.0,0.0,36.667,63.333,0.0,49.804,36.667
MMR,Myanmar,2001,82.5,0.1917103264570279,328.973872713504,45771139,-1.651769762582567,5.795978333367225,17.63916429761624,43.0,293.046759841775,22.105386090291432,27.7107064116875,2.867830423940143,0.4385461620738751,0.7003606931237949,-13.535929957943216,High,38.544,0.0,0.0,38.544,61.456,0.0,50.107,38.544
MMR,Myanmar,2002,83.0,0.1913063479182127,364.8558001974765,46232653,-1.653879220032567,5.899502207570469,17.64919688129599,47.0,289.5521301883563,23.33083033273409,27.8849700456368,0.60606060606061,0.4473879662469734,0.6984830260321593,-0.2107234108256417,High,41.617,0.0,0.0,41.617,58.383,12.623,45.168,41.617
MMR,Myanmar,2003,79.9,0.2348202137381653,411.4987641275573,46667192,-1.448935105559187,6.019806016777395,17.65855194898496,45.1,309.38879084264164,26.42784390548879,28.0568026064444,-3.7349397590361377,0.4697334851888571,0.6715422095927536,22.74564659953451,High,38.376,0.0,0.0,38.376,61.624,11.624,49.446,38.376
MMR,Myanmar,2004,80.2,0.2258631264057622,463.3301357216803,47068772,-1.487826098553769,6.138439836112699,17.6671203242331,46.2,323.062853179367,29.42040945822788,28.2256085278922,0.3754693366708306,0.4913253925772644,0.662272196895498,-3.814444757464808,High,42.959,0.0,0.0,42.959,57.041,7.308,49.198,42.959
MMR,Myanmar,2005,79.6,0.2369854020053179,522.0995447918151,47438365,-1.439756734658321,6.257858268536822,17.67494184747298,47.3,328.79146873792973,28.152062459706457,28.390792243762,-0.7481296758104827,0.4821740371780911,0.6637959926011884,4.9243432412135135,High,49.834,0.0,0.0,49.834,50.166,9.801,39.867,49.834
MMR,Myanmar,2006,81.3,0.2188044461944075,586.0855799354483,47785135,-1.519576887825385,6.373465819759561,17.68222516583276,48.4,330.71253669158625,28.50217795014201,28.5517581878355,2.135678391959805,0.484700184429172,0.671179917958354,-7.671761913209496,High,53.883,0.0,0.0,53.883,46.117,12.783,32.848,53.883
MMR,Myanmar,2007,80.5,0.2269878491329348,651.7297308991976,48125043,-1.482858790982157,6.479629952827437,17.68931324407832,49.5,340.45919807987497,30.32979072495075,28.7079107938945,-0.9840098400983988,0.4978867446164405,0.6605174618728581,3.7400533128364,High,56.562,0.0,0.0,56.562,43.438,13.438,29.531,56.562
MMR,Myanmar,2008,85.6,0.1727663359432857,714.6204190271294,48390793,-1.755815256734139,6.571751519246471,17.69482012631863,50.6,326.2475856269291,27.23014311467968,28.8586544957208,6.3354037267080665,0.4755222206124759,0.6976407208229585,-23.887407804765104,High,61.48,0.0,0.0,61.48,38.52,9.215,28.701,61.48
MMR,Myanmar,2009,85.8,0.1600621975226333,785.6348531686583,48660459,-1.832192804769539,6.666492121087545,17.70037732807418,51.8,307.3470046181953,22.28302227375266,29.0033937270962,0.233644859813098,0.4398278396025809,0.7165052053258713,-7.353364503153448,High,75.466,0.0,0.0,75.466,24.534,6.743,17.36,75.466
MMR,Myanmar,2010,84.6,0.1760838107046408,854.9324780277487,49024382,-1.736795200104424,6.751022492751263,17.70782832415387,48.8,294.98875373894373,20.57704881614548,29.1415329218024,-1.3986013986014068,0.4275189293198905,0.716555896479424,10.009617155069982,High,71.81,0.0,0.0,71.81,28.19,7.425,20.418,71.81
MMR,Myanmar,2011,83.8,0.1856036707539606,895.5125387626313,49419820,-1.68414168105643,6.79739622337106,17.715862116268,54.1,296.5034674128275,20.410726775311065,29.2724765136213,-0.9456264775413724,0.4263188853980253,0.713086742448495,5.4064368616421055,High,72.1,0.0,0.0,72.1,27.9,7.191,20.326,72.1
MMR,Myanmar,2012,78.1,0.2519731849822321,953.1230819364848,49837446,-1.378432605933198,6.859744047399244,17.72427718714972,55.3,320.1652738615157,26.423972091518884,29.3956289363345,-6.801909307875897,0.4697055493434462,0.6624005315337702,35.75872931751014,High,71.326,0.0,0.0,69.624,28.674,6.9,21.326,71.326
MMR,Myanmar,2013,75.6,0.2829257457892497,1024.690604746582,50262658,-1.262570798137318,6.932145996979196,17.73277297367937,56.5,333.6257424948199,30.4422409824502,29.5103946237239,-3.201024327784896,0.4986980937758627,0.6351880843429943,12.284069358094696,Medium,72.552,0.08,0.0,70.787,27.448,4.575,22.392,72.552
MMR,Myanmar,2014,72.0,0.3500735591910869,1099.243877516049,50681634,-1.049611977463722,7.00237783835339,17.74107415441286,52.0,361.8865225737473,46.62739690506898,29.6164342116462,-4.761904761904756,0.6154769517789062,0.5584873633780952,23.733369762628563,Medium,62.96,0.069,0.0,61.362,37.04,2.015,34.607,62.96
MMR,Myanmar,2015,70.0,0.3863958652906016,1166.733055479355,51089056,-0.950892877294707,7.061962861886975,17.74908086393917,60.5,369.6625797600194,44.63430816674108,29.7166821191682,-2.777777777777779,0.6010964522722322,0.5555046731517781,10.375621107587918,Medium,59.506,0.185,0.0,58.025,40.494,1.728,38.457,59.506
MMR,Myanmar,2016,68.8,0.4462625381352259,1225.379139726678,51495696,-0.8068478496214214,7.111005576910716,17.75700878932603,55.6,396.4658427615465,0.0,29.8129165582094,-1.7142857142857235,0.2790517614216686,0.7104232545892675,15.49361114400114,High,55.188,0.276,0.0,53.753,44.812,0.055,44.426,55.188
MMR,Myanmar,2017,59.5,0.6504276004723236,1290.564090274579,51894938,-0.4301252854983651,7.162834681059613,17.76473180966071,69.8,445.12653045661216,0.0,29.9051727703437,-13.517441860465118,0.2790517614216686,0.6631190836838758,45.74998905133998,High,53.327,0.285,0.0,51.949,46.673,6.702,39.639,53.327
MMR,Myanmar,2018,59.4,0.6412331958869112,1361.568312659854,52272247,-0.4443620880851041,7.216392485412479,17.77197613809496,66.1,439.2935215330384,0.0,29.993574050729,-0.1680672268907557,0.2790517614216686,0.6626104366848931,-1.4135938540639548,High,58.179,0.323,0.0,56.701,41.821,7.116,34.335,58.179
MMR,Myanmar,2019,58.5,0.6533175187045813,1440.98988238708,52640713,-0.4256920217830717,7.273085574730653,17.77900038972243,68.3,417.7727485363923,0.0,30.0782436945232,-1.5151515151515138,0.2790517614216686,0.6580326136940488,1.8845441713222444,Medium,56.263,0.466,0.0,54.451,43.737,11.698,31.47,56.263
MMR,Myanmar,2020,59.2,0.6548637800118235,1301.313863524501,53016522,-0.4233280344231271,7.171129697321983,17.78611415878593,70.4,424.4306918776075,0.0,30.1593049968842,1.1965811965811923,0.2790517614216686,0.6615931426869277,0.236678378119759,High,48.669,0.426,0.0,46.858,51.331,13.099,37.22,48.669
MMR,Myanmar,2021,62.9,0.5963556515953985,1136.995660556978,53387102,-0.5169180590250894,7.036144677170673,17.79307973917548,72.5,391.9643053316042,0.0,30.2368812529698,6.25,0.2790517614216686,0.6804130816492878,-8.934396771091645,High,49.349,0.45,0.0,47.598,50.651,10.611,39.439,49.349
MNG,Mongolia,2000,5.7,3.785330061269548,1598.312820406055,2388299,1.331133085536522,7.376703864618827,14.68609195503682,67.3,1002.477140585714,94.0201216987046,56.7305447074496,0.0,0.9574241227245291,0.0502808175797496,0.0,Low,0.0,0.0,0.0,0.0,100.0,98.276,0.0,0.0
MNG,Mongolia,2001,6.1,3.72755507080754,1625.461522594845,2417751,1.315752541741459,7.393547068344043,14.69834832718682,71.7,997.6350154635984,93.2177937675132,57.2155913875612,7.017543859649122,0.9516351800664272,0.0552098769047314,-1.5262867313248552,Low,0.0,0.0,0.0,0.0,100.0,97.98,0.0,0.0
MNG,Mongolia,2002,6.5,3.943606991674653,1680.653353375546,2449027,1.372095784633967,7.426937897613759,14.71120136078166,72.8,1054.5090998526516,93.1040158224263,58.1310120482033,6.557377049180335,0.9508142513984116,0.05765492923467,5.796075893261254,Low,0.0,0.0,0.0,0.0,100.0,97.735,0.0,0.0
MNG,Mongolia,2003,6.1,3.774632373988762,1775.649066761373,2480374,1.328302993584984,7.481921306482876,14.72391991322263,76.3,1016.8967753070262,92.89495951819389,59.3546986563236,-6.153846153846154,0.9493058719559572,0.0563745309599665,-4.284773255616314,Low,0.0,0.0,0.0,0.0,100.0,97.749,0.0,0.0
MNG,Mongolia,2004,5.8,3.817953350566015,1942.362636940174,2508412,1.339714506938188,7.571660365167496,14.73516044156557,74.8,1035.4668499652648,93.10360261524312,60.7829994587671,-4.91803278688524,0.9508112700330668,0.0540958909244635,1.1476873052798542,Low,0.0,0.0,0.0,0.0,100.0,97.256,0.0,0.0
MNG,Mongolia,2005,5.3,4.387742188063666,2060.261682231712,2536407,1.478814786827215,7.630588283925541,14.74625907062127,86.2,1179.7903826463814,94.01126610103042,62.3122627023789,-8.62068965517241,0.9573602279688488,0.048278176961659,14.92393398188534,Low,0.0,0.0,0.0,0.0,100.0,97.353,0.0,0.0
MNG,Mongolia,2006,4.5,4.953863557040288,2209.743217876278,2567168,1.600167788709739,7.700631596754891,14.75831390375775,77.0,1330.2855127359487,94.31389096249718,63.8388366340039,-15.094339622641506,0.9595437216524672,0.0431172541279882,12.902338941350934,Low,0.0,0.0,0.0,0.0,100.0,97.167,0.0,0.0
MNG,Mongolia,2007,4.7,5.077310375309875,2403.724162586616,2601850,1.624781667701141,7.784774548051301,14.77173328842977,78.1,1370.9094435288043,94.58525061504209,65.2590695004873,4.444444444444451,0.9615016311396418,0.0431555933823662,2.491930123794961,Low,0.0,0.0,0.0,0.0,100.0,95.687,0.0,0.0
MNG,Mongolia,2008,4.7,4.996214816807348,2576.712958386066,2643201,1.608680589098631,7.854269818490423,14.78750124063802,79.2,1354.8481371959303,94.59928487144272,66.4693095486742,0.0,0.9616028908644924,0.043104963519941,-1.5972149131729618,Low,0.25,0.25,0.0,0.0,99.75,95.75,0.0,0.25
MNG,Mongolia,2009,4.4,5.17581002669897,2498.729674932535,2691115,1.643995853800728,7.823537751687494,14.80546616383866,80.3,1382.9837873961872,94.84230630137888,67.3659050254095,-6.382978723404253,0.9633563348964124,0.0407023005070329,3.594625461008216,Low,0.743,0.248,0.0,0.495,99.257,95.545,0.0,0.743
MNG,Mongolia,2010,4.5,5.44277377454793,2611.673265639236,2738622,1.694288815947844,7.867746392847308,14.82296543214969,78.5,1439.5874670152252,94.84662944070008,67.8298018313254,2.2727272727272707,0.9633875271367178,0.0411953513858628,5.157912413165278,Low,1.157,0.231,0.0,0.926,98.843,94.676,0.0,1.157
MNG,Mongolia,2011,4.0,5.827046958404231,3010.816426726228,2786317,1.762510346890132,8.00996655907954,14.84023121005079,72.1,1548.68712928586,95.217059061471,67.9196058798676,-11.111111111111116,0.9660602445508066,0.0373157576839049,7.06024537806953,Low,1.322,0.22,0.0,1.101,98.678,93.392,0.0,1.322
MNG,Mongolia,2012,3.0,6.218779767616708,3318.164965970892,2839705,1.827573708665745,8.107167188010816,14.85921073150275,83.7,1579.8858221124974,95.92483339703946,67.9522782537785,-25.0,0.9711669657357438,0.0296759271016092,6.722664361705344,Low,1.247,0.208,0.0,1.04,98.753,93.555,0.0,1.247
MNG,Mongolia,2013,3.0,6.615738953732841,3628.907080695749,2899011,1.889451500131106,8.196686802227163,14.87988020230846,81.2,1770.468356900912,94.98170754797604,67.9776750055915,0.0,0.9643621403677743,0.033078339785594,6.383232739374911,Low,2.39,0.199,0.996,1.195,97.61,92.231,0.0,2.39
MNG,Mongolia,2014,3.3,6.591142491022111,3830.358920495928,2963113,1.885726700866194,8.25071379070713,14.90175096285179,86.0,1783.416785955662,94.79293667796446,67.9941357229626,9.999999999999986,0.9630001240406172,0.0352852889461207,-0.3717870805173162,Low,3.903,0.186,2.416,1.301,96.097,91.636,0.0,3.903
MNG,Mongolia,2015,3.5,5.955305557170722,3838.921269899843,3026864,1.784282512518727,8.252946686819639,14.92303765802194,88.0,1535.5238046449526,98.55606067987182,67.9999999906095,6.060606060606055,0.9901517514680952,0.0227267692303471,-9.646839447295685,Low,3.993,0.181,2.722,1.089,96.007,91.833,0.0,3.993
MNG,Mongolia,2016,3.4,6.188957983149749,3817.919627167019,3088856,1.822766733777926,8.247460953034,14.94331135378595,90.8,1606.450788319462,0.0,67.9776754820979,-2.857142857142858,0.2790517614216686,0.3777681172545777,3.923433041948443,Medium,4.409,0.176,2.646,1.587,95.591,92.24,0.0,4.409
MNG,Mongolia,2017,1.8,6.692872501879217,3956.204943713404,3148917,1.901043154464361,8.283040497192793,14.96256914216196,93.6,1622.1014421520351,0.0,67.9260583223672,-47.05882352941176,0.2790517614216686,0.3696297652708544,8.142154464474327,Medium,4.146,0.498,2.322,1.327,95.854,91.211,0.0,4.146
MNG,Mongolia,2018,2.1,7.155656976568401,4183.85566447661,3208189,1.967903229417673,8.338988508131704,14.98121716144508,98.1,1785.1115553245804,0.0,67.8683444833372,16.666666666666675,0.2790517614216686,0.3711557062678025,6.9145867422283125,Medium,6.697,0.913,4.566,1.218,93.303,88.737,0.0,6.697
MNG,Mongolia,2019,2.3,7.753376791374167,4337.816708543201,3267673,2.048128463485054,8.375126437968385,14.99958866875606,98.9,2035.62678478453,0.0,67.8277299551557,9.523809523809511,0.2790517614216686,0.3721730002657679,8.353108830720002,Medium,9.942,1.729,6.916,1.297,90.058,84.726,0.0,9.942
MNG,Mongolia,2020,2.9,6.767093331217442,4066.034108827912,3327204,1.912071649266319,8.310423382945018,15.01764286962219,99.5,1793.2731083101337,0.0,68.0894771770775,26.086956521739136,0.2790517614216686,0.3752248822596642,-12.720695597484587,Medium,10.241,1.807,7.229,1.205,89.759,84.488,0.0,10.241
MNG,Mongolia,2021,3.0,7.35537974094353,4063.536698492454,3383741,1.995431983032435,8.309808981404466,15.03449246013615,100.0,1944.5266435799017,0.0,69.2153244018555,3.4482758620689724,0.2790517614216686,0.3757335292586469,8.693339679715217,Medium,11.156,2.285,7.796,1.075,88.844,84.274,0.0,11.156
MOZ,Mozambique,2000,93.6,0.0866536165915585,287.3906303444837,18129653,-2.445836525762401,5.660842371667709,16.71305944300016,6.1,396.0280409206194,6.731142508133452,29.2423697311441,0.0,0.3276181848107106,0.8122844986424574,0.0,High,99.896,0.0,0.0,99.896,0.104,0.0,0.0,99.896
MOZ,Mozambique,2001,93.0,0.1023102668077627,317.1857035810339,18537729,-2.279745251258087,5.75948741806728,16.73531861868985,5.7,407.1455688028809,6.5583099597785,29.4137097764239,-0.6410256410256387,0.3263711663872155,0.8098561258603088,18.068086286578968,High,99.66,0.0,0.0,99.66,0.34,0.0,0.0,99.66
MOZ,Mozambique,2002,93.2,0.1048245895816395,340.13537022259,18958338,-2.255466901204719,5.829343686083938,16.75775439272109,8.4,409.4550471013018,5.9111349017241865,29.5686323334348,0.2150537634408644,0.3217016800647503,0.8132081630195069,2.457546883932116,High,99.762,0.0,0.0,99.762,0.238,0.0,0.0,99.762
MOZ,Mozambique,2003,92.7,0.1302360838417995,356.5211574041249,19392475,-2.038406445962234,5.876393585650506,16.78039566218815,8.1,421.13047483755736,6.758663790410674,29.7146340268639,-0.5364806866952843,0.3278167558921682,0.8076073901108844,24.24192106220364,High,99.722,0.0,0.0,99.722,0.278,0.0,0.0,99.722
MOZ,Mozambique,2004,92.9,0.1401338779282363,377.0649580848778,19840313,-1.965157042392612,5.932417475218029,16.80322643590624,10.7,426.3789455303513,6.6386494310833415,29.8592114813982,0.2157497303128419,0.3269508303556322,0.8090576468771178,7.599886140971401,High,99.569,0.0,0.0,99.569,0.431,0.0,0.086,99.569
MOZ,Mozambique,2005,93.7,0.1312906469474925,391.6997581639765,20304569,-2.030341734426258,5.970495623270462,16.82635649257831,11.8,424.4912782265056,5.91919415182953,30.0098613217248,0.8611410118406937,0.3217598290271799,0.8157223235332056,-6.310558953683199,High,99.848,0.0,0.0,99.848,0.152,0.0,0.076,99.848
MOZ,Mozambique,2006,93.1,0.1360027020621023,420.5264627647259,20787087,-1.995080525339759,6.041507409096922,16.84984253457699,13.0,428.6925219201248,6.139507351707359,30.1740801725307,-0.6403415154749292,0.3233494290290418,0.8118756415383783,3.589025741105756,High,99.863,0.0,0.0,99.863,0.137,0.0,0.069,99.863
MOZ,Mozambique,2007,87.5,0.1523889337636614,442.0495740577508,21287635,-1.881319251465384,6.091422034290102,16.87363694568283,12.4,338.46619131779926,9.291569067674248,30.3598131347122,-6.015037593984962,0.3460921303848757,0.77202005891743,12.048460400497564,High,99.937,0.0,0.0,99.937,0.063,0.0,0.063,99.937
MOZ,Mozambique,2008,88.1,0.144341849016611,460.9472948567904,21819036,-1.935570841273107,6.133283708601263,16.89829335774155,13.6,338.6616641690137,8.816052304330528,30.5625357695184,0.6857142857142895,0.3426611900312534,0.7767874110881372,-5.2806227777212005,High,99.933,0.0,0.0,99.933,0.067,0.0,0.067,99.933
MOZ,Mozambique,2009,86.1,0.1519756499549276,475.7881780511934,22391745,-1.884034968633827,6.164972751093583,16.92420292211687,15.0,358.8798598520379,9.176629257926011,30.7715592059159,-2.2701475595913734,0.3452628186509846,0.7653136567986175,5.28869554486453,High,99.94,0.0,0.0,99.94,0.06,0.0,0.06,99.94
MOZ,Mozambique,2010,84.9,0.1567704317121852,494.1628590747853,22999235,-1.852972762112128,6.202865137097766,16.9509715124707,18.9,317.8812306839097,10.84549685264178,30.9861779822921,-1.3937282229965042,0.3573040033513949,0.7531893004606199,3.154967100768835,High,99.88,0.0,0.0,99.88,0.12,0.0,0.12,99.88
MOZ,Mozambique,2011,85.4,0.1796648058299536,514.8699571919941,23649039,-1.716662353956554,6.243914358470833,16.97883303782715,20.2,370.87053828392015,10.668437010672092,31.2062230032794,0.5889281507656108,0.3560264842318835,0.7563712950152892,14.603757779911051,High,99.337,0.0,0.0,99.337,0.663,0.0,0.663,99.337
MOZ,Mozambique,2012,84.5,0.1931929390957606,540.2945177803002,24337846,-1.644065904994974,6.292114394176851,17.00754314530524,21.2,364.82866956700434,9.830294478038956,31.4315251735105,-1.053864168618268,0.3499791326788538,0.7548171478009597,7.5296512320898845,High,99.265,0.0,0.0,99.265,0.735,0.0,0.735,99.265
MOZ,Mozambique,2013,83.1,0.2042742879889042,559.3939536856878,25051611,-1.58829163926925,6.326853972138991,17.03644869480451,22.4,380.5852799712645,10.41226589241454,31.6619153976179,-1.6568047337278125,0.3541781627954695,0.745596574756894,5.73589746344243,High,98.588,0.0,0.0,98.588,1.412,0.0,1.412,98.588
MOZ,Mozambique,2014,81.2,0.2245499200708844,585.2667161339837,25788475,-1.493657235400872,6.372067668344983,17.0654382446629,24.8,383.3263401111656,14.854773116975128,31.8972245802342,-2.2864019253910794,0.3862316643394023,0.7199055310042561,9.925689758410282,High,98.659,0.0,0.0,98.659,1.341,0.0,1.28,98.659
MOZ,Mozambique,2015,80.1,0.2432689512999532,610.5637747065892,26547572,-1.413587652215075,6.414382751168729,17.09444885137625,24.0,385.15286489005473,23.683657513401908,32.1372836259918,-1.3546798029556717,0.4499336788386723,0.6824594067658114,8.336244886286192,High,92.982,0.0,0.0,92.982,7.018,0.0,6.91,92.982
MOZ,Mozambique,2016,77.4,0.3047835533426089,620.7797149545554,27337105,-1.188153415475185,6.430976292682048,17.12375549484585,26.2,380.8117019423564,0.0,32.3819234395234,-3.3707865168539186,0.2790517614216686,0.7541668965017803,25.28666388124785,High,82.715,0.0,0.0,82.715,17.285,0.0,15.005,82.715
MOZ,Mozambique,2017,78.2,0.2951105595949045,618.3976943603338,28166393,-1.220405214566346,6.427131768870941,17.15364008763576,24.3,371.74590930628926,0.0,32.6274411492675,1.033591731266137,0.2790517614216686,0.7582360724936419,-3.1737256297523886,High,80.499,0.0,0.0,79.705,19.501,0.0,15.816,80.499
MOZ,Mozambique,2018,79.0,0.277593949600126,621.1537341947873,29018644,-1.281595845975606,6.431578610385618,17.18344907793301,31.1,366.2480369721101,0.0,32.9902559073541,1.0230179028132946,0.2790517614216686,0.7623052484855035,-5.935609359022386,High,81.797,0.0,0.0,81.097,18.203,0.0,16.744,81.797
MOZ,Mozambique,2019,77.5,0.2887561997270815,617.1393200019503,29884380,-1.242172546460331,6.425094800688096,17.21284649383154,29.7,359.758855458728,0.0,33.4177241517032,-1.898734177215189,0.2790517614216686,0.7546755435007628,4.021071115935593,High,79.358,0.158,0.0,78.62,20.642,0.0,19.905,79.358
MOZ,Mozambique,2020,80.2,0.2583641050416052,591.8040599859323,30783688,-1.353385429100597,6.383175600344625,17.24249549726107,30.6,342.9518586334035,0.0,33.9044006416285,3.483870967741942,0.2790517614216686,0.768409012473296,-10.525174771728352,High,83.491,0.368,0.0,82.545,16.509,0.0,15.773,83.491
MOZ,Mozambique,2021,76.9,0.2883801462100808,588.2158546954162,31707800,-1.243475717098838,6.37709398035611,17.27207326536284,31.5,353.11345315588915,0.0,34.4499259401554,-4.1147132169576,0.2790517614216686,0.7516236615068667,11.617728849617892,High,82.98,0.371,0.0,82.025,17.02,0.0,16.119,82.98
MRT,Mauritania,2000,44.4,0.4049067876412745,1304.644390671789,2613441,-0.9040983923372496,7.173685785053075,14.77617830178942,19.1,603.8037999957767,10.807091106766707,38.0555858542174,0.0,0.4916618178880346,0.4800083586043042,0.0,Medium,7.143,0.0,0.0,7.143,92.857,0.0,0.0,7.143
MRT,Mauritania,2001,44.2,0.4369559049709568,1262.655672886389,2678760,-0.8279229929343143,7.140972458804592,14.80086455884742,22.2,603.8037999957767,10.807091106766707,38.1070763150421,-0.4504504504504458,0.4916618178880346,0.4789910646063388,7.915184014666621,Medium,6.383,0.0,0.0,6.383,93.617,0.0,0.0,6.383
MRT,Mauritania,2002,42.1,0.4745760236320384,1252.10300454131,2738655,-0.7453334553631421,7.13257982027374,14.82297748193282,21.7,603.8037999957767,10.807091106766707,38.3900378438208,-4.751131221719462,0.4916618178880346,0.468309477627702,8.609591547591533,Medium,5.66,0.0,0.0,5.66,94.34,0.0,0.0,5.66
MRT,Mauritania,2003,40.2,0.4864302727364219,1308.563075825783,2802046,-0.7206617119107753,7.176684925489923,14.84586042258944,23.0,603.8037999957767,10.807091106766707,38.8866922319919,-4.51306413301662,0.4916618178880346,0.4586451846470305,2.497860935674812,Medium,8.0,0.0,0.0,8.0,92.0,0.0,0.0,8.0
MRT,Mauritania,2004,38.6,0.5182551877807927,1338.667681228043,2868664,-0.6572875175266869,7.199430130592642,14.86935697412813,24.3,603.8037999957767,10.807091106766707,39.5685575664461,-3.9800995024875663,0.4916618178880346,0.4505068326633072,6.542544086604485,Medium,7.407,0.0,0.0,7.407,92.593,0.0,0.0,7.407
MRT,Mauritania,2005,38.8,0.5233988157434063,1418.53202144135,2939059,-0.6474115515111077,7.257377828150863,14.89360002005495,18.2,603.8037999957767,10.807091106766707,40.407151934074,0.5181347150258864,0.4916618178880346,0.4515241266612726,0.9924894306681198,Medium,9.434,0.0,0.0,9.434,90.566,0.0,0.0,9.434
MRT,Mauritania,2006,39.1,0.5609126444257149,1637.041912558031,3013660,-0.5781900996202888,7.400646180316456,14.91866584490427,27.0,603.8037999957767,10.807091106766707,41.3739934217664,0.7731958762886793,0.4916618178880346,0.4530500676582207,7.167350699681285,Medium,8.065,0.0,0.0,8.065,91.935,0.0,0.0,8.065
MRT,Mauritania,2007,35.6,0.6080711683805579,1563.606287651915,3093059,-0.4974633506086715,7.354750155176968,14.94467112681667,33.0,603.8037999957767,10.807091106766707,42.4406001164139,-8.951406649616366,0.4916618178880346,0.4352474226938261,8.407463162668716,Medium,7.813,0.0,0.0,7.813,92.188,0.0,0.0,7.813
MRT,Mauritania,2008,35.8,0.6605787949431857,1514.265501362902,3183269,-0.4146388662330764,7.322685782799184,14.97341921416051,30.0,603.8037999957767,10.807091106766707,43.5784901049073,0.561797752808979,0.4916618178880346,0.4362647166917914,8.635112021914892,Medium,8.333,0.0,0.0,8.333,91.667,0.0,0.0,8.333
MRT,Mauritania,2009,33.4,0.6385547891152485,1469.054268808128,3284448,-0.448547798083262,7.292374118179143,15.00470915925145,31.1,603.8037999957767,10.807091106766707,44.7591814741371,-6.703910614525133,0.4916618178880346,0.4240571887162065,-3.334046747569519,Medium,14.286,0.0,0.0,14.286,85.714,0.0,0.0,14.286
MRT,Mauritania,2010,34.0,0.6213275571997942,1460.191796528735,3390965,-0.4758968688001842,7.286323073559864,15.0366250996154,34.2,603.8037999957767,10.807091106766707,45.9541923109942,1.7964071856287456,0.4916618178880346,0.4271090707101028,-2.697847108675455,Medium,14.118,0.0,0.0,14.118,85.882,0.0,0.0,14.118
MRT,Mauritania,2011,33.3,0.6466235260766282,1472.552455722291,3502811,-0.435991030070871,7.29475253847174,15.06907634697014,35.3,603.8037999957767,10.807091106766707,47.1350407023691,-2.0588235294117685,0.4916618178880346,0.4235485417172238,4.071277474129453,Medium,14.943,0.0,0.0,14.943,85.057,0.0,0.0,14.943
MRT,Mauritania,2012,31.9,0.6981144692202393,1488.971775572145,3619034,-0.3593721936481066,7.305841077213653,15.10171769736221,36.4,603.8037999957767,10.807091106766707,48.2732447351525,-4.204204204204198,0.4916618178880346,0.4164274837314659,7.963048213855006,Medium,14.583,0.0,0.0,14.583,85.417,0.0,0.0,14.583
MRT,Mauritania,2013,35.1,0.6200061162439835,1502.90142381083,3734318,-0.4780259360820069,7.315152801315227,15.1330757628213,37.6,603.8037999957767,10.807091106766707,49.3553973225913,10.031347962382451,0.4916618178880346,0.4327041876989125,-11.188473584210213,Medium,21.429,3.061,1.02,17.347,78.571,0.0,0.0,21.429
MRT,Mauritania,2014,31.0,0.6970742473588507,1520.646216349017,3848514,-0.3608633497071774,7.326890665827805,15.16319765773085,38.8,603.8037999957767,10.807091106766707,50.4694791226856,-11.680911680911688,0.4916618178880346,0.4118496607406215,12.43022110519625,Medium,21.359,2.913,0.971,17.476,78.641,0.0,0.0,21.359
MRT,Mauritania,2015,28.3,0.695166036764374,1554.948978717825,3965959,-0.3636045601305971,7.349198012961099,15.19325825013653,39.5,603.8037999957767,10.807091106766707,51.6680350049622,-8.709677419354833,0.4916618178880346,0.3981161917680885,-0.2737456736791932,Medium,27.586,2.586,8.621,16.379,72.414,0.0,0.0,27.586
MRT,Mauritania,2016,31.7,0.6422608993120783,1528.051522993754,4086657,-0.4427606726229796,7.331748688394734,15.22323783438545,41.2,603.8037999957767,10.807091106766707,52.9185627319946,12.014134275618373,0.4916618178880346,0.4154101897335005,-7.610431847122578,Medium,25.0,5.172,8.621,11.207,75.0,0.0,0.0,25.0
MRT,Mauritania,2017,25.5,0.9046216691207905,1576.068578251617,4210600,-0.1002384678578509,7.362688783590158,15.25311571331859,42.9,603.8037999957767,10.807091106766707,54.1970448502004,-19.558359621451103,0.4916618178880346,0.3838740757965727,40.84956286296195,Medium,24.444,4.444,7.407,12.593,75.556,0.0,0.0,24.444
MRT,Mauritania,2018,21.6,1.022550046856791,1602.902256490725,4337685,0.0222995533182377,7.379571175385991,15.28285135362454,43.6,603.8037999957767,10.807091106766707,55.1305077000081,-15.294117647058814,0.4916618178880346,0.3640368428362472,13.036209695332213,Medium,30.137,10.274,6.849,13.014,69.863,0.0,0.0,30.137
MRT,Mauritania,2019,21.2,1.004139035048844,1605.135235974202,4467708,0.004130492806258,7.380963291188468,15.3123860834098,44.9,603.8037999957767,10.807091106766707,56.0596215779146,-1.85185185185186,0.4916618178880346,0.3620022548403164,-1.80049982536703,Medium,29.936,9.554,7.643,12.739,70.064,0.0,0.0,29.936
MRT,Mauritania,2020,20.9,1.007666955571483,1553.306155865908,4600131,0.0076377138359011,7.348140942074857,15.3415953393147,45.4,603.8037999957767,10.807091106766707,56.9836701058893,-1.4150943396226467,0.4916618178880346,0.3604763138433683,0.3513378525781041,Medium,28.834,8.589,7.362,12.883,71.166,0.0,0.0,28.834
MRT,Mauritania,2021,22.1,0.931619299689918,1520.3111804259,4734874,-0.0708310244734458,7.326670316851638,15.37046567389979,47.7,603.8037999957767,10.807091106766707,57.901535141641,5.741626794258381,0.4916618178880346,0.3665800778311607,-7.546903811928207,Medium,28.481,8.861,6.329,13.291,71.519,0.0,0.0,28.481
MRT,Mauritania,2022,19.6,1.030901193013344,1576.75624107308,4875637,0.0304333643737215,7.363125003724023,15.39976132054461,49.0,603.8037999957767,10.807091106766707,58.8120996197226,-11.31221719457014,0.4916618178880346,0.3538639028565931,10.65691676379734,Medium,27.439,8.537,6.098,12.805,72.561,0.0,0.0,27.439
MUS,Mauritius,2000,20.4,2.05860273171603,5744.19830169899,1186873,0.7220274670870137,8.655945633408432,13.98683267544985,99.0,851.2436821246419,73.86118970212677,42.063123063288,0.0,0.8119737440950925,0.1977771157449258,0.0,Low,29.379,0.0,0.0,5.085,70.621,20.339,0.0,29.379
MUS,Mauritius,2001,20.1,2.159682417346339,5889.771385462691,1196287,0.7699611818799253,8.680972461879223,13.99473315126053,99.2,886.7921614635118,73.52558478025838,41.8827214180181,-1.470588235294101,0.8095522932481951,0.1974619001714263,4.910111313514576,Low,28.646,0.0,0.0,3.646,71.354,24.479,0.0,28.646
MUS,Mauritius,2002,17.9,2.18923628261503,5943.480812477674,1204621,0.7835527536086425,8.690050236095063,14.00167555261264,99.4,873.2217131671871,75.41839385118304,41.6986829938864,-10.945273631840813,0.8232092566273048,0.1794431845042519,1.368435702921755,Low,27.551,0.0,0.0,4.592,72.449,26.02,0.0,27.551
MUS,Mauritius,2003,18.9,2.275892761482483,6250.263705132897,1213370,0.8223723980549541,8.740378934661619,14.00891217026842,99.1,909.0895641022772,75.83916377021743,41.5127065251754,5.586592178770955,0.8262451884936267,0.183011688560918,3.9582972178746623,Low,27.273,0.0,0.0,5.742,72.727,23.923,0.0,27.273
MUS,Mauritius,2004,19.1,2.280829776831015,6480.136485072584,1221003,0.8245393139638532,8.77649685163571,14.01518321009228,99.0,919.8380836996224,75.46051908215023,41.3265540022042,1.0582010582010692,0.823513197867598,0.1853949778718978,0.2169265367897077,Low,27.315,0.0,0.0,5.556,72.685,21.759,0.0,27.315
MUS,Mauritius,2005,17.6,2.425638345163134,6556.38819193225,1228254,0.8860947248679798,8.788195149814902,14.02110420669158,99.0,945.7547203166852,77.39566882286263,41.1419874152917,-7.853403141361259,0.8374756569174653,0.1707840433622236,6.348942380667966,Low,24.779,0.0,0.0,4.867,75.221,26.991,0.0,24.779
MUS,Mauritius,2006,16.4,2.692310185770456,6843.399777349881,1233996,0.9903996301707604,8.83103993060361,14.02576824195113,99.0,1006.0206291682388,79.54170861166583,40.9607687547567,-6.818181818181834,0.8529597262068626,0.1569382447297325,10.993882956174472,Low,22.458,0.0,0.0,3.39,77.542,33.898,0.0,22.458
MUS,Mauritius,2007,15.7,2.754289586408848,7202.438538994887,1239630,1.013159545979933,8.882174933634511,14.03032350595816,99.0,1007.5946987516515,80.3241122707703,40.7846600109183,-4.2682926829268215,0.8586049116004699,0.1505551230400498,2.3020898916465526,Low,22.358,0.0,0.0,3.252,77.642,40.244,0.0,22.358
MUS,Mauritius,2008,12.7,2.803505446817472,7563.03143738425,1244121,1.030870579443078,8.931027372582053,14.03393981443217,99.0,1026.7070929305671,79.4250364846658,40.6154231740954,-19.108280254777064,0.8521179154873991,0.1385392111271041,1.7868803865606964,Low,23.438,0.0,0.0,4.297,76.562,44.141,0.0,23.438
MUS,Mauritius,2009,12.8,2.756229011831535,7793.030821458805,1247429,1.013863445429028,8.960985128854192,14.0365951911605,99.0,999.5144810445164,81.04460029117492,40.4548202346069,0.7874015748031704,0.8638033643450704,0.1332051336972511,-1.6863329100931357,Low,23.735,0.0,0.0,4.669,76.265,39.3,0.0,23.735
MUS,Mauritius,2010,12.8,2.939619321817019,8114.820560380029,1250400,1.07828009059186,9.00144736761303,14.0389740580894,99.4,1050.7576717516074,81.865719929465,40.3046131827718,0.0,0.8697278926042873,0.1302428695676427,6.65366735486248,Low,24.164,0.0,0.0,3.717,75.836,38.662,0.0,24.164
MUS,Mauritius,2011,12.0,2.919585054024101,8432.19129317694,1252404,1.071441501396082,9.039811957096024,14.04057546229706,99.6,1053.558014290085,82.43594266888579,40.1665923228716,-6.25,0.8738421538839001,0.1241165629359746,-0.6815259256268136,Low,19.78,0.0,0.0,1.832,80.22,40.659,0.0,19.78
MUS,Mauritius,2012,11.4,2.980932922042039,8702.82242878289,1255882,1.092236312611848,9.071402669132308,14.04334867255221,99.4,1066.254249556949,83.27225206456642,40.0369511615085,-4.999999999999993,0.879876279018791,0.118047618374633,2.101252982281898,Low,20.43,0.0,0.0,2.509,79.57,41.219,0.0,20.43
MUS,Mauritius,2013,11.4,3.063879001721308,8973.515500995332,1258927,1.119681760798748,9.102032795886943,14.04577032881962,99.4,1085.5501957803986,84.47094738019358,39.9108848558771,0.0,0.8885250847962448,0.113723215485906,2.7825543830905186,Low,20.28,0.0,0.0,3.147,79.72,42.308,0.0,20.28
MUS,Mauritius,2014,10.6,3.164030041040019,9300.078786385826,1261208,1.151846544500036,9.137778150759852,14.04758054979816,99.5,1104.475355152552,85.0556234220937,39.7887571971735,-7.017543859649134,0.8927436292947514,0.1075447672447911,3.2687661380376154,Low,20.408,1.02,0.0,3.061,79.592,42.857,0.0,20.408
MUS,Mauritius,2015,11.5,3.160001868745937,9630.543783750698,1262879,1.150572618973942,9.172694970877131,14.04890459310104,99.6,1136.1491914984572,83.34124636358959,39.6709610617726,8.490566037735858,0.8803740854957359,0.1183073621351432,-0.127311442743383,Low,22.742,1.003,0.0,4.013,77.258,39.465,0.0,22.742
MUS,Mauritius,2016,10.3,3.216545716824649,9995.650286420714,1263747,1.168308024988694,9.209905305990771,14.04959167542676,99.7,1135.8980265202924,0.0,39.5578893260494,-10.434782608695649,0.2790517614216686,0.4128647601843844,1.7893612227878777,Medium,21.967,0.984,0.656,3.279,78.033,41.639,0.0,21.967
MUS,Mauritius,2017,9.4,3.32606786218848,10379.91387067323,1264887,1.201790784106928,9.247627859062453,14.05049334809053,99.6,1156.155178977142,0.0,39.4499348663789,-8.73786407766991,0.2790517614216686,0.4082869371935401,3.40496156454293,Medium,19.936,1.286,0.322,2.894,80.064,42.122,0.0,19.936
MUS,Mauritius,2018,9.2,3.296362054620146,10789.92415211323,1265577,1.192819452683255,9.286368028766235,14.05103870263191,99.8,1142.1442407692066,0.0,39.3474905591359,-2.1276595744681,0.2790517614216686,0.4072696431955747,-0.8931209103108295,Medium,20.513,1.603,0.321,3.846,79.487,40.385,0.0,20.513
MUS,Mauritius,2019,8.9,3.32168232640987,11098.31370673414,1265985,1.200471379408979,9.31454845744743,14.05136103327483,100.0,1163.1517923892147,0.0,39.2509492806955,-3.260869565217384,0.2790517614216686,0.4057437021986265,0.7681277532677333,Medium,21.672,4.025,0.31,3.096,78.328,36.223,0.0,21.672
MUS,Mauritius,2020,9.4,2.958103148938322,9483.67602630847,1266014,1.084548234856526,9.157327286575308,14.05138394007693,99.5,1025.837441696561,0.0,39.1607039074325,5.617977528089879,0.2790517614216686,0.4082869371935401,-10.94563362007318,Medium,24.138,5.172,0.69,4.138,75.862,39.31,0.0,24.138
MUS,Mauritius,2021,8.6,3.149169176536364,9804.003186312102,1266334,1.147138664567956,9.190546069649184,14.05163666995584,99.6,1072.4294567107097,0.0,39.077147315722,-8.510638297872353,0.2790517614216686,0.4042177612016784,6.459072519719822,Medium,21.405,5.017,0.334,3.679,78.595,41.806,0.0,21.405
MWI,Malawi,2000,82.6,0.2738084023406978,418.5929850384615,11315942,-1.295326678721743,6.036899051721603,16.24172308590442,4.8,603.8037999957767,10.807091106766707,14.6770603287659,0.0,0.4916618178880346,0.6743115122156979,0.0,High,90.083,0.0,0.0,84.298,9.917,0.0,0.0,90.083
MWI,Malawi,2001,83.1,0.273146222506607,388.2600397635689,11593058,-1.297748013609616,5.961675320712021,16.26591702865909,5.2,603.8037999957767,10.807091106766707,14.780400724713,0.6053268765133124,0.4916618178880346,0.6768547472106115,-0.2418405821114633,High,90.984,0.0,0.0,85.246,9.016,0.0,0.0,90.984
MWI,Malawi,2002,83.3,0.2635003417381848,385.3089802370948,11880440,-1.333700614082454,5.95404555849026,16.29040390824996,5.6,603.8037999957767,10.807091106766707,14.8722487440558,0.2406738868832691,0.4916618178880346,0.6778720412085768,-3.531398193943114,High,90.625,0.0,0.0,85.156,9.375,0.0,0.0,90.625
MWI,Malawi,2003,82.8,0.2592029568592696,397.224846758815,12181574,-1.350143906933013,5.984502484995049,16.3154350401398,6.2,603.8037999957767,10.807091106766707,14.9551384691108,-0.600240096038418,0.4916618178880346,0.6753288062136633,-1.6308839869305092,High,92.366,0.0,0.0,87.023,7.634,0.0,0.0,92.366
MWI,Malawi,2004,82.4,0.2517291580488414,408.0649160527647,12500737,-1.379401539097233,6.011426269720292,16.34129816053446,6.9,603.8037999957767,10.807091106766707,15.0316039821946,-0.4830917874396045,0.4916618178880346,0.6732942182177325,-2.8833771423703247,High,90.476,0.0,0.0,85.714,9.524,0.0,0.0,90.476
MWI,Malawi,2005,83.2,0.2779043134708942,410.2679795925361,12840031,-1.280478420688453,6.016810554951459,16.36807827055339,6.6,603.8037999957767,10.807091106766707,15.1041793656241,0.9708737864077666,0.4916618178880346,0.6773633942095941,10.398142044782222,High,89.542,0.0,0.0,85.621,10.458,0.0,0.0,89.542
MWI,Malawi,2006,82.8,0.2868918691316668,417.8776897765028,13198701,-1.248649896822812,6.035188781516442,16.3956289736232,3.7,603.8037999957767,10.807091106766707,15.1753987017157,-0.4807692307692401,0.4916618178880346,0.6753288062136633,3.234046837388816,High,89.172,0.0,0.0,85.35,10.828,0.0,0.0,89.172
MWI,Malawi,2007,82.2,0.3004785603899371,445.2543054195864,13576343,-1.20237887400827,6.098645591790817,16.42383935075087,7.4,603.8037999957767,10.807091106766707,15.2477960727861,-0.7246376811594124,0.4916618178880346,0.672276924219767,4.735823046987364,High,90.506,0.0,0.0,86.709,9.494,0.0,0.0,90.506
MWI,Malawi,2008,80.4,0.3065020169332384,465.5514729800698,13976417,-1.182530943094934,6.143222666286293,16.45288196721411,7.8,603.8037999957767,10.807091106766707,15.3238029928378,-2.1897810218978075,0.4916618178880346,0.6631212782380784,2.004621073624868,High,92.941,0.0,0.0,89.412,7.059,0.0,0.0,92.941
MWI,Malawi,2009,80.0,0.2888275376103066,489.6314187901578,14395788,-1.241925524672922,6.193652901504676,16.48244622175976,8.3,603.8037999957767,10.807091106766707,15.4015312766848,-0.4975124378109541,0.4916618178880346,0.6610866902421475,-5.766513218991842,High,92.814,0.0,0.0,89.222,7.186,0.0,0.0,92.814
MWI,Malawi,2010,81.2,0.3025064035839161,508.0886505528461,14826463,-1.195652832862848,6.23065594131586,16.51192418263335,8.7,603.8037999957767,10.807091106766707,15.4776969380518,1.5000000000000124,0.4916618178880346,0.66719045422994,4.7359978507538925,High,93.75,0.0,0.0,90.625,6.25,0.0,0.0,93.75
MWI,Malawi,2011,80.2,0.3759837358898009,517.8337366242317,15265022,-0.9782093921400252,6.249654218969128,16.54107462535545,7.6,603.8037999957767,10.807091106766707,15.5523153908723,-1.2315270935960632,0.4916618178880346,0.662103984240113,24.289513026953813,High,93.909,0.0,0.0,90.863,6.091,0.0,0.0,93.909
MWI,Malawi,2012,80.2,0.3617538524430034,512.7403179745099,15709577,-1.016791264064904,6.239769514228157,16.56978108434416,7.4,603.8037999957767,10.807091106766707,15.6253133040464,0.0,0.4916618178880346,0.662103984240113,-3.784707179719127,High,93.659,0.488,0.0,90.732,6.341,0.0,0.0,93.659
MWI,Malawi,2013,79.8,0.3108004694521952,525.3576455165572,16161816,-1.168604150025837,6.264079260215444,16.59816198098111,9.0,603.8037999957767,10.807091106766707,15.6966173464742,-0.4987531172069848,0.4916618178880346,0.6600693962441821,-14.085097545391378,High,93.659,0.488,0.0,90.732,6.341,0.0,0.0,93.659
MWI,Malawi,2014,82.8,0.2991179275949073,539.562601918057,16621538,-1.206917376677386,6.290758814885902,16.6262098822196,11.9,603.8037999957767,10.807091106766707,15.766154187056,3.759398496240607,0.4916618178880346,0.6753288062136633,-3.75885592382762,High,94.47,0.922,0.0,90.783,5.53,0.0,0.0,94.47
MWI,Malawi,2015,81.0,0.2873181939842043,539.605363240686,17085587,-1.247164987524777,6.290838063573839,16.65374580056497,10.8,603.8037999957767,10.807091106766707,15.8338504946918,-2.1739130434782594,0.4916618178880346,0.6661731602319746,-3.9448433283755913,High,94.009,1.382,0.0,90.323,5.991,0.0,0.0,94.009
MWI,Malawi,2016,78.9,0.2794152481706215,538.2219908109595,17557739,-1.275056258950419,6.288271097381807,16.68100537933901,11.0,603.8037999957767,10.807091106766707,15.899632938282,-2.592592592592591,0.4916618178880346,0.6554915732533377,-2.750590104996009,Medium,93.953,1.395,0.0,90.233,6.047,0.0,0.0,93.953
MWI,Malawi,2017,76.9,0.2997830065497155,544.7957292203486,18039715,-1.204696377542857,6.300410915634878,16.70808627424779,12.7,603.8037999957767,10.807091106766707,15.9634281867266,-2.5348542458808576,0.4916618178880346,0.6453186332736837,7.289422646918919,Medium,100.0,2.094,0.0,95.288,0.0,0.0,0.0,100.0
MWI,Malawi,2018,73.2,0.2945906810316729,553.528790902088,18528081,-1.222168408068753,6.316313766879168,16.73479803110696,18.0,603.8037999957767,10.807091106766707,16.0221486554255,-4.8114434330299165,0.4916618178880346,0.6264986943113235,-1.732027968430394,Medium,81.768,0.552,0.0,78.453,18.232,0.0,0.0,81.768
MWI,Malawi,2019,70.9,0.2947268523210015,569.8662493719476,19025752,-1.221706275910636,6.345401683069271,16.76130398786909,11.2,603.8037999957767,10.807091106766707,16.1383746619001,-3.1420765027322384,0.4916618178880346,0.6147998133347213,0.046223895763342,Medium,96.111,0.556,0.0,92.778,3.889,0.0,0.0,96.111
MWI,Malawi,2020,71.5,0.2665265614300645,559.4470860860672,19533888,-1.322281372687702,6.326948949706905,16.78766136138041,11.5,603.8037999957767,10.807091106766707,16.2961471756409,0.8462623413258097,0.4916618178880346,0.6178516953286175,-9.568280144431052,Medium,99.429,0.571,0.0,96.0,0.571,0.0,0.0,99.429
MWI,Malawi,2021,71.1,0.3052237867143726,569.9689673224348,20047258,-1.186710044488366,6.345581916052532,16.81360294425987,14.2,603.8037999957767,10.807091106766707,16.4881925800694,-0.5594405594405716,0.4916618178880346,0.6158171073326867,14.519087732448057,Medium,95.628,0.546,0.0,92.35,4.372,0.0,0.0,95.628
MWI,Malawi,2022,62.9,0.2723697838777391,560.6357597149408,20568728,-1.300594636418435,6.329071424985528,16.8392824220895,14.0,603.8037999957767,10.807091106766707,16.7146031979436,-11.533052039381154,0.4916618178880346,0.5741080534161048,-10.763906440679271,Medium,95.628,0.546,0.0,92.35,4.372,0.0,0.0,95.628
MYS,Malaysia,2000,4.4,5.69323613529471,6455.614197925831,22967816,1.739278827291554,8.772705449478574,16.949604489605,98.6,2104.611305340208,96.05540489003596,61.9694564490726,0.0,0.9721090629211392,0.0363259364946695,0.0,Low,10.815,0.0,0.0,10.0,89.185,5.78,80.029,10.815
MYS,Malaysia,2001,4.2,5.88304152527669,6334.927956516982,23526538,1.772073894378008,8.753833720396491,16.97363961855695,98.6,2138.334574779655,96.25893648277206,63.0180877676224,-4.545454545454552,0.973577580560444,0.0345743836770517,3.33387524197879,Low,8.762,0.0,0.0,8.01,91.238,8.234,79.322,8.762
MYS,Malaysia,2002,3.5,6.080308675328266,6516.906715601545,24102477,1.80505546365784,8.782155112220657,16.99782517326236,98.6,2156.947233684472,96.73836932313355,64.056368465184,-16.666666666666675,0.977036776125457,0.0292842569016661,3.3531490336080605,Low,7.184,0.0,0.0,6.69,92.816,11.821,74.206,7.184
MYS,Malaysia,2003,3.3,6.343169553544664,6732.920494580987,24679602,1.847378573107152,8.814764280155494,17.02148763045328,98.7,2256.6510681558925,97.11586196035876,65.0750932867555,-5.714285714285716,0.9797604544941102,0.0269051237193742,4.32315022562908,Low,6.614,0.0,0.0,6.11,93.386,16.133,72.488,6.614
MYS,Malaysia,2004,3.2,6.714666466482732,7025.345580043809,25256772,1.904294158820944,8.857279685880814,17.04460487574678,98.7,2373.577702752846,97.25449080053907,66.0647889111941,-3.0303030303030165,0.9807606869120088,0.0258963605114421,5.856644849268911,Low,6.402,0.0,0.0,5.798,93.598,23.558,66.5,6.402
MYS,Malaysia,2005,3.0,7.010241611427682,7234.024426891415,25836071,1.947372167132662,8.886550789184724,17.06728217423414,98.7,2517.4645167172166,97.85119605985976,67.0159820173565,-6.25,0.9850660244126812,0.0227263977631406,4.401933385974699,Low,6.684,0.0,0.0,6.086,93.316,25.549,64.699,6.684
MYS,Malaysia,2006,3.1,7.106050671913511,7469.810692121099,26417909,1.960946628436556,8.918624935385537,17.08955270933892,98.8,2474.3916183306333,97.76172293865964,67.9191992840997,3.333333333333344,0.9844204594909916,0.023557827222968,1.3667012607617712,Low,6.674,0.0,0.0,6.078,93.326,25.608,64.804,6.674
MYS,Malaysia,2007,2.8,7.588619454294107,7769.596933504883,26998389,2.026649684783704,8.957973567306357,17.11128775552181,98.9,2586.989878932258,98.39798793142356,68.7649673902807,-9.677419354838722,0.4916618178880346,0.2684112070274985,6.790956111359248,Low,6.191,0.0,0.0,5.491,93.809,28.429,62.598,6.191
MYS,Malaysia,2008,3.0,7.839228780758139,7976.117853747734,27570059,2.059140459722432,8.984207087579115,17.13224092300494,99.0,2681.0000344811306,99.03425292418746,69.5438130147565,7.14285714285714,0.9936019959059044,0.0184584120165289,3.3024363386969124,Low,7.564,0.0,0.0,6.861,92.436,27.26,62.795,7.564
MYS,Malaysia,2009,2.3,7.036937322669711,7700.46111294033,28124778,1.951173036119353,8.949035490846198,17.15216152512437,99.3,2485.916674279857,99.38348806126568,70.2462628363839,-23.33333333333334,0.9961217912466176,0.0136379853532934,-10.23431616204008,Low,7.131,0.0,0.0,5.934,92.869,32.418,58.005,7.131
MYS,Malaysia,2010,2.0,7.520347730244681,8118.922705119811,28655776,2.017612377616706,9.00195275257077,17.17086558638999,99.5,2531.6771063741285,98.01093547340405,70.8625314831025,-13.043478260869556,0.986218573475598,0.0170636532418551,6.869613660159346,Low,6.094,0.0,0.0,5.086,93.906,39.507,52.159,6.094
MYS,Malaysia,2011,2.2,7.484822991972543,8400.322486835577,29162039,2.012877369224903,9.036025375384428,17.18837838721431,99.5,2593.2731029282418,97.95303447769504,71.4245166681964,10.000000000000009,0.9858008072094918,0.0182898303728736,-0.4723815912031304,Low,7.555,0.0,0.0,6.343,92.445,41.158,43.858,7.555
MYS,Malaysia,2012,2.5,7.409842303993169,8710.526713599022,29662831,2.002809157569148,9.07228754030279,17.20540533853452,99.8,2589.319903697752,98.06713549820604,71.9680127926087,13.636363636363624,0.986624066925738,0.0194041415116985,-1.001769688605736,Low,8.025,0.007,0.0,6.899,91.975,41.483,45.488,8.025
MYS,Malaysia,2013,2.8,7.859525327294634,8964.807248962034,30174265,2.061726213688074,9.101061885413454,17.22249996673903,99.6,2871.756710193902,98.04007583297935,72.4882717118078,11.99999999999999,0.986428826495666,0.0210277027236827,6.068725957354459,Low,9.25,0.099,0.0,8.371,90.75,38.065,50.486,9.25
MYS,Malaysia,2014,3.0,8.189620081510581,9341.730559712778,30696137,2.102867508695071,9.142246798825608,17.2396473740212,99.7,2883.1355090614725,97.94032378046256,72.9802206910773,7.14285714285714,0.9857090972059348,0.0224048613665137,4.199932444642562,Low,9.704,0.156,0.0,9.08,90.296,37.859,50.071,9.704
MYS,Malaysia,2015,3.4,8.09596053481984,9648.679793752302,31232798,2.091365237881529,9.17457637603625,17.25697931858576,99.9,2708.6628949190463,67.09043698976399,73.4387869957006,13.33333333333333,0.7631215258433204,0.1357332350437518,-1.1436372598308098,Low,9.953,0.18,0.0,9.273,90.047,42.282,46.606,9.953
MYS,Malaysia,2016,4.4,7.785044111006448,9901.479601798124,31789685,2.052204471423595,9.20043947968252,17.27465242406155,99.9,2760.831973971617,0.0,73.8588978909614,29.41176470588236,0.2790517614216686,0.3828545872444048,-3.840389568058966,Medium,13.463,0.198,0.0,12.78,86.537,44.143,41.641,13.463
MYS,Malaysia,2017,5.2,7.350569192812234,10293.76292053616,32355644,1.994777751425274,9.23929344910779,17.29229903046333,100.0,2619.442526953829,0.0,74.2354806421432,18.18181818181817,0.2790517614216686,0.3869237632362664,-5.580892182485597,Medium,17.393,0.205,0.0,16.714,82.607,42.872,38.677,17.393
MYS,Malaysia,2018,5.3,7.72644571640815,10610.19502404791,32910967,2.044648953028953,9.269570612593473,17.30931650365406,100.0,2841.118006568932,0.0,74.5634625145296,1.923076923076916,0.2790517614216686,0.3874324102352491,5.113570306412019,Medium,16.596,0.369,0.0,15.436,83.404,45.31,37.548,16.596
MYS,Malaysia,2019,5.7,7.630399290730345,10902.98348558561,33440596,2.032140175608677,9.296791745038226,17.32528116898845,100.0,2879.89449600209,0.0,74.8377707734042,7.547169811320753,0.2790517614216686,0.38946699823118,-1.2430867853486238,Medium,16.134,0.818,0.0,14.678,83.866,42.807,40.493,16.134
MYS,Malaysia,2020,7.0,7.467786980284606,10171.4657842762,33889558,2.010598700940112,9.227341606904542,17.33861750130285,100.0,2719.4337826470505,0.0,75.0511895575672,22.80701754385965,0.2790517614216686,0.3960794092179551,-2.131111416977693,Medium,17.579,1.184,0.0,15.689,82.421,51.078,30.855,17.579
MYS,Malaysia,2021,7.5,7.523262884840702,10388.26671208568,34282399,2.017999938117585,9.248432247470916,17.35014263174228,100.0,2781.7350382050045,0.0,75.5088628191907,7.14285714285714,0.2790517614216686,0.3986226442128687,0.7428694029778304,Medium,19.251,1.313,0.0,17.236,80.749,45.306,34.793,19.251
NAM,Namibia,2000,34.8,1.053200538642188,3083.59657884697,1818647,0.0518336600737911,8.033851915117301,14.41360337599586,36.5,576.3883101661676,60.46028063251823,32.1168956399877,0.0,0.7152837359893008,0.3193672876513312,0.0,Low,97.222,0.0,0.0,97.222,2.778,0.694,0.0,97.222
NAM,Namibia,2001,30.4,1.319621248346839,3055.404448319362,1857048,0.277344762354533,8.02466725181829,14.43449868814295,36.0,664.0696058836983,65.49537933839358,32.8575058425719,-12.643678160919537,0.7516128933737535,0.2788222410038659,25.29629447855457,Low,100.0,0.0,0.0,100.0,0.0,0.0,0.0,100.0
NAM,Namibia,2002,33.8,1.127795679296497,3145.945662812471,1889970,0.1202650012934276,8.053869811635774,14.45207151389397,36.9,601.5726371985958,61.9798912734746,33.6459301456028,11.184210526315772,0.7262480044899311,0.3087986834111891,-14.536411056631016,Low,99.301,0.0,0.0,99.301,0.699,0.699,0.0,99.301
NAM,Namibia,2003,33.3,1.186567257586062,3232.305896588566,1917464,0.1710644809896456,8.080951061384024,14.46651403760141,37.8,618.6691978466349,62.52053091187224,34.5460063719633,-1.4792899408283988,0.7301488182890137,0.3043050415167342,5.211190233165808,Low,99.301,0.0,0.0,99.301,0.699,0.699,0.0,99.301
NAM,Namibia,2004,34.8,1.234551373216991,3582.895032597015,1942082,0.2107076435317992,8.183926420921873,14.47927115145279,38.7,658.9261138050916,60.39985299936437,35.5356476670033,4.504504504504503,0.7148477395722584,0.3195852858598524,4.043944017850909,Low,99.275,0.0,0.0,99.275,0.725,0.725,0.0,99.275
NAM,Namibia,2005,34.6,1.306632522823864,3627.750597722781,1966582,0.2674532343009134,8.196368065135237,14.49180756843367,39.6,701.6663422049321,60.60275780035536,36.5870014553064,-0.5747126436781436,0.7163117347945688,0.3178359942507319,5.838651284234864,Low,98.225,0.0,0.0,98.225,1.775,1.775,0.0,98.225
NAM,Namibia,2006,35.8,1.270201939064847,3834.998946661783,1991888,0.2391758949678796,8.251924439136856,14.5045934906464,40.5,691.7567542171297,60.09788892355581,37.6722151614564,3.4682080924855363,0.71266901357793,0.3257611188468438,-2.788127734665913,Low,93.789,0.0,0.0,93.789,6.211,5.59,0.0,93.789
NAM,Namibia,2007,36.5,1.287327850985832,3987.61796106565,2018600,0.2525686366438768,8.290949329367928,14.5179147597869,43.7,695.7602503462945,61.19490733648391,38.763436210037,1.955307262569849,0.7205842019197997,0.3253640536687878,1.348282615092966,Low,98.089,0.0,0.0,98.089,1.911,1.911,0.0,98.089
NAM,Namibia,2008,32.5,1.448030732915953,4036.381874847069,2047056,0.3702045181277611,8.30310399415493,14.53191322137719,42.4,756.4335477025251,62.60793645015417,39.8328120256318,-10.95890410958904,0.730779465222074,0.2999205420583424,12.483446373591246,Low,88.535,0.0,0.0,88.535,11.465,10.828,0.0,88.535
NAM,Namibia,2009,33.4,1.470833168864452,3989.207113876506,2077394,0.3858290217710968,8.291347771810116,14.54662478154601,44.1,773.313825262112,61.76843432649335,40.8524900328246,2.7692307692307683,0.7247223039712989,0.3075269456745744,1.5747204413666616,Low,94.667,0.667,0.0,94.0,5.333,5.333,0.0,94.667
NAM,Namibia,2010,31.2,1.272388853788325,4165.129902009883,2109811,0.2408961208641694,8.334502743072532,14.56210892798059,44.4,652.9228015206622,74.95486302210516,41.7946176561991,-6.586826347305386,0.8198647969799763,0.2487654651926161,-13.491966273056978,Low,96.183,0.763,0.0,95.42,3.817,3.817,0.0,96.183
NAM,Namibia,2011,31.6,1.326173808719556,4302.72451368462,2146325,0.2822979606394985,8.367003708870591,14.57926763525421,42.3,657.2497802808708,74.80103619247444,42.6276075621535,1.2820512820512997,0.8187549082905876,0.2513549975332413,4.2270847289408,Low,97.241,0.69,0.0,96.552,2.759,2.069,0.0,97.241
NAM,Namibia,2012,31.9,1.363130589149816,4420.967413738616,2194654,0.3097839582128081,8.39411382300935,14.60153496108684,46.4,667.0673549400498,74.29708638365776,43.3804079185694,0.9493670886075778,0.8151188183174153,0.2546989835167755,2.786722237105743,Low,97.006,0.599,0.0,96.407,2.994,1.796,0.0,97.006
NAM,Namibia,2013,30.7,1.378108313044837,4549.267590938971,2252508,0.3207117711315752,8.42272152996369,14.62755482006765,47.4,671.0883136334165,76.72027035345688,44.1106769079132,-3.7617554858934144,0.83260253352395,0.2398533619257157,1.0987739556459264,Low,95.556,1.481,0.0,94.074,4.444,2.963,0.0,95.556
NAM,Namibia,2014,30.2,1.386594837075107,4701.95694189098,2312139,0.3268509840771651,8.455734071655062,14.65368362807447,48.4,690.152899703837,75.50164666367169,44.8214248210559,-1.6286644951140072,0.8238099408848087,0.2417064232503728,0.6158096537070668,Low,99.346,1.961,0.0,97.386,0.654,0.0,0.0,99.346
NAM,Namibia,2015,29.3,1.501958471970686,4774.106508657753,2374300,0.4067699044714916,8.470962116800253,14.68021321516533,51.6,716.034708168673,75.64009261720332,45.5103554445325,-2.980132450331119,0.8248088537421123,0.2366291438308767,8.31992387472955,Low,97.468,2.532,0.0,94.937,2.532,0.633,0.0,97.468
NAM,Namibia,2016,29.2,1.59834340010487,4648.627134602133,2439213,0.4689677179403897,8.444327215119023,14.70718600425825,49.7,758.531435436319,0.0,46.1751725648784,-0.3412969283276501,0.2790517614216686,0.5089990429921158,6.417283162810716,Medium,95.946,4.054,0.0,91.892,4.054,3.378,0.0,95.946
NAM,Namibia,2017,30.2,1.497375394568409,4476.733244021052,2506853,0.4037138385760661,8.406648872820726,14.73453873960158,52.5,713.8071410424026,0.0,46.8135799686288,3.424657534246567,0.2790517614216686,0.5140855129819429,-6.317040851786693,Medium,96.045,6.215,0.0,89.831,3.955,3.955,0.0,96.045
NAM,Namibia,2018,30.9,1.478198148702124,4400.475377057433,2577327,0.3908238789677327,8.389467854310752,14.762263373319,52.3,733.1740641247578,0.0,47.4232814423189,2.3178807947019875,0.2790517614216686,0.5176460419748219,-1.280723987842236,Medium,98.582,16.312,1.418,80.851,1.418,1.418,0.0,98.582
NAM,Namibia,2019,30.2,1.45542679968338,4243.09274481966,2650494,0.3752991907254338,8.35304770327587,14.79025659568361,53.3,718.1703704149188,0.0,48.0019807724839,-2.265372168284785,0.2790517614216686,0.5140855129819429,-1.5404801473156704,Medium,96.377,26.087,1.449,68.841,3.623,2.899,0.0,96.377
NAM,Namibia,2020,31.2,1.298904045131089,3787.499439732857,2728762,0.2615208667007062,8.239461301892295,14.81935858445458,52.3,677.763554079,0.0,48.547381745659,3.31125827814569,0.2790517614216686,0.51917198297177,-10.75442300405227,Medium,96.5,20.5,1.0,75.0,3.5,3.0,0.0,96.5
NAM,Namibia,2021,30.0,1.318354996961447,3809.807533597145,2810548,0.2763847450041905,8.24533395072853,14.84889004009002,55.2,680.382622029259,0.0,49.0571881483796,-3.846153846153844,0.2790517614216686,0.5130682189839775,1.4974895107355612,Medium,97.351,31.788,1.325,64.238,2.649,2.649,0.0,97.351
NER,Niger,2000,87.6,0.0609576502459245,392.8986169410418,11509630,-2.797575914181228,5.97355160642852,16.25869463422134,6.5,127.8478804221074,14.34574318270332,16.1307678222656,0.0,0.3825589203326206,0.7542953109425401,0.0,High,0.0,0.0,0.0,0.0,100.0,66.667,0.0,0.0
NER,Niger,2001,87.7,0.0592333620817729,406.9234936652638,11920647,-2.826270347147504,6.008625191520421,16.29378249665194,8.4,127.08837345142172,13.782795894622096,16.2687225341797,0.1141552511415566,0.3784971527640942,0.7568348417257861,-2.8286657330051312,High,0.0,0.0,0.0,0.0,100.0,72.222,0.0,0.0
NER,Niger,2002,87.7,0.0593968294482597,412.1237931925778,12349144,-2.823514430330026,6.021323773131806,16.3290973068952,8.8,127.2759721116646,14.27333220071091,16.2687206268311,0.0,0.3820364618636147,0.7550651871760259,0.2759717847201637,High,0.0,0.0,0.0,0.0,100.0,73.684,0.0,0.0
NER,Niger,2003,87.0,0.062264671113131,406.3337574978762,12796984,-2.776361090873388,6.007174884695823,16.36472007612591,9.3,128.26247858197212,15.0704938577725,16.2687225341797,-0.7981755986317007,0.3877881289096745,0.7486288246601169,4.82827398618888,High,0.0,0.0,0.0,0.0,100.0,75.0,0.0,0.0
NER,Niger,2004,87.0,0.0627702618968001,393.3987814531986,13265836,-2.768273854337039,5.974823808474815,16.40070256656095,9.7,129.29994058651036,16.114064192717134,16.2687225341797,0.0,0.3953176796006492,0.7448640493146297,0.8120026567722594,High,0.0,0.0,0.0,0.0,100.0,75.0,0.0,0.0
NER,Niger,2005,87.5,0.0580683956722907,407.1909310599244,13756192,-2.846133727458889,6.00928219352446,16.43699960798268,7.1,126.03129629551768,14.023562213619314,16.2687225341797,0.5747126436781658,0.3802343257584426,0.7549489612306465,-7.490595199745631,High,0.0,0.0,0.0,0.0,100.0,69.565,0.0,0.0
NER,Niger,2006,87.4,0.0561793776129525,415.8520221148007,14268581,-2.879205535812537,6.030329480909104,16.47357054512527,9.3,124.90522438461682,13.683437363638562,16.2675724894628,-0.1142857142857112,0.3777802628041463,0.755667345708812,-3.253091526755525,High,0.0,0.0,0.0,0.0,100.0,77.273,0.0,0.0
NER,Niger,2007,86.2,0.0588032243486555,413.4191262610662,14803610,-2.833558589719499,6.02446191192748,16.51038162790988,11.2,125.87497453112924,14.240872912313716,16.2641887037781,-1.3729977116704872,0.3818022621655247,0.7475525820403301,4.670480249496412,High,0.0,0.0,0.0,0.0,100.0,68.182,0.0,0.0
NER,Niger,2008,86.1,0.0592504254840623,429.1955427988773,15361915,-2.825982317827071,6.06191262579786,16.54740195239175,11.8,127.06541405731252,15.26689916182296,16.2586706998252,-0.1160092807424684,0.389205229073702,0.7433424515872589,0.7605044457347221,High,0.0,0.0,0.0,0.0,100.0,77.273,0.0,0.0
NER,Niger,2009,83.2,0.0711253835768729,421.6509013331357,15943675,-2.643310993553728,6.044177723651796,16.58457275682356,12.3,129.77698068256095,17.28549595290288,16.2511180003032,-3.3681765389082408,0.4037697738428685,0.7213094162321771,20.041979438619872,High,0.0,0.0,0.0,0.0,100.0,73.077,0.0,0.0
NER,Niger,2010,80.7,0.0871239576683192,441.0791661120394,16548835,-2.4404233736078,6.089224374329244,16.62182626456041,13.6,134.74599121352043,21.092841974700026,16.2416301279116,-3.004807692307687,0.4312404712259284,0.6948578925660795,22.49348022728748,High,0.0,0.0,0.0,0.0,100.0,68.966,0.0,0.0
NER,Niger,2011,77.2,0.0858043617469507,434.986264873953,17176283,-2.45568543756879,6.075314455587776,16.65904009488382,14.3,112.87980353277771,24.15120734699876,16.2303066053496,-4.337050805452291,0.453307136338124,0.666021915045587,-1.5146188909280434,High,0.0,0.0,0.0,0.0,100.0,73.529,0.0,0.0
NER,Niger,2012,72.7,0.11521705528619,463.0662654964024,17836769,-2.160937492319283,6.137870165867722,16.69677255884829,14.4,128.36275252940823,29.513664285415665,16.2141284004355,-5.829015544041449,0.4919982431988047,0.6237872466610248,34.278785996895444,Medium,0.0,0.0,0.0,0.0,100.0,64.103,0.0,0.0
NER,Niger,2013,78.7,0.109995206237097,469.6902142008783,18519898,-2.207318493802096,6.152073358668328,16.73435627960774,15.2,154.81219945792952,26.73650579140241,16.2162595696064,8.253094910591475,0.4719605371071946,0.6643249196457923,-4.532184090386915,High,0.0,0.0,0.0,0.0,100.0,54.545,0.0,0.0
NER,Niger,2014,78.1,0.1145925493298287,482.7452474194604,19215909,-2.166372491388957,6.179489076453245,16.77124908765372,15.7,151.69694784619975,23.823439170797283,16.2450424611665,-0.7623888182973437,0.4509422290434678,0.6717821916837594,4.179584956477123,High,2.222,2.222,0.0,0.0,97.778,55.556,0.0,2.222
NER,Niger,2015,78.9,0.1088191889284274,485.6625741752788,19939498,-2.21806759128399,6.185514090947897,16.80821314665448,16.6,148.78653246936508,-2.14899995974588,16.3035606587493,1.024327784891188,0.2635463339579148,0.7695493152183976,-5.038163855473698,High,1.852,1.852,0.0,0.0,98.148,40.741,0.0,1.852
NER,Niger,2016,80.2,0.1047774282135149,495.0174372160079,20685753,-2.255916909934755,6.20459298864725,16.84495576040579,17.0,147.45209605334793,0.0,16.3898280543236,1.6476552598225558,0.2790517614216686,0.768409012473296,-3.714198529425583,High,1.429,1.429,0.0,0.0,98.571,31.429,0.0,1.429
NER,Niger,2017,82.0,0.0920857909837752,501.6153054629021,21435446,-2.385034625757877,6.217833502136488,16.88055646488895,17.6,143.83159965212576,0.0,16.5036987906896,2.244389027431426,0.2790517614216686,0.7775646584549847,-12.112949750853542,High,1.786,1.786,0.0,0.0,98.214,37.5,0.0,1.786
NER,Niger,2018,82.0,0.0913914590764973,519.5469934838859,22188069,-2.392603250440886,6.252957265512373,16.9150652699415,17.6,146.10158492778618,0.0,16.6449011799221,0.0,0.2790517614216686,0.7775646584549847,-0.7540054766974502,High,1.887,1.887,0.0,0.0,98.113,35.849,7.547,1.887
NER,Niger,2019,80.7,0.1034131571116079,532.1860245703888,22947757,-2.269023080209627,6.276993098466344,16.94873075548974,18.5,148.12495085486,0.0,16.813146499685,-1.585365853658538,0.2790517614216686,0.7709522474682096,13.15407167867624,High,2.985,2.985,0.0,0.0,97.015,29.851,7.463,2.985
NER,Niger,2020,81.9,0.101595383987419,533.1943289102543,23717613,-2.286757178064569,6.27888595229573,16.98172849465228,18.7,147.81537416424538,0.0,17.0081420003794,1.486988847583648,0.2790517614216686,0.777056011456002,-1.757777419199258,High,2.985,2.985,0.0,0.0,97.015,31.343,7.463,2.985
NER,Niger,2021,79.6,0.1166755230359471,523.2631795186519,24502140,-2.148358504311248,6.260084548813301,17.01427101863921,18.6,150.08935016996966,0.0,17.2295936666686,-2.8083028083028205,0.2790517614216686,0.7653571304793997,14.843330923770637,High,2.817,2.817,0.0,0.0,97.183,26.761,7.042,2.817
NGA,Nigeria,2000,86.0,0.7927909699265787,1421.67987952013,126382494,-0.2321956861339275,7.25959446513251,18.65482353325001,43.2,274.0741320645216,45.8267365814128,43.2785051250243,0.0,0.6097000412139452,0.6325863985181546,0.0,Medium,38.263,0.0,0.0,38.195,61.737,0.0,61.737,38.263
NGA,Nigeria,2001,84.5,0.8188970811803045,1465.457203423093,129862595,-0.1997968670299624,7.289922557010853,18.68198748790363,43.9,283.0105466268058,48.88896217547509,44.1262421418539,-1.744186046511631,0.6317945585316644,0.6139094348745544,3.2929375136731887,Medium,38.268,0.0,0.0,38.203,61.732,0.0,61.732,38.268
NGA,Nigeria,2002,84.5,0.7208950785921082,1644.395188776326,133471989,-0.327261674350201,7.40512792919624,18.70940219356451,44.6,283.7671368867973,48.64251993953569,44.9793025536893,0.0,0.6300164327592398,0.6147984977607667,-11.967560373636031,Medium,38.237,0.0,0.0,38.19,61.763,0.0,61.763,38.237
NGA,Nigeria,2003,82.9,0.7843536892772999,1717.214511117599,137202644,-0.2428952260799344,7.44845878676753,18.7369695442074,52.2,296.8525714162462,52.238400425041945,45.8372080921761,-1.8934911242603487,0.6559613676502288,0.5936876783315489,8.802752657033652,Medium,36.931,0.0,0.0,36.881,63.069,0.0,63.069,36.931
NGA,Nigeria,2004,84.0,0.7369210095107267,1824.802694567734,141057045,-0.3052745709483138,7.509227147606382,18.76467494099234,46.1,286.38317756801155,53.37570131666693,46.6994804889599,1.3268998793727338,0.6641672014379776,0.5951798784264843,-6.047358534168101,Medium,33.429,0.0,0.0,33.388,66.571,0.0,66.571,33.429
NGA,Nigeria,2005,83.9,0.7100506861759407,1889.251753258181,145017253,-0.3424189225146498,7.543936131918491,18.79236327951345,46.8,305.40621761086385,51.49424707126429,47.5656414756863,-0.1190476190476075,0.6505921652002329,0.6014587495463739,-3.646296277076744,Medium,33.036,0.0,0.0,32.994,66.964,0.0,66.964,33.036
NGA,Nigeria,2006,85.8,0.6219899263827725,1949.158568045652,149077334,-0.4748313819001958,7.575153054867006,18.8199757493996,47.6,287.97002226362525,48.720596055268366,48.424271994461,2.264600715137055,0.6305797662035493,0.6211292420253871,-12.402038545646576,Medium,27.119,0.0,0.0,27.076,72.881,0.0,72.881,27.119
NGA,Nigeria,2007,87.1,0.550572897626193,2020.833162994537,153267261,-0.5967959108302295,7.611265162286262,18.84769375939067,50.1,281.73504434563097,44.75566117400744,49.2357987173198,1.5151515151515138,0.6019720363983015,0.6420455179147861,-11.48202337808113,Medium,27.142,0.0,0.0,27.099,72.858,0.0,72.858,27.142
NGA,Nigeria,2008,85.7,0.5811395784386936,2098.28339220668,157595014,-0.5427643127062387,7.648874857149033,18.87553909783175,50.3,287.5327266712956,46.035942578384656,50.0505212312351,-1.6073478760045834,0.6112095007168729,0.6303057277697426,5.551795401533477,Medium,27.131,0.0,0.0,27.083,72.869,0.0,72.869,27.131
NGA,Nigeria,2009,88.1,0.4993376590249012,2204.607256037303,162049464,-0.6944727406768908,7.698304656840728,18.90341217992525,50.0,260.77783849963794,41.791329776362346,50.86453484762,2.800466744457397,0.5805838435990103,0.6578260843042588,-14.076122578600447,Medium,22.941,0.0,0.0,22.89,77.059,0.0,77.059,22.941
NGA,Nigeria,2010,86.0,0.5665024308328409,2315.466765096628,166642886,-0.5682739075562196,7.747366572588097,18.93136367353803,48.0,335.0746082950172,38.82087241336619,51.6778188255446,-2.3836549375709337,0.5591514508401215,0.6578606937050664,13.450772356945407,Medium,24.416,0.0,0.0,24.378,75.584,0.0,75.584,24.416
NGA,Nigeria,2011,84.1,0.6069666472201667,2370.976570918026,171379598,-0.4992814363512765,7.771057204497403,18.95939152553789,55.9,376.5520729437719,37.493484635227695,52.490352424079,-2.209302325581397,0.5495741054256369,0.6529850734316374,7.14281425550769,Medium,21.783,0.0,0.0,21.746,78.217,0.0,78.217,21.783
NGA,Nigeria,2012,83.9,0.5803373285423931,2403.653878969245,176200625,-0.5441457435707866,7.784745308155138,18.98713381856562,53.0,357.33808462558403,39.81161765837368,53.302114902293,-0.2378121284185352,0.5662998588528136,0.6436049027200836,-4.387278740888423,Medium,19.798,0.07,0.0,19.694,80.202,0.0,80.202,19.798
NGA,Nigeria,2013,81.4,0.6330287356918298,2495.341065737488,181049443,-0.4572394618306839,7.822180698537451,19.01428071767299,55.6,351.7187818056463,39.11817503918592,54.1130855192568,-2.979737783075087,0.5612965436208475,0.633390385361499,9.079444757031109,Medium,18.562,0.069,0.0,18.424,81.438,0.0,81.438,18.562
NGA,Nigeria,2014,79.9,0.6601836291904037,2583.615569581399,185896915,-0.4152372566132883,7.856945080452824,19.04070285761046,54.2,349.2378115906829,39.167777053186704,54.9232435340404,-1.842751842751844,0.5616544312171954,0.6255817365785845,4.289677856234553,Medium,16.698,0.062,0.0,16.574,83.302,0.0,83.302,16.698
NGA,Nigeria,2015,81.3,0.6212447333213973,2585.733606717974,190671878,-0.4760301791583039,7.857764540382058,19.06606459247028,52.5,320.31854238002313,41.685560943858384,55.7325682057138,1.7521902377972465,0.5798207021420371,0.6236196591019214,-5.898191676876019,Medium,19.506,0.09,0.0,19.355,80.494,0.0,80.494,19.506
NGA,Nigeria,2016,81.1,0.6317911500856769,2481.814903503262,195443700,-0.4591963981739909,7.816745387441056,19.09078291637598,59.3,331.486140542982,0.0,56.541038793347,-0.246002460024608,0.2790517614216686,0.7729868354641403,1.6976267481407348,High,22.469,0.082,0.0,22.304,77.531,0.0,77.531,22.469
NGA,Nigeria,2017,81.6,0.5794614064730076,2441.712364044882,200254579,-0.5456562163959024,7.800454860691803,19.11510001006829,54.4,316.73032652265147,0.0,57.3486345560101,0.6165228113440113,0.2790517614216686,0.7755300704590538,-8.282759833779386,High,24.194,0.093,0.0,24.038,75.806,0.0,75.806,24.194
NGA,Nigeria,2018,80.8,0.592412108680957,2431.778578325676,204938755,-0.5235527567552596,7.796378193844851,19.13822173636863,56.5,300.4574696717402,0.0,58.1553347527729,-0.9803921568627416,0.2790517614216686,0.7714608944671921,2.2349550916213934,High,21.166,0.109,0.0,20.975,78.834,0.0,78.834,21.166
NGA,Nigeria,2019,80.1,0.6019796841350096,2431.535284729822,209485641,-0.5075315815268057,7.796278141245776,19.16016575559806,55.4,331.04474710561,0.0,58.9611186427056,-0.8663366336633671,0.2790517614216686,0.7679003654743133,1.6150202390959656,High,23.341,0.137,0.0,23.121,76.659,0.0,76.659,23.341
NGA,Nigeria,2020,81.8,0.5557005711237436,2228.686314228881,213996181,-0.5875256709412675,7.709167594110143,19.1814687270325,55.4,324.45517224141025,0.0,59.7659654848781,2.122347066167296,0.2790517614216686,0.7765473644570192,-7.687819743911273,High,20.553,0.211,0.0,20.237,79.447,0.0,79.447,20.553
NGA,Nigeria,2021,80.3,0.5990066704377554,2206.664062500666,218529286,-0.5124825449725061,7.699237180126597,19.20243059555504,59.5,334.476501487262,0.0,60.5698545383604,-1.833740831295838,0.2790517614216686,0.7689176594722786,7.793063668521638,High,20.663,0.255,0.0,20.255,79.337,0.0,79.337,20.663
NIC,Nicaragua,2000,58.4,0.7506421432742547,1458.374900845562,5022633,-0.2868262477419035,7.285078013154346,15.42946485615685,73.0,500.3766307599102,46.08416485749241,55.2160707858522,0.0,0.6115574332738053,0.4912711307689976,0.0,Medium,21.491,0.0,0.0,9.211,78.509,0.0,0.0,21.491
NIC,Nicaragua,2001,56.7,0.7849326578646081,1482.315172472791,5087825,-0.2421573510393066,7.301360450231304,15.4423609887565,72.2,498.4859027047452,48.354413286119794,55.3522521763064,-2.910958904109584,0.627937690600076,0.4744340031231563,4.568157396649797,Medium,19.838,0.0,0.0,7.692,80.162,0.0,0.0,19.838
NIC,Nicaragua,2002,54.7,0.8024801991646843,1475.486354111786,5149909,-0.2200480982204609,7.296742946025613,15.45448960258089,74.1,492.629525956214,48.421061945602176,55.4894961947237,-3.527336860670194,0.628418572859042,0.4640206220140192,2.235547358650347,Medium,25.098,0.0,0.0,11.765,74.902,0.0,0.0,25.098
NIC,Nicaragua,2003,51.5,0.8687837545574589,1494.956187525658,5210963,-0.1406610286910795,7.309852179392453,15.46627523350153,74.6,505.0038389953008,49.22930929586584,55.6308042935869,-5.850091407678248,0.6342502252075913,0.4448280918722979,8.262329146786573,Medium,27.407,0.0,0.0,10.741,72.593,0.0,0.0,27.407
NIC,Nicaragua,2004,51.2,0.8806519054366923,1555.874256948163,5272912,-0.1270928441353706,7.34979288974292,15.47809332958139,75.2,526.4798600681692,48.21795658570498,55.7791779253789,-0.5825242718446533,0.626953130567569,0.446950698195361,1.3660650095004057,Medium,28.114,0.0,0.0,11.388,71.886,0.0,0.0,28.114
NIC,Nicaragua,2005,52.8,0.8255734396834208,1601.487707074579,5342105,-0.1916770556984233,7.378688293137504,15.49113032801859,73.8,527.9588795663564,48.58216145657713,55.9375480421093,3.124999999999978,0.6295809352734945,0.4537751478261215,-6.254283379533421,Medium,35.664,0.0,0.0,15.035,64.336,0.0,0.0,35.664
NIC,Nicaragua,2006,53.3,0.8611597837550552,1644.371935652508,5418855,-0.1494752124979456,7.405113788259569,15.50539509648588,76.3,538.9140555145782,46.64888338472287,56.1058547675536,0.9469696969697016,0.6156319806565075,0.4632928601295285,4.310500115565796,Medium,30.032,0.0,0.0,9.904,69.968,0.0,0.0,30.032
NIC,Nicaragua,2007,52.6,0.880041140622672,1703.207802994053,5497243,-0.1277866218950833,7.440268694941516,15.51975725179625,76.9,540.2927209752144,47.7108944922913,56.2816618351146,-1.31332082551594,0.6232945848922239,0.4559010290187914,2.1925497711104747,Medium,28.75,0.0,0.0,9.375,71.25,0.0,0.0,28.75
NIC,Nicaragua,2008,53.8,0.8335017455998671,1736.657406104083,5576593,-0.1821194824925011,7.459717513687398,15.5340885744049,77.5,533.812640193905,45.53744206041558,56.4638124507513,2.281368821292773,0.6076127283730859,0.4698457212661528,-5.288320383507983,Medium,35.417,0.0,0.0,15.774,64.583,0.0,0.0,35.417
NIC,Nicaragua,2009,54.6,0.8035567649194277,1655.72028962416,5656601,-0.2187074492315958,7.411991413446985,15.54833373975364,77.9,523.4079352609156,46.85930301470563,56.651098305894,1.486988847583648,0.617150196743414,0.4691461630728505,-3.59267162168786,Medium,30.725,0.0,3.188,8.406,69.275,0.0,0.0,30.725
NIC,Nicaragua,2010,54.4,0.814142171173605,1704.378750490594,5737450,-0.2056202707690042,7.440955954105298,15.56252541871602,80.1,529.0082032930344,45.68173871069202,56.842311091973,-0.3663003663003761,0.6086538550766846,0.4723770399082498,1.3173190390897371,Medium,36.712,0.0,4.384,13.699,63.288,0.0,0.0,36.712
NIC,Nicaragua,2011,53.3,0.8388996762530522,1786.628634183084,5819051,-0.1756641550483651,7.488085678332344,15.57664774799291,81.2,531.3628156843151,48.07046782792655,57.0362425004184,-2.022058823529416,0.6258889722249494,0.4581643643453075,3.0409314191105707,Medium,33.858,0.0,5.512,11.549,66.142,0.0,0.0,33.858
NIC,Nicaragua,2012,53.3,0.8213632043315298,1876.175972014896,5901287,-0.1967898747480274,7.536990926880762,15.59068102068106,81.3,566.8195985891128,42.53383653773303,57.2316842226606,0.0,0.5859411655838564,0.478138267665854,-2.090413480649933,Medium,42.68,0.0,8.189,10.422,57.32,0.0,0.0,42.68
NIC,Nicaragua,2013,54.3,0.7752373265016055,1941.456285526257,5983845,-0.2545860687629286,7.571193633093491,15.60457389589456,81.9,576.4741336118616,41.327520864115606,57.4274279501299,1.8761726078799328,0.5772373775307956,0.4875766316822115,-5.615771145660709,Medium,52.278,0.0,13.429,11.031,47.722,0.0,0.0,52.278
NIC,Nicaragua,2014,53.0,0.8092156059877768,2006.648696465335,6066492,-0.211689888175333,7.604221294344825,15.61829107175565,81.9,586.817955989046,41.86873035217008,57.6222653742564,-2.39410681399631,0.5811423028992987,0.4790117580111848,4.38295194576146,Medium,53.812,0.0,19.058,8.969,46.188,0.0,0.0,53.812
NIC,Nicaragua,2015,50.0,0.8939221392857241,2074.456206347306,6149417,-0.1121366001229582,7.637454329088443,15.63186783854124,83.2,611.8763318719449,25.87948740859191,57.8149881864705,-5.660377358490565,0.4657769928453588,0.5214350030686736,10.467733527525011,Medium,50.109,0.0,18.954,6.318,49.891,0.0,0.0,50.109
NIC,Nicaragua,2016,49.5,0.9181143350213214,2140.144059416059,6232666,-0.0854333481635898,7.668628423234317,15.64531472860197,83.9,626.8230074491975,0.0,58.0043880782023,-1.0000000000000009,0.2790517614216686,0.6122543837856051,2.70629786112333,Medium,52.288,0.0,15.904,9.368,47.712,0.0,0.0,52.288
NIC,Nicaragua,2017,48.9,0.8996662724970002,2209.63273423213,6316231,-0.105731392760904,7.700581597096402,15.65863322746974,84.6,632.3739472640693,0.0,58.1892567408822,-1.21212121212122,0.2790517614216686,0.609202501791709,-2.009342608063392,Medium,55.973,0.221,13.938,10.398,44.027,0.0,0.0,55.973
NIC,Nicaragua,2018,51.3,0.8094117573530331,2107.339626162301,6400080,-0.2114475206352073,7.653181590260366,15.67182104825178,85.2,616.5169961744165,0.0,58.3683858659405,4.907975460122693,0.2790517614216686,0.621410029767294,-10.03199940945525,Medium,58.71,0.43,17.204,8.817,41.29,0.0,0.0,58.71
NIC,Nicaragua,2019,50.5,0.821126102136495,2019.915186200438,6483657,-0.1970785855429751,7.610810802484284,15.68479526099369,85.7,616.1511292781064,0.0,58.5405671448072,-1.5594541910331383,0.2790517614216686,0.6173408537754322,1.4472664471505192,Medium,56.987,0.655,15.939,5.022,43.013,0.0,0.0,56.987
NIC,Nicaragua,2020,52.2,0.7229256631908497,1950.191812184731,6565267,-0.3244488792728359,7.57568301194319,15.69730373511289,86.0,584.3209984731146,0.0,58.7045922689128,3.3663366336633693,0.2790517614216686,0.6259878527581383,-11.95923971849594,Medium,69.921,0.792,14.512,15.04,30.079,0.0,0.0,69.921
NIC,Nicaragua,2021,50.4,0.7814450555710146,2128.308813954517,6644741,-0.2466104379632771,7.663082959272271,15.70933627269568,86.3,602.7310739785914,0.0,58.8592529296875,-3.4482758620689724,0.2790517614216686,0.6168322067764496,8.094800801768741,Medium,69.121,0.713,15.677,14.252,30.879,0.0,0.0,69.121
NPL,Nepal,2000,88.3,0.1393029045392972,547.2210822736322,24546509,-1.971104547449669,6.304852893113016,17.01608020250081,29.9,330.35285250627413,11.971783087290817,31.0994241803849,0.0,0.3654303643760084,0.7664201179137252,0.0,High,98.182,0.0,0.0,98.182,1.818,0.0,0.0,98.182
NPL,Nepal,2001,87.8,0.1465160909951068,564.2862292039097,24946748,-1.920620020412489,6.335561621352696,17.03225403098535,24.6,335.7519608047574,12.350488719441564,32.808952331543,-0.5662514156285381,0.3681627947247381,0.7625106677444469,5.1780589067148775,High,98.919,0.0,0.0,98.919,1.081,0.0,0.0,98.919
NPL,Nepal,2002,90.0,0.1178215578431679,556.4384545387963,25328981,-2.13858402074576,6.321556570778981,17.04745979219115,36.4,334.35715984187874,10.155951119220754,35.0358944291182,2.505694760820054,0.3523288048624359,0.7816178966532175,-19.584560956446207,High,100.0,0.0,0.0,100.0,0.0,0.0,0.0,100.0
NPL,Nepal,2003,89.4,0.1318903778843648,570.2896736342799,25688758,-2.025784172000485,6.346144431097422,17.06156402225759,39.6,338.9999852529379,10.608201310451896,38.045308394296,-0.6666666666666599,0.3555918726460353,0.7769344807675215,11.940785963740089,High,100.0,0.0,0.0,100.0,0.0,0.0,0.0,100.0
NPL,Nepal,2004,90.3,0.1125010070471778,589.4699286861697,26016656,-2.184793105847258,6.379223707117632,17.07424750626393,37.2,339.54811730936484,9.703645763509073,41.6109470808194,1.0067114093959662,0.3490653390570275,0.7847755705528698,-14.701126153559652,High,99.582,0.0,0.0,99.582,0.418,0.0,0.0,99.582
NPL,Nepal,2005,89.5,0.1245103566937791,603.1901085709948,26309458,-2.083366380241749,6.402232418301659,17.08543905227216,46.1,347.1407481522804,10.645088785095426,45.5065633424317,-0.8859357696566983,0.355858022517194,0.7773100528309249,10.674881907114964,High,99.203,0.0,0.0,99.203,0.797,0.0,0.0,99.203
NPL,Nepal,2006,91.2,0.1021064033419379,617.4776385887216,26565425,-2.281739839402613,6.425642855034646,17.09512111623346,51.2,343.80671676349806,8.82874408100488,49.5059100328759,1.8994413407821265,0.3427527635195254,0.7925096813124652,-17.993646429703436,High,99.632,0.0,0.0,99.632,0.368,0.0,0.0,99.632
NPL,Nepal,2007,91.3,0.1042201255673518,633.2261291365969,26788492,-2.26125002467209,6.450827592374354,17.10348295027615,52.6,347.54346311694707,8.61367092596663,53.3827400058951,0.1096491228070206,0.3412009713988589,0.7937942243717812,2.07011720737571,High,99.639,0.0,0.0,99.639,0.361,0.0,0.0,99.639
NPL,Nepal,2008,90.5,0.1143162567728232,666.865095417138,26990037,-2.168786489311374,6.502587769712752,17.11097835587135,56.0,356.9630658606277,9.885269634459084,56.9108061152324,-0.8762322015334001,0.3503757884797602,0.7851376398394688,9.68731437475272,High,99.642,0.0,0.0,99.642,0.358,0.0,0.0,99.642
NPL,Nepal,2009,88.9,0.1495600325837728,692.4000008169188,27173035,-1.900057411009027,6.54016382448189,17.11773567924948,59.3,365.0031382061143,11.039626620622698,59.8638612146309,-1.76795580110497,0.3587046851068006,0.7728348395422254,30.830064599638128,High,99.675,0.0,0.0,99.675,0.325,0.0,0.0,99.675
NPL,Nepal,2010,87.3,0.1750057932952263,721.2652213643022,27341952,-1.742936201062416,6.581006921744233,17.12393278393161,68.6,373.44567551704426,12.5967441070587,62.0156581578338,-1.7997750281214977,0.3699395723523689,0.7590790439357178,17.01374376018583,High,100.0,0.314,0.0,99.686,0.0,0.0,0.0,100.0
NPL,Nepal,2011,87.0,0.1951865561404481,742.6172526625764,27464494,-1.633799479606257,6.610180774253303,17.12840460114112,67.3,384.837268379341,12.985714270605728,63.139949798584,-0.3436426116838476,0.3727460631710826,0.756149857529413,11.53148273850444,High,100.0,0.289,0.0,99.711,0.0,0.0,0.0,100.0
NPL,Nepal,2012,84.7,0.2260802330423028,775.3105784798393,27534915,-1.486865329250702,6.653263695501543,17.13096539369375,75.2,368.8976936375253,15.108835163904724,63.6558406194333,-2.643678160919538,0.3880647684407283,0.7367916239179879,15.827768834460551,High,99.433,0.283,0.0,99.15,0.567,0.0,0.0,99.433
NPL,Nepal,2013,86.0,0.2282095292801057,801.0390608478565,27589996,-1.477491083968065,6.685909710982822,17.13296380121339,77.4,413.9323783393916,13.452961254336753,64.1314570156048,1.534828807556088,0.3761173355534031,0.7493777513484257,0.9418321138250584,High,99.714,0.571,0.0,99.143,0.286,0.0,0.0,99.714
NPL,Nepal,2014,84.0,0.2656946260837073,846.6655417735989,27672370,-1.325407651924455,6.74130574272973,17.1359450004262,84.9,430.9595151036828,15.17631985804217,64.5640847098488,-2.3255813953488413,0.3885516828425255,0.7329876377242104,16.42573687516449,High,100.0,0.526,0.263,99.211,0.0,0.0,0.0,100.0
NPL,Nepal,2015,85.2,0.2631612145202195,875.5436354748624,27823629,-1.334988451635077,6.77484499111767,17.14139618167477,82.0,426.24311395728427,14.430281227456234,64.9510094249155,1.4285714285714235,0.3831688777758021,0.7417828042453645,-0.953505007169264,High,100.0,0.578,0.289,99.133,0.0,0.0,0.0,100.0
NPL,Nepal,2016,79.4,0.3850410341993274,875.188943730855,27955462,-0.954405368037931,6.774439798739264,17.14612315886686,90.7,458.1690035370047,0.0,65.2895168835553,-6.8075117370892,0.2790517614216686,0.7643398364814343,46.31374722194994,High,100.0,0.478,0.239,99.282,0.0,0.0,0.0,100.0
NPL,Nepal,2017,76.8,0.4712319596642179,951.8572985636408,28011258,-0.7524048228323301,6.858415127089003,17.14811705875899,86.6,484.0466676138072,0.0,65.5768928085184,-3.2745591939546737,0.2790517614216686,0.751115014507884,22.38486753603288,High,100.0,1.747,0.218,98.035,0.0,0.0,0.0,100.0
NPL,Nepal,2018,75.0,0.531555032536151,1021.914922040114,28079689,-0.6319485446295603,6.929433520762372,17.15055706156198,93.9,504.5080029472656,0.0,65.8104229225551,-2.34375,0.2790517614216686,0.7419593685261953,12.801142120096664,High,100.0,1.653,0.207,98.14,0.0,0.0,0.0,100.0
NPL,Nepal,2019,78.2,0.4737513085069422,1077.117964981876,28414064,-0.7470727605693845,6.98204420224639,17.1623947918224,89.9,482.628345358362,0.0,65.9873929484157,4.266666666666663,0.2790517614216686,0.7582360724936419,-10.874457110003489,High,100.0,1.301,0.163,98.537,0.0,0.0,0.0,100.0
NPL,Nepal,2020,73.1,0.5681099877396616,1031.53618783934,28966574,-0.5654402386201373,6.938804414629164,17.18165310248299,89.9,524.4553198470693,0.0,66.1050886088505,-6.521739130434789,0.2790517614216686,0.7322950755455238,19.91734429823464,High,100.0,1.294,0.162,98.544,0.0,0.0,0.0,100.0
NPL,Nepal,2021,73.7,0.5897538287518816,1062.788843062899,29475010,-0.5280500685545421,6.968651716147925,17.19905334365822,89.9,534.0316923276057,0.0,66.144235274522,0.8207934336525335,0.2790517614216686,0.73534695753942,3.8097976587833537,High,100.0,0.935,0.104,98.962,0.0,0.0,0.0,100.0
PAK,Pakistan,2000,51.0,0.7224336950194715,1049.542296868522,154879127,-0.325129634806168,6.956109440371904,18.85815554485475,72.8,411.5499303745127,58.87059023931894,33.0046884491535,0.0,0.7038138292683661,0.407503054846997,0.0,Medium,25.854,0.0,0.0,25.854,73.575,0.361,32.757,26.425
PAK,Pakistan,2001,51.5,0.715614685361213,1057.867677786458,159270907,-0.334613405812455,6.964010536341793,18.88611712794397,73.9,407.9964656370401,58.24285054572959,33.1988471664032,0.9803921568627416,0.6992845726525495,0.4123109181498188,-0.9438941878361252,Medium,26.265,0.0,0.0,26.265,70.989,0.388,34.461,29.011
PAK,Pakistan,2002,51.4,0.6943360503455929,1059.041710245891,163222549,-0.3647992132731775,6.965119731271381,18.91062515884213,74.9,404.3342386518605,57.508472542541234,33.3857078542752,-0.1941747572815511,0.6939859011436119,0.4144516069053049,-2.9734765720856537,Medium,29.497,0.0,0.0,29.497,68.127,0.304,35.647,31.873
PAK,Pakistan,2003,50.1,0.7031142698082765,1090.275239937456,167110248,-0.3522358544229159,6.994185457051058,18.93416432023088,76.0,412.8367515477142,57.88584725897119,33.5669209665019,-2.529182879377423,0.6967087286921761,0.4064777821442476,1.2642609379585723,Medium,34.284,0.0,0.0,32.822,63.511,0.244,47.77,36.489
PAK,Pakistan,2004,47.9,0.7673697791997011,1146.996328426657,171286000,-0.264786482711341,7.04490191610128,18.9588452319918,77.0,431.6727597958123,59.704339088521486,33.7441369568158,-4.3912175648702645,0.7098294795924485,0.3887271727164919,9.138700798796997,Medium,31.259,0.0,0.0,29.863,66.496,0.198,50.57,33.504
PAK,Pakistan,2005,48.0,0.7632861118552791,1201.233593672143,175453212,-0.2701223352138305,7.091104302478138,18.98288296703596,78.1,436.0618667086124,60.08330179067697,33.9190062789495,0.2087682672233803,0.7125637647482448,0.3878686771375765,-0.5321642127581461,Medium,33.693,0.0,0.0,32.635,63.758,0.137,43.665,36.242
PAK,Pakistan,2006,47.0,0.808708952431645,1243.941426025427,179682690,-0.2123161887899773,7.126040187002018,19.006703019902,79.1,443.90336775409696,60.886480372274185,34.0931793866356,-2.083333333333337,0.7183588450044904,0.3798846670196266,5.95095860790118,Medium,33.166,0.0,0.0,32.101,64.272,0.141,35.979,35.728
PAK,Pakistan,2007,44.9,0.877889118869624,1265.355675398416,184493231,-0.1302349816254492,7.143108527964635,19.03312333242494,80.2,457.2053624274226,62.19883201929884,34.2683067336065,-4.468085106382979,0.7278277019849647,0.3644686515507526,8.554396019725807,Medium,31.16,0.0,0.0,29.86,66.438,0.146,34.238,33.562
PAK,Pakistan,2008,46.6,0.8252123058750149,1258.051889344521,189499113,-0.1921145852992677,7.137319683901401,19.05989490173701,81.4,437.83518900193377,61.336221901326645,34.4460387735948,3.786191536748329,0.7216038123319841,0.376227595359949,-6.000394795009656,Medium,31.244,0.0,0.0,29.868,66.885,0.118,31.911,33.115
PAK,Pakistan,2009,46.4,0.823532021617383,1269.074321164441,194376534,-0.1941528453391568,7.146043032716872,19.08530773282805,82.5,433.272314472197,60.73747269757056,34.6280259603331,-0.4291845493562318,0.7172837273986563,0.3773703438286474,-0.2036184198501711,Medium,30.278,0.0,0.01,29.227,66.975,0.125,29.217,33.025
PAK,Pakistan,2010,47.4,0.781255493557947,1256.694822013231,199239047,-0.2468530462020763,7.136240396308027,19.11001590298185,87.1,429.32779249532746,59.90719289897172,34.8159187475539,2.155172413793105,0.7112931069086881,0.3854521240634586,-5.133562138410442,Medium,34.715,0.011,0.011,33.647,62.577,0.095,27.375,37.423
PAK,Pakistan,2011,46.8,0.761925389822866,1261.831619078569,203746065,-0.2719066417076282,7.140319610331391,19.13238499701531,87.8,422.8425373761113,59.34613523380473,35.0113675889897,-1.265822784810133,0.7072449733148382,0.3844243088664873,-2.4742358798719,Medium,31.298,0.032,0.021,30.075,64.653,0.105,29.157,35.347
PAK,Pakistan,2012,47.2,0.7565472869140939,1275.488068989662,207667125,-0.2789902402200022,7.15108418355118,19.15144699514378,88.6,419.5461532069321,59.16198317523204,35.2160229383731,0.8547008547008739,0.7059162825563527,0.3871232422416609,-0.705856896306134,Medium,31.713,0.071,0.01,30.438,62.915,0.061,27.645,37.085
PAK,Pakistan,2013,48.1,0.7618129980949143,1309.70080446386,211073978,-0.272054162737546,7.177553996570382,19.16771923662727,89.3,421.5800137858746,59.12609418891751,35.4315352494366,1.9067796610169552,0.7056573369609729,0.3918305380301952,0.6960187779271321,Medium,32.189,0.133,0.381,30.387,63.616,0.153,25.429,36.384
PAK,Pakistan,2014,47.2,0.78969023760602,1343.307781210425,214264647,-0.2361145147102374,7.202890344660264,19.18272247716612,90.1,433.4499738389633,59.60529824619598,35.6595549759128,-1.8711018711018657,0.7091148818142294,0.3855239426127225,3.659328415348506,Medium,32.833,0.222,0.741,30.09,62.923,0.13,26.272,37.077
PAK,Pakistan,2015,45.9,0.8204858737676536,1380.470208383172,217290883,-0.1978585852148809,7.230179450828167,19.19674748852504,91.0,437.19822301036487,45.09017912267807,35.9017325715342,-2.754237288135597,0.6043856445349204,0.4312761502656018,3.899710886004093,Medium,33.647,0.337,0.7,30.703,62.514,0.133,31.031,37.486
PAK,Pakistan,2016,43.7,0.8939702511145362,1452.186582691766,220138869,-0.1120827805205235,7.280825687605684,19.20976912790664,91.8,446.91536596586855,0.0,36.1597184900333,-4.793028322440074,0.2790517614216686,0.5827528578446083,8.956202622897557,Medium,29.17,0.553,1.082,26.184,66.404,0.504,33.71,33.596
PAK,Pakistan,2017,42.1,0.9553097607657952,1495.261875280324,223273967,-0.0457196342708868,7.310056637896355,19.22391012694195,92.7,456.1073263735893,0.0,36.4351548223399,-3.661327231121281,0.2790517614216686,0.5746145058608849,6.8614710136926105,Medium,25.038,0.706,1.611,21.418,68.74,8.369,37.742,31.26
PAK,Pakistan,2018,43.4,0.8915233235263846,1561.681698195586,226928892,-0.1148236799051971,7.353518531270097,19.24014727527098,93.4,453.6031265487781,0.0,36.7478511550359,3.0878859857482066,0.2790517614216686,0.5812269168476601,-6.677042343655948,Medium,25.678,0.713,2.449,21.191,67.121,12.223,44.52,32.879
PAK,Pakistan,2019,45.9,0.8615248071455736,1573.833082693699,230800899,-0.14905142813497,7.36126937678076,19.25706598773795,93.9,431.6047549421859,0.0,37.1091631735769,5.760368663594462,0.2790517614216686,0.5939430918222278,-3.3648605245854,Medium,30.214,1.934,2.134,24.88,63.066,19.16,34.096,36.934
PAK,Pakistan,2020,42.7,0.9472257282718232,1526.005974863066,235001746,-0.0542178527721508,7.330409127212271,19.27510350186807,94.5,454.338436216576,0.0,37.5080192948099,-6.971677559912848,0.2790517614216686,0.5776663878547812,9.94758600279848,Medium,28.941,2.805,1.984,22.954,64.464,18.849,33.846,35.536
PAK,Pakistan,2021,41.6,0.956817705203498,1595.027921754216,239477801,-0.0441423913546595,7.374646520867736,19.29397128158408,94.9,465.1158628561443,0.0,37.9333395514173,-2.576112412177989,0.2790517614216686,0.5720712708659714,1.0126389777413536,Medium,28.044,3.548,2.806,20.556,62.312,15.875,29.82,37.688
PER,Peru,2000,38.6,1.089786423065417,3286.273084755233,26598331,0.0859817349000636,8.097509400669166,17.09635902742252,72.5,506.0142107069538,63.48161284597937,72.7724831207703,0.0,0.7370832000922523,0.3277961415611984,0.0,Low,81.978,0.0,0.0,81.175,18.022,1.757,3.966,81.978
PER,Peru,2001,41.2,0.9990728214372614,3261.664250513599,26964601,-0.0009276086586532,8.089992850389262,17.11003548968497,72.1,483.10829424813295,61.1617765169853,73.1565814081586,6.735751295336789,0.720345157002083,0.3493899850798334,-8.323979791654123,Medium,85.556,0.0,0.0,84.786,14.444,1.493,4.189,85.556
PER,Peru,2002,40.2,1.029821772525482,3398.749914192974,27288217,0.0293857508859954,8.131162970700037,17.12196555526243,74.4,478.0984967575676,61.34376485246912,73.5500651944675,-2.4271844660194164,0.7216582361030373,0.3436469755395291,3.077748731467356,Medium,82.901,0.0,0.0,82.037,17.099,3.547,5.002,82.901
PER,Peru,2003,40.9,0.999006906693826,3502.791656876459,27580490,-0.000993586750049,8.161315545801125,17.13261919666907,74.4,464.5963773301127,60.440139344774735,73.9558750733136,1.741293532338295,0.715138412917182,0.3504674161253357,-2.9922523152804525,Medium,81.683,0.0,0.0,80.811,18.317,3.358,5.757,81.683
PER,Peru,2004,37.8,1.142473895230501,3640.602998697444,27852190,0.1331959947116185,8.199904605893666,17.14242215679353,75.7,499.92303896081415,64.4936749571151,74.3769516383133,-7.579462102689494,0.7443854131899594,0.3200758590204831,14.360960627536931,Low,72.866,0.0,0.0,72.247,27.134,3.794,9.608,72.866
PER,Peru,2005,38.4,1.133037829728147,3835.132192797219,28101180,0.1249023704806553,8.251959183297815,17.15132212630486,77.2,525.1507749360134,66.16363866176899,74.8162354830832,1.5873015873015817,0.7564345065238999,0.3171031943474092,-0.8259327011100104,Low,72.275,0.0,0.0,70.902,27.725,3.137,17.843,72.275
PER,Peru,2006,38.7,1.111758724984678,4091.362686155809,28324491,0.1059431983514992,8.316633368645569,17.15923739472571,80.2,503.267677520574,64.08230550919791,75.2766672012397,0.7812500000000222,0.7414173074407909,0.3261377348859118,-1.8780577475135507,Low,73.282,0.0,0.0,72.003,26.718,2.997,17.654,73.282
PER,Peru,2007,36.0,1.20481100024924,4407.791216864158,28530699,0.1863227083747657,8.391128985115767,17.16649122341531,82.0,531.6890821236977,66.48556524975665,75.7615250588738,-6.976744186046513,0.7587572656919767,0.3037342867877858,8.369826399684378,Low,66.722,0.0,0.0,65.319,33.278,2.84,27.464,66.722
PER,Peru,2008,33.7,1.357796035041699,4778.526421723128,28719041,0.3058628227468842,8.471887497983221,17.17307091022189,84.7,581.6399505766157,68.92027309188596,76.2744879116779,-6.388888888888877,0.7763241277434924,0.2832519747854257,12.697845119343288,Low,60.13,0.0,0.0,58.711,39.87,2.714,31.175,60.13
PER,Peru,2009,32.9,1.452572050251496,4801.171537405071,28896811,0.3733358128176327,8.476615237408398,17.17924180097333,86.4,583.1797483479959,68.658734821226,76.822147540745,-2.3738872403560984,0.7744370813215867,0.2801263220045169,6.980136394851555,Low,60.601,0.0,0.0,59.204,39.399,2.369,31.683,60.601
PER,Peru,2010,32.2,1.576300283651743,5167.392593259375,29086019,0.4550805085981601,8.550123506290927,17.18576816995481,88.1,603.5145567738267,72.58770161644861,77.4020936833934,-2.127659574468077,0.8027852948124912,0.2623916862661858,8.517872375337587,Low,57.704,0.0,0.0,55.837,42.296,2.368,34.076,57.704
PER,Peru,2011,30.6,1.678240365524453,5453.45718713631,29304086,0.5177458430333859,8.604005032808287,17.19323751818942,89.7,688.1364498690592,69.60195407905101,78.0118164985462,-4.968944099378891,0.7812425806508425,0.2650246913632867,6.467047105805901,Low,56.768,0.0,0.0,55.034,43.232,1.58,35.661,56.768
PER,Peru,2012,30.8,1.662297516044302,5740.04346272472,29550366,0.5082006912697057,8.655222061188207,17.20160668752648,91.1,732.0717921139318,72.45588075519058,78.6488061451268,0.6535947712418277,0.8018341832067526,0.2557461840832972,-0.9499741400373796,Low,55.255,0.15,0.0,53.428,44.745,3.228,39.164,55.255
PER,Peru,2013,28.4,1.687693229027821,6021.461427652321,29817919,0.5233626432997862,8.703085270909416,17.21062007948681,92.1,698.171569630996,74.60308679510972,79.3105527820586,-7.792207792207795,0.8173266672110973,0.2357924141055398,1.5277477550440066,Low,53.942,0.46,0.0,51.276,46.058,2.804,41.508,53.942
PER,Peru,2014,28.6,1.768256331405288,6103.918647499693,30115826,0.569993937532833,8.716686245139517,17.22056137227574,92.9,728.7728787608316,86.19023676605194,79.9945465682649,0.7042253521126751,0.9009300719349048,0.1950080057416015,4.773563168460093,Low,52.373,0.437,0.569,48.546,47.627,0.722,45.681,52.373
PER,Peru,2015,27.4,1.802551744063879,6231.711503388939,30457600,0.5892032965964895,8.737406293698061,17.23184611046887,93.9,743.1664791232139,32.84822122920539,80.698277662669,-4.195804195804209,0.5160576809764592,0.3813404372330318,1.939504587060381,Medium,52.724,0.476,1.243,49.12,47.276,0.849,45.018,52.724
PER,Peru,2016,27.2,1.862890550510855,6392.254749410137,30866494,0.6221293408388298,8.762842341065294,17.24518181698017,94.2,764.2358278902618,0.0,81.4192362241943,-0.7299270072992692,0.2790517614216686,0.4988261030124618,3.347410505450532,Medium,50.397,0.465,2.053,46.794,49.603,1.917,45.632,50.397
PER,Peru,2017,27.6,1.762740299273061,6457.419402547214,31324637,0.5668695864239159,8.772985043676032,17.25991547049091,94.8,762.2463398888199,0.0,82.1931650502403,1.4705882352941346,0.2790517614216686,0.5008606910083926,-5.376067381432048,Medium,58.604,0.55,2.03,55.132,41.396,1.442,37.697,58.604
PER,Peru,2018,27.9,1.735140818188613,6593.144374595259,31897584,0.551088573326369,8.793785657037539,17.27804082820979,95.2,784.0279831939308,0.0,82.6854929960921,1.086956521739113,0.2790517614216686,0.5023866320053407,-1.5657145352511503,Medium,61.131,1.373,2.746,56.243,38.869,0.238,37.862,61.131
PER,Peru,2019,27.1,1.792701063563677,6626.260834949689,32449303,0.5837234565532479,8.798795947456263,17.29518952168493,95.6,798.59712052539,0.0,83.1033003087105,-2.8673835125447966,0.2790517614216686,0.4983174560134791,3.317324148662104,Medium,60.542,1.372,2.901,55.302,39.458,0.281,38.21,60.542
PER,Peru,2020,31.6,1.447468235455621,5831.830247585214,32838579,0.3698159858066978,8.671086166197867,17.30711457121036,96.2,678.5117122829098,0.0,83.5267437189637,16.605166051660515,0.2790517614216686,0.5212065709677008,-19.25769081777496,Medium,63.484,1.491,3.416,57.558,36.516,0.264,35.233,63.484
PER,Peru,2021,30.6,1.798438056933608,6547.847181817761,33155882,0.5869185420444937,8.786891600072346,17.31673069475369,95.6,775.2895088449193,0.0,83.9480118272361,-3.164556962025311,0.2790517614216686,0.5161201009778738,24.247151880850225,Medium,61.572,1.404,3.194,55.957,38.428,0.246,37.147,61.572
PHL,Philippines,2000,33.9,0.9326722728930318,1793.347611464365,79625397,-0.0697014014782343,7.491839326239129,18.19284365771544,74.7,487.4027795476925,54.68270537478943,39.1384171397742,0.0,0.6735974745871901,0.3356325953615423,0.0,Medium,42.892,0.0,0.0,17.219,57.108,36.777,0.044,42.892
PHL,Philippines,2001,32.9,0.8807197725918721,1807.70892524758,81401488,-0.1270157824270896,7.499815535318612,18.21490411090397,75.7,454.32383132008346,56.226335662936464,39.5375185608843,-2.9498525073746285,0.6847350492321647,0.3249773380492279,-5.570284633852108,Low,37.279,0.0,0.0,15.09,62.721,39.936,1.807,37.279
PHL,Philippines,2002,31.8,0.8780796382144945,1837.254292868539,83068889,-0.1300179853436537,7.516027503979139,18.23518080946315,76.7,451.2844686814615,57.850557185662325,39.9553922931877,-3.3434650455926973,0.6964541043635902,0.3135226934947054,-0.2997700811925519,Low,35.638,0.0,0.0,14.507,64.362,33.285,18.097,35.638
PHL,Philippines,2003,30.9,0.882480593038024,1892.821619950508,84731835,-0.125018481308246,7.545823915364356,18.25500194496834,76.6,442.568789118581,59.37318542555605,40.3928506135438,-2.830188679245293,0.7074401453920541,0.3034518499896291,0.5012022408899419,Low,33.415,0.0,0.0,14.866,66.585,28.221,24.821,33.415
PHL,Philippines,2004,30.2,0.8760707741316509,1978.344891331134,86394504,-0.1323083989215454,7.590015860648972,18.2744346206399,87.6,430.0757526405303,58.86134746920016,40.8507057988121,-2.265372168284785,0.7037471409927376,0.3017378231964084,-0.7263410614285148,Low,33.733,0.0,0.0,15.356,66.267,28.942,22.131,33.733
PHL,Philippines,2005,31.3,0.8962499324838373,2037.877660594598,88015962,-0.109535962400151,7.619664182831976,18.2930287423576,79.8,434.47117461439785,58.73965477034022,41.3297701258519,3.642384105960272,0.7028691059297383,0.3077719577167178,2.303370794692672,Low,32.367,0.0,0.035,14.831,67.633,26.975,29.804,32.367
PHL,Philippines,2006,33.3,0.7929148029897244,2110.420447812837,89508986,-0.2320394994497235,7.654642470985879,18.30984958043975,80.2,423.3570797189413,57.18330778686085,41.8308558715226,6.38977635782747,0.6916397780038203,0.323559561659331,-11.52972242996252,Low,36.034,0.0,0.088,17.506,63.966,26.928,28.831,36.034
PHL,Philippines,2007,32.4,0.8450282131738542,2209.346510833289,91075184,-0.1683852638109173,7.700452054329456,18.32719592116979,82.0,425.6258060413438,57.10178348495778,42.3470499959497,-2.7027027027026973,0.6910515652660961,0.3192758450373487,6.572384572419843,Low,31.6,0.0,0.101,14.358,68.4,28.246,31.516,31.6
PHL,Philippines,2008,33.9,0.8388668735115484,2264.946290728805,92699095,-0.1757032579158201,7.725306324933469,18.34486926781313,83.3,439.08291757886207,56.78372436988505,43.1547492407016,4.629629629629628,0.6887567106219251,0.3280529773441747,-0.729128278352309,Low,33.903,0.0,0.099,16.179,66.097,25.896,32.193,33.903
PHL,Philippines,2009,34.1,0.8332491914699751,2256.725548354631,94384250,-0.1824225321278219,7.721670169226304,18.36288477397551,84.3,420.7180472555262,54.10565832390405,44.3356772609527,0.5899705014749346,0.6694339746531397,0.3387316393265329,-0.6696750365236537,Medium,32.574,0.0,0.097,15.811,67.426,26.615,32.122,32.574
PHL,Philippines,2010,32.7,0.8819943505683816,2373.143120646636,96337125,-0.1255696282471275,7.771970566731109,18.38336431649561,85.5,431.461435820742,58.421148427000425,45.5208176726647,-4.105571847507328,0.7005710244518845,0.3160420564414026,5.85000976867589,Low,26.296,0.0,0.089,11.516,73.704,34.401,28.82,26.296
PHL,Philippines,2011,33.8,0.8609536211879794,2416.752120645418,98248614,-0.1497146422212948,7.79017981882252,18.40301170174391,87.2,428.3307590549837,57.86585769126549,46.6833632464759,3.363914373088672,0.6965645003078585,0.3236404355022253,-2.385585504809984,Low,28.662,0.0,0.13,14.027,71.338,36.645,29.776,28.662
PHL,Philippines,2012,34.1,0.8934528829760311,2533.741419649587,100175512,-0.112661678872107,7.837452311337027,18.42243432552907,87.1,437.467121529591,58.71178061741716,47.9182784810426,0.887573964497057,0.7026679888220799,0.3221146322420628,3.774798199142016,Low,28.454,0.0,0.11,14.062,71.546,38.771,26.945,28.454
PHL,Philippines,2013,33.1,0.9550391777385114,2654.415069339782,102076336,-0.0460029155329006,7.883979596537222,18.44123148349964,87.5,443.2706552957279,60.79772326558943,49.1313688766206,-2.9325513196480912,0.7177184462583891,0.3095029335340811,6.893065760484274,Low,26.412,0.0,0.093,13.319,73.588,42.643,24.977,26.412
PHL,Philippines,2014,32.4,1.002373294895985,2776.920059094785,103767130,0.0023704830796207,7.929097700106274,18.45765981187992,89.8,465.6274976659488,61.60315891086532,50.2392400212368,-2.114803625377648,0.7235298116415805,0.3030367218496065,4.956248734168001,Low,25.612,0.026,0.194,11.835,74.388,42.794,24.2,25.612
PHL,Philippines,2015,30.8,1.074771477388089,2909.858180103006,105312992,0.0721080598076001,7.97585962361814,18.47244735031013,89.1,499.0723638328555,43.30246567393628,51.1549047745227,-4.93827160493826,0.5914869652772806,0.3609197930480331,7.222676707445275,Medium,25.413,0.17,0.91,10.51,74.587,44.527,22.913,25.413
PHL,Philippines,2016,28.6,1.136425567152454,3076.337418675898,106735719,0.1278878691190231,8.03149501858745,18.4858664212642,92.0,520.9824171822368,0.0,51.9114748151175,-7.14285714285714,0.2790517614216686,0.5059471609982197,5.736483621076061,Medium,24.21,1.212,1.079,8.933,75.79,47.692,21.864,24.21
PHL,Philippines,2017,27.8,1.254591057708608,3247.450387836204,108119693,0.2268096690515718,8.085625471395328,18.49874943993083,93.0,544.4771879866964,0.0,52.6010482354344,-2.7972027972028024,0.2790517614216686,0.5018779850063579,10.397996487551907,Medium,24.555,1.272,1.155,10.184,75.445,49.65,21.778,24.555
PHL,Philippines,2018,27.6,1.291147210896181,3410.936479761091,109465287,0.2555311339432773,8.134742160070255,18.51111804326273,94.2,554.5019928189207,0.0,53.2088897464754,-0.7194244604316502,0.2790517614216686,0.5008606910083926,2.91379035128303,Medium,23.371,1.253,1.153,9.404,76.629,52.065,21.386,23.371
PHL,Philippines,2019,26.9,1.335001337443472,3575.881709229217,110804683,0.2889322936820274,8.181967056671676,18.52327959672726,95.3,551.8794831417125,0.0,53.7157859948017,-2.5362318840579823,0.2790517614216686,0.4973001620155136,3.39652412809317,Medium,20.787,1.179,0.981,7.573,79.213,54.598,21.079,20.787
PHL,Philippines,2020,29.1,1.21683584867494,3198.666900084131,112081264,0.1962539229646502,8.070489408264836,18.53473473758825,96.4,518.1706273260863,0.0,54.1077719895977,8.178438661710041,0.2790517614216686,0.5084903959931332,-8.851338605758919,Medium,21.229,1.346,1.012,7.066,78.771,57.179,19.165,21.229
PHL,Philippines,2021,28.0,1.287446303501429,3350.975875877763,113100950,0.2526606466677268,8.117006888629858,18.5437913406974,97.5,531.0454214953915,0.0,54.4504102510776,-3.7800687285223455,0.2790517614216686,0.5028952790043234,5.802792127087608,Medium,22.135,1.39,1.21,8.689,77.865,58.671,17.663,22.135
PNG,Papua New Guinea,2000,66.4,0.5263619853409677,1989.578822042742,5537064,-0.6417661178763058,7.595678248103403,15.52697495434405,12.4,603.8037999957767,10.807091106766707,13.2228772276955,0.0,0.4916618178880346,0.5919106983804996,0.0,Medium,42.396,0.0,0.0,42.396,57.604,0.0,23.041,42.396
PNG,Papua New Guinea,2001,63.4,0.6184411623768097,1920.780038893932,5728435,-0.4805532212190625,7.560486652773668,15.56095292747654,12.7,603.8037999957767,10.807091106766707,13.1864094716078,-4.518072289156638,0.4916618178880346,0.5766512884110183,17.493508194022557,Medium,34.328,0.0,0.0,34.328,65.672,0.0,21.642,34.328
PNG,Papua New Guinea,2002,62.5,0.6860057295717102,1854.418317374619,5924003,-0.3768692991457806,7.525326350327156,15.59452296078428,13.1,603.8037999957767,10.807091106766707,13.1530694608835,-1.4195583596214534,0.4916618178880346,0.572073465420174,10.924979012592662,Medium,32.056,0.0,0.0,32.056,67.944,0.0,20.209,32.056
PNG,Papua New Guinea,2003,60.4,0.7395986640751131,1832.678703144467,6123997,-0.3016475857510675,7.51353394777531,15.62772554588369,13.4,603.8037999957767,10.807091106766707,13.1226067833938,-3.3600000000000074,0.4916618178880346,0.5613918784415372,7.81231587334732,Medium,30.124,0.0,0.0,28.571,69.876,0.0,16.77,30.124
PNG,Papua New Guinea,2004,57.5,0.7615310962745026,1821.847410710015,6328041,-0.2724242719264963,7.507606326074632,15.66050126754897,13.8,603.8037999957767,10.807091106766707,13.0951673752744,-4.801324503311255,0.4916618178880346,0.5466411154710387,2.965450488856214,Medium,26.781,0.0,0.0,25.356,73.219,0.0,16.809,26.781
PNG,Papua New Guinea,2005,58.6,0.8001646290758511,1875.822734805139,6535905,-0.2229377861405014,7.536802634059574,15.69282138053262,14.1,603.8037999957767,10.807091106766707,13.0708971726612,1.913043478260868,0.4916618178880346,0.5522362324598484,5.073139230997681,Medium,32.597,0.0,0.0,24.309,67.403,0.0,15.47,32.597
PNG,Papua New Guinea,2006,58.9,0.7880439615158897,1915.234940578797,6747720,-0.2382014019546426,7.557595578464984,15.72471522801117,12.4,603.8037999957767,10.807091106766707,13.04994211169,0.5119453924914641,0.4916618178880346,0.5537621734567966,-1.5147717256585147,Medium,33.824,0.0,0.0,25.0,66.176,0.0,15.882,33.824
PNG,Papua New Guinea,2007,57.1,0.7588163447308729,2000.972618668903,6963345,-0.2759955009175342,7.601388650666472,15.75617052030603,14.9,603.8037999957767,10.807091106766707,13.0324481284965,-3.056027164685904,0.4916618178880346,0.5446065274751078,-3.708881510721085,Medium,37.313,0.0,0.0,25.373,62.687,0.0,15.522,37.313
PNG,Papua New Guinea,2008,56.9,0.7102879826568336,1934.032015587529,7183002,-0.3420847818082002,7.567362229954572,15.78722795949209,15.3,603.8037999957767,10.807091106766707,13.0185611592166,-0.350262697022774,0.4916618178880346,0.5435892334771424,-6.39527105748503,Medium,36.657,0.0,0.0,24.927,63.343,0.0,16.716,36.657
PNG,Papua New Guinea,2009,56.0,0.6683644688580394,2003.241097270391,7406438,-0.4029216421747004,7.602521696505232,15.81786017994376,17.2,603.8037999957767,10.807091106766707,13.008427139986,-1.581722319859402,0.4916618178880346,0.5390114104862981,-5.902326214499542,Medium,37.092,0.0,0.0,25.223,62.908,0.0,16.914,37.092
PNG,Papua New Guinea,2010,55.2,0.5543181044977529,2140.509390273843,7633523,-0.5900165611778907,7.66879911252882,15.84806002670924,19.5,603.8037999957767,10.807091106766707,13.0021920069407,-1.4285714285714235,0.4916618178880346,0.5349422344944365,-17.06349898508892,Medium,35.613,0.0,0.0,24.217,64.387,0.0,16.239,35.613
PNG,Papua New Guinea,2011,54.7,0.5686478238774575,2102.031920606388,7859346,-0.564493975181379,7.650659737147658,15.8772139548367,17.3,603.8037999957767,10.807091106766707,13.0000025015364,-0.9057971014492794,0.4916618178880346,0.532398999499523,2.5851075877610485,Medium,37.466,0.0,0.0,26.446,62.534,0.0,16.253,37.466
PNG,Papua New Guinea,2012,55.5,0.5272484065241252,2139.480966604283,8081390,-0.6400834818675067,7.668318539628603,15.90507444540484,17.5,603.8037999957767,10.807091106766707,13.0143796071362,1.4625228519195457,0.4916618178880346,0.5364681754913846,-7.280326348747934,Medium,36.729,0.0,0.0,26.005,63.271,0.0,13.405,36.729
PNG,Papua New Guinea,2013,58.3,0.5512304554495419,2162.105925955907,8302698,-0.595602307816441,7.678837991428154,15.93209108018716,17.8,603.8037999957767,10.807091106766707,13.0582475733094,5.045045045045038,0.4916618178880346,0.5507102914629003,4.548529427242443,Medium,35.162,0.0,0.0,24.688,64.838,0.0,12.718,35.162
PNG,Papua New Guinea,2014,56.9,0.6497258560245797,2391.357802816296,8523441,-0.4312047650203879,7.77961660194061,15.95833069051009,18.1,603.8037999957767,10.807091106766707,13.1316404025265,-2.401372212692965,0.4916618178880346,0.5435892334771424,17.868279882088945,Medium,33.411,0.0,0.0,23.598,66.589,0.0,14.486,33.411
PNG,Papua New Guinea,2015,55.3,0.6832588262986081,2484.5963398603,8743246,-0.38088153614747,7.817865486648128,15.98379207456234,18.4,603.8037999957767,10.807091106766707,13.2341359836319,-2.811950790861162,0.4916618178880346,0.5354508814934191,5.161095247032899,Medium,31.347,0.0,0.0,22.075,68.653,0.0,15.011,31.347
PNG,Papua New Guinea,2016,54.8,0.7388092327832677,2557.094630300355,8961718,-0.3027155337355887,7.846626982936608,16.00847250764257,13.5,603.8037999957767,10.807091106766707,13.3653651942392,-0.9041591320072316,0.4916618178880346,0.5329076464985056,8.130214253592705,Medium,29.769,0.0,0.0,20.964,70.231,0.0,17.4,29.769
PNG,Papua New Guinea,2017,54.7,0.629630686826063,2584.888363627105,9178714,-0.4626218428728343,7.857437599792223,16.03239766563758,19.2,603.8037999957767,10.807091106766707,13.5249644881888,-0.1824817518248034,0.4916618178880346,0.532398999499523,-14.777636920684312,Medium,27.816,0.0,0.0,18.161,72.184,0.0,20.0,27.816
PNG,Papua New Guinea,2018,53.4,0.5220068352665007,2518.458993173212,9394513,-0.6500745968049594,7.831402482811025,16.05563635340314,16.6,603.8037999957767,10.807091106766707,13.7125720532162,-2.376599634369292,0.4916618178880346,0.5257865885127477,-17.093171252832164,Medium,22.936,0.0,0.0,19.495,77.064,0.0,20.183,22.936
PNG,Papua New Guinea,2019,53.2,0.5241330792662304,2572.561779678961,9609010,-0.6460096588401995,7.852657482844119,16.07821175794988,23.6,603.8037999957767,10.807091106766707,13.9278267446947,-0.3745318352059823,0.4916618178880346,0.5247692945147824,0.4073211031124124,Medium,26.402,0.0,0.0,23.598,73.598,0.0,14.252,26.402
PNG,Papua New Guinea,2020,53.6,0.5577161430216308,2438.611379222932,9815746,-0.5839051502970474,7.799184049408614,16.09949838891747,20.5,603.8037999957767,10.807091106766707,14.1703677185729,0.7518796992481258,0.4916618178880346,0.5268038825107131,6.407354369316964,Medium,27.317,0.0,0.0,24.634,72.683,0.0,20.0,27.317
PNG,Papua New Guinea,2021,54.5,0.5379762258591321,2378.371681654902,10012896,-0.6199409096496673,7.77417136514433,16.11938442013845,20.9,603.8037999957767,10.807091106766707,14.4398342822353,1.679104477611948,0.4916618178880346,0.5313817055015575,-3.5394200812532417,Medium,24.724,0.0,0.0,22.296,75.276,0.0,18.985,24.724
PNG,Papua New Guinea,2022,54.6,0.5419394699823162,2467.234887908768,10203169,-0.6126009627784712,7.810853323958383,16.13820891627602,19.0,603.8037999957767,10.807091106766707,14.7358658260841,0.1834862385321045,0.4916618178880346,0.5318903525005403,0.7366950308733466,Medium,21.133,0.218,0.0,18.519,78.867,0.0,19.826,21.133
PRY,Paraguay,2000,70.4,0.7141137547570334,4074.489533204574,5100868,-0.3367130089446958,8.312500749903023,15.44492127929128,89.6,756.712974544407,28.136868064304032,57.5141169408231,0.0,0.4820644068383141,0.617055283864668,0.0,Medium,100.0,0.0,0.0,100.0,0.0,0.0,0.0,100.0
PRY,Paraguay,2001,69.8,0.7299782234440038,3972.884278667388,5187689,-0.3147405761832753,8.287247628450404,15.46179887659234,91.0,756.5211311693454,28.750421680308648,57.9686577349574,-0.8522727272727404,0.4864913083116897,0.6117899511340839,2.2215604420570134,Medium,100.0,0.0,0.0,100.0,0.0,0.0,0.0,100.0
PRY,Paraguay,2002,67.7,0.7536310224338799,3916.440223087315,5261328,-0.2828523909172129,8.27293841385086,15.47589402433122,91.7,740.2399308687236,30.44559843494099,58.3089732866691,-3.008595988538676,0.4987223184091964,0.5949928591066937,3.240206108927924,Medium,100.0,0.0,0.0,100.0,0.0,0.0,0.0,100.0
PRY,Paraguay,2003,67.0,0.7683374023455835,4035.718339199361,5326436,-0.2635263163390523,8.30293959192215,15.48819290456648,92.6,747.213467666312,30.861249183239416,58.5521334403429,-1.0339734121122657,0.5017213145230718,0.5899328320568771,1.951403203149571,Medium,100.0,0.0,0.0,100.0,0.0,0.0,0.0,100.0
PRY,Paraguay,2004,66.8,0.7685162415845811,4151.345847994228,5388175,-0.2632935820894233,8.331187861372133,15.4997172955692,93.2,745.1413053824253,31.024532213351204,58.7421370296254,-0.2985074626865702,0.5028994314271594,0.5883264796068679,0.0232761334345577,Medium,100.0,0.0,0.0,100.0,0.0,0.0,0.0,100.0
PRY,Paraguay,2005,68.8,0.7010704838772145,4193.280865256755,5448097,-0.3551468493884041,8.341238729248127,15.51077693135196,94.7,727.7261144704637,28.97105689689397,58.894079141979,2.9940119760478945,0.4880832317229484,0.6059075194386275,-8.77610049831896,Medium,100.0,0.0,0.0,100.0,0.0,0.0,0.0,100.0
PRY,Paraguay,2006,66.5,0.7476638230252847,4349.311970662393,5505148,-0.2908018364917723,8.377772943909088,15.52119421242785,96.7,742.1378107839608,30.065289519744603,59.0202286834627,-3.3430232558139483,0.4959783200802743,0.5902610942833624,6.646027784594422,Medium,100.0,0.0,0.0,100.0,0.0,0.0,0.0,100.0
PRY,Paraguay,2007,68.4,0.703512941896821,4540.382358992582,5559386,-0.3516690061550849,8.420766507531503,15.53099822847406,96.5,748.808732851018,30.73234623077177,59.1328545601355,2.857142857142869,0.500791256162537,0.5975189192229025,-5.905178205602512,Medium,100.0,0.0,0.0,100.0,0.0,0.0,0.0,100.0
PRY,Paraguay,2008,65.8,0.8136883917447245,4788.663187780742,5613574,-0.2061777973948973,8.474006567483164,15.54069815130054,96.7,795.1397809602902,29.80585521053456,59.2442256780564,-3.801169590643283,0.4941064541247527,0.5876364982682442,15.6607566523008,Medium,100.0,0.0,0.0,100.0,0.0,0.0,0.0,100.0
PRY,Paraguay,2009,65.4,0.8310005085311208,4727.59685811389,5671236,-0.1851248721760688,8.46117228855412,15.55091764136568,96.9,803.8424031657472,30.24521928044087,59.3666109432844,-0.6079027355622935,0.4972765461879083,0.5840168642407356,2.127610146837089,Medium,100.0,0.0,0.0,100.0,0.0,0.0,0.0,100.0
PRY,Paraguay,2010,63.6,0.9138944759393172,5191.050142543619,5737971,-0.0900401672136407,8.554691295295818,15.56261622148488,97.4,845.8134558561118,32.27525896179004,59.5122792618786,-2.752293577981657,0.5119236535016858,0.5675376646021582,9.975200563320952,Medium,100.0,0.0,0.0,100.0,0.0,0.0,0.0,100.0
PRY,Paraguay,2011,62.5,0.9374635617148892,5342.190157175379,5814626,-0.0645773893970503,8.583390989662227,15.57588702544347,98.2,846.3780698587167,33.32572752174195,59.693499539898,-1.729559748427678,0.5195029761468171,0.5581528862907827,2.578972342659936,Medium,100.0,0.0,0.0,100.0,0.0,0.0,0.0,100.0
PRY,Paraguay,2012,63.4,0.9178044187832204,5230.262448589885,5897008,-0.085770962494728,8.562216737174664,15.58995566160373,97.8,838.7258518528278,34.16597664648048,59.9212909454702,1.4399999999999968,0.5255655271468909,0.5596994337815901,-2.0970567534066897,Medium,100.0,0.0,0.0,100.0,0.0,0.0,0.0,100.0
PRY,Paraguay,2013,62.5,0.9429255095533682,5583.12274473566,5982445,-0.0587679925193058,8.627503530513009,15.60433990524142,99.0,834.8644122875029,33.25253542090032,60.2375315600901,-1.4195583596214534,0.5189748817625558,0.5584169334829134,2.737085402514428,Medium,100.0,0.0,0.0,99.785,0.0,0.0,0.0,100.0
PRY,Paraguay,2014,62.5,0.9802446896616716,5794.476446899848,6069811,-0.0199530551549777,8.66466040603236,15.61883802581287,99.0,859.8641315066977,33.3723126223006,60.7101965948157,0.0,0.5198390961613047,0.557984826283539,3.957807878798425,Medium,99.982,0.0,0.0,99.729,0.018,0.0,0.0,99.982
PRY,Paraguay,2015,60.5,1.081488651837776,5879.337923087617,6159103,0.0783384733718985,8.679199436438678,15.63344170802342,99.3,925.1934116297828,33.52560195155427,61.3302768533263,-3.200000000000003,0.5209451066872386,0.5472588810409178,10.32843770987919,Medium,100.0,0.0,0.0,99.732,0.0,0.0,0.0,100.0
PRY,Paraguay,2016,62.5,1.20212010447541,6041.958793673485,6249126,0.1840867516499196,8.706483541942143,15.64795217193406,98.4,1072.6062844637554,0.0,62.0827613208606,3.305785123966931,0.2790517614216686,0.678378493653357,11.154204201093076,High,100.0,0.0,0.0,99.734,0.0,0.0,0.0,100.0
PRY,Paraguay,2017,60.1,1.336055254580621,6243.133631390297,6338660,0.2897214324782541,8.739237519828704,15.6621779476076,99.3,1116.3394633354114,0.0,62.9526389826574,-3.839999999999999,0.2790517614216686,0.6661709656777721,11.141578084134828,High,100.0,0.0,0.0,99.766,0.0,0.0,0.0,100.0
PRY,Paraguay,2018,59.2,1.360258344688397,6354.239200531601,6427382,0.3076746410376754,8.756877459782133,15.67607785933833,99.6,1130.4836781528606,0.0,63.9248988239553,-1.4975041597337757,0.2790517614216686,0.6615931426869277,1.811533619196992,High,100.0,0.0,0.0,99.781,0.0,0.0,0.0,100.0
PRY,Paraguay,2019,60.1,1.308015983894541,6243.536208978227,6515058,0.2685114730632021,8.739302001006346,15.68962667103407,99.7,1105.5625369454162,0.0,64.9845298299929,1.520270270270263,0.2790517614216686,0.6661709656777721,-3.84062049667655,High,100.0,0.0,0.0,99.718,0.0,0.0,0.0,100.0
PRY,Paraguay,2020,61.5,1.1894625150994,6109.19608100826,6603739,0.1735015371070328,8.717550469205916,15.70314656173904,99.7,1056.540629952698,0.0,66.116520986009,2.329450915141429,0.2790517614216686,0.6732920236635299,-9.063610097649956,High,100.0,0.0,0.0,99.442,0.0,0.0,0.0,100.0
PRY,Paraguay,2021,58.8,1.193429502667641,6278.110066638092,6684182,0.1768310973250266,8.744824269366418,15.71525439753078,100.0,1094.065944607952,0.0,67.3058612772421,-4.390243902439028,0.2790517614216686,0.6595585546909968,0.3335109360642185,Medium,100.0,0.0,0.0,99.339,0.0,0.0,0.0,100.0
RWA,Rwanda,2000,86.8,0.0828470558128623,333.3550901430842,8213931,-2.490759072097516,5.809208258613258,15.92134217317117,6.2,412.4473510130679,0.0,15.7804474645996,0.0,0.2790517614216686,0.8019797144061545,0.0,High,62.5,0.0,0.0,62.5,37.5,0.0,0.0,62.5
RWA,Rwanda,2001,86.9,0.0839377470558437,358.4460586914521,8287094,-2.477679861372037,5.881778184817737,15.9302099228343,4.7,408.9213258520575,0.0,16.5487399668155,0.1152073732719083,0.2790517614216686,0.8024883614051372,1.31651177254275,High,60.0,0.0,0.0,60.0,40.0,0.0,0.0,60.0
RWA,Rwanda,2002,87.1,0.0974383882250142,400.2704212649114,8400180,-2.328535016362055,5.992140371849265,15.94376369215538,6.0,409.0830735934813,0.0,16.8778847116752,0.2301495972381939,0.2790517614216686,0.8035056554031026,16.08411190758856,High,58.824,0.0,0.0,58.824,41.176,0.0,0.0,58.824
RWA,Rwanda,2003,87.3,0.0825096440788994,400.1916206487258,8586875,-2.494840094547477,5.991943484021201,15.96574543266035,7.4,398.62561336318856,0.0,16.8947432312369,0.2296211251435087,0.2790517614216686,0.804522949401068,-15.3212141724264,High,66.667,0.0,0.0,66.667,33.333,0.0,0.0,66.667
RWA,Rwanda,2004,87.6,0.0778850119158283,418.7809972774571,8816844,-2.552521746210983,6.037348103748834,15.99217454081975,8.7,390.8153639642428,0.0,16.9020099536792,0.3436426116838476,0.2790517614216686,0.8060488903980162,-5.604959534971243,High,57.143,0.0,0.0,57.143,42.857,0.0,0.0,57.143
RWA,Rwanda,2005,89.2,0.0819369049386119,446.0298096364042,9054528,-2.501805779866137,6.100385787536307,16.01877552204375,4.8,356.54653249353254,0.0,16.9072114459454,1.82648401826484,0.2790517614216686,0.8141872423817396,5.202404060954002,High,52.632,0.0,0.0,52.632,47.368,0.0,0.0,52.632
RWA,Rwanda,2006,90.6,0.0800710079075228,474.3645994633065,9299246,-2.524841439147136,6.161976223194512,16.04544387956789,11.4,355.8527356513302,0.0,16.9110139245047,1.5695067264573923,0.2790517614216686,0.8213083003674974,-2.277236408291305,High,48.148,0.0,0.0,48.148,51.852,0.0,0.0,48.148
RWA,Rwanda,2007,90.3,0.0709743199245481,497.171622130545,9549933,-2.645437158570409,6.208935282646764,16.0720446967255,12.8,352.7666097072325,0.0,16.9140836058266,-0.3311258278145712,0.2790517614216686,0.8197823593705493,-11.360776166925246,High,48.0,0.0,0.0,48.0,52.0,0.0,0.0,48.0
RWA,Rwanda,2008,90.6,0.0691331500594281,538.3253720655919,9804269,-2.671720922879141,6.288463158146646,16.09832846103423,6.0,352.0907040369792,0.0,16.9170867063804,0.3322259136212535,0.2790517614216686,0.8213083003674974,-2.5941352690343367,High,55.172,0.0,0.0,55.172,44.828,0.0,0.0,55.172
RWA,Rwanda,2009,90.5,0.0692316194771755,557.3978048592157,10060432,-2.670297591857798,6.323279176861434,16.1241206640598,15.6,355.0650286381241,0.0,16.9206894426355,-0.1103752759381793,0.2790517614216686,0.8207996533685147,0.1424344437692903,High,51.613,0.0,0.0,51.613,48.387,0.0,0.0,51.613
RWA,Rwanda,2010,90.5,0.0708695172198291,583.3714164194832,10317553,-2.646914878376922,6.368824061409001,16.149357177499,9.7,353.90911659394624,0.0,16.9255580310614,0.0,0.2790517614216686,0.8207996533685147,2.3658232394716983,High,39.286,0.0,0.0,39.286,60.714,0.0,3.571,39.286
RWA,Rwanda,2011,89.7,0.0720464570081351,614.539650123021,10573733,-2.630444131817374,6.420873451127944,16.17388346484401,10.8,355.2284297668638,0.0,16.9323586881273,-0.8839779005524795,0.2790517614216686,0.816730477376653,1.6607137094715618,High,42.857,0.0,0.0,42.857,57.143,0.0,2.857,42.857
RWA,Rwanda,2012,88.8,0.0782278619167432,651.8528186658335,10829901,-2.548129404391819,6.479818798201354,16.19782147766115,17.5,358.87640785278927,0.0,16.9410248882148,-1.0033444816053616,0.2790517614216686,0.8121526543858086,8.579748630678875,High,46.154,0.0,0.0,46.154,53.846,0.0,2.564,46.154
RWA,Rwanda,2013,88.5,0.0850149729477326,666.408788783175,11093340,-2.464927885678554,6.501903279215808,16.22185548621053,15.2,359.52601472997765,0.0,17.0742206053612,-0.3378378378378399,0.2790517614216686,0.8106267133888605,8.676078911900653,High,40.541,0.0,0.0,40.541,59.459,0.0,2.703,40.541
RWA,Rwanda,2014,88.0,0.0844012766836985,690.6103949443562,11364757,-2.472172750910525,6.537575836890621,16.24602763360597,19.8,356.66455010749286,0.0,17.5020716539756,-0.5649717514124242,0.2790517614216686,0.808083478393947,-0.7218684459399216,High,48.78,0.0,0.0,48.78,51.22,0.0,4.878,48.78
RWA,Rwanda,2015,86.3,0.0951200951338408,733.9986298824938,11640022,-2.352615026454602,6.598507161967669,16.26995989030014,22.8,354.4289940222742,0.0,18.1953149858416,-1.93181818181819,0.2790517614216686,0.799436479411241,12.699829755315184,High,56.863,1.961,0.0,54.902,43.137,0.0,3.922,56.863
RWA,Rwanda,2016,85.5,0.1015673641389682,759.6062881551089,11919183,-2.287033014544306,6.632800257149139,16.29365967698403,29.4,351.76677152856195,0.0,19.1213951786548,-0.9269988412514474,0.2790517614216686,0.7953673034193793,6.778030442521765,High,50.0,3.125,0.0,46.875,50.0,1.562,15.625,50.0
RWA,Rwanda,2017,84.5,0.1074818514250873,771.0692375135824,12202060,-2.230433269619464,6.647778171753896,16.31711534790853,34.1,355.1802276070581,0.0,20.2477568101111,-1.1695906432748535,0.2790517614216686,0.7902808334295524,5.82321628237461,High,46.154,3.077,0.0,43.077,53.846,3.077,16.923,46.154
RWA,Rwanda,2018,82.8,0.1168402039846906,817.578437300032,12487996,-2.146948055617745,6.706346845936339,16.34027842086986,38.0,357.71621717478047,0.0,21.5418444579064,-2.0118343195266286,0.2790517614216686,0.7816338344468463,8.706914177158431,High,41.463,3.659,0.0,37.805,58.537,3.659,25.61,41.463
RWA,Rwanda,2019,81.8,0.1185885868327768,874.6396589359778,12776103,-2.132095029487795,6.773811983178263,16.36308703083572,46.6,358.4603818781314,0.0,22.9711026997362,-1.2077294685990392,0.2790517614216686,0.7765473644570192,1.496388048342756,High,50.588,3.529,0.0,47.059,49.412,2.353,24.706,50.588
RWA,Rwanda,2020,81.7,0.1113897257404941,826.3913077010219,13065837,-2.194720184283613,6.717068399479325,16.38551151917873,45.2,358.2495502076721,0.0,24.5029761132966,-0.1222493887530484,0.2790517614216686,0.7760387174580365,-6.070450187954346,High,62.921,3.371,0.0,59.551,37.079,3.371,23.596,62.921
RWA,Rwanda,2021,79.4,0.1277848578013457,896.2710335749855,13355260,-2.057407227615979,6.798242860062423,16.4074208727006,48.7,362.6792260620453,0.0,26.1049092762833,-2.8151774785801664,0.2790517614216686,0.7643398364814343,14.718711220321644,High,59.0,4.0,0.0,55.0,41.0,4.0,22.0,59.0
RWA,Rwanda,2022,79.9,0.1612479058356769,948.413686948024,13651030,-1.824812310456158,6.854790785706711,16.4293255346239,50.6,369.8752672959982,0.0,27.7806702737761,0.6297229219143663,0.2790517614216686,0.7668830714763479,26.187021381166176,High,57.692,3.846,0.0,53.846,42.308,4.808,20.192,57.692
SDN,Sudan,2000,80.4,0.2156974153517962,1111.11865234375,27816745,-1.533878708265234,7.013122581726305,17.14114873545756,23.0,486.8956488841883,17.264910910071812,32.3435880462815,0.0,0.4036212489966916,0.7071415626837498,0.0,High,50.0,0.0,0.0,46.063,50.0,0.0,0.0,50.0
SDN,Sudan,2001,79.4,0.2296332999845354,1150.17626953125,28516770,-1.471271590277401,7.047670487464707,17.16600289323972,29.4,494.1236055099508,16.004417960722105,32.3760415318304,-1.243781094527363,0.394526561997709,0.7066024361934141,6.460849152972092,High,50.746,0.0,0.0,46.642,49.254,0.0,0.0,50.746
SDN,Sudan,2002,76.8,0.2736520136508169,1185.21533203125,29228727,-1.29589800292918,7.077679751855402,17.19066258499297,29.7,517.5475857612067,19.1264482521454,32.4038820246832,-3.2745591939546737,0.4170525811368765,0.68211460465028,19.16913342674862,High,46.333,0.0,0.0,42.333,53.667,0.0,0.0,46.333
SDN,Sudan,2003,77.0,0.2747621883637746,1226.42077636719,29896035,-1.291849325030764,7.111855268352782,17.21323642087195,29.9,491.3639791577646,18.587043709453123,32.4271684741748,0.260416666666674,0.4131606787790359,0.6850778498271657,0.4056884866830312,High,36.888,0.0,0.0,33.141,63.112,0.0,0.0,36.888
SDN,Sudan,2004,75.4,0.3021863957084021,1255.67114257813,30556637,-1.196711247667068,7.135425483587365,17.23509247039559,30.2,481.35715246720383,20.269894445472577,32.4459598296403,-2.0779220779220675,0.4253027543995305,0.6708684600331951,9.981070360496226,High,34.444,0.0,0.0,30.556,65.556,0.0,0.0,34.444
SDN,Sudan,2005,72.3,0.3476567602967958,1290.24438476563,31262444,-1.056539606928503,7.162586924967926,17.25792806288292,30.5,485.74982075034825,22.99365120321573,32.4603150404146,-4.11140583554378,0.4449551572041771,0.6452742016624078,15.047124964642954,Medium,35.101,0.0,0.0,31.566,64.899,0.0,0.0,35.101
SDN,Sudan,2006,69.2,0.415110634748496,1336.1240234375,31992435,-0.8792102045247612,7.197528181702272,17.28101002656564,30.8,508.2431515231648,27.431448702720385,32.4702930558327,-4.287690179806358,0.4769746772210756,0.6134963846854947,19.402434284354086,Medium,32.258,0.0,0.0,29.247,67.742,0.0,0.0,32.258
SDN,Sudan,2007,65.6,0.4395202253927961,1372.10961914063,32764135,-0.8220715438195145,7.224104702427029,17.30484502998516,31.1,477.5083075253109,30.78118158499316,32.4759528252296,-5.202312138728338,0.5011436121684607,0.5831006252484248,5.88026145345304,Medium,30.814,0.0,0.0,27.907,69.186,0.0,0.0,30.814
SDN,Sudan,2008,63.5,0.4573135006623249,1381.62561035156,33623980,-0.7823861262034504,7.231016063394568,17.33075006085368,20.0,472.8049112427024,32.58098441286002,32.4816230749746,-3.201219512195108,0.5141295185059594,0.5659260851010386,4.048340495281422,Medium,28.369,0.0,0.0,25.709,71.631,0.0,0.0,28.369
SDN,Sudan,2009,63.1,0.4607610267581931,1301.34729003906,34569113,-0.7748757505249924,7.171155383734918,17.35847115348359,29.0,481.62987379193385,31.65298928390005,32.5774622972843,-0.6299212598425141,0.5074338640488476,0.5672393243336638,0.7538649287360144,Medium,50.681,0.0,0.0,48.411,49.319,0.0,0.0,50.681
SDN,Sudan,2010,61.3,0.4775712839288901,1311.22314453125,35414399,-0.7390418444884025,7.17871567868571,17.3826290468155,36.0,444.5913784105668,32.9293103904825,32.7174026591513,-2.8526148969889142,0.5166427540950401,0.5534792333288787,3.648367851111467,Medium,82.85,0.0,0.0,81.003,17.15,0.0,0.0,82.85
SDN,Sudan,2011,63.7,0.4493341958117923,1388.21813964844,36140806,-0.7999883567173907,7.235776289848233,17.40293314503794,38.3,467.4243451202997,29.15199202069856,32.9059760141986,3.9151712887439016,0.4893887117091505,0.5793137824974084,-5.912643634013448,Medium,76.616,0.0,0.0,75.206,23.384,0.0,0.0,76.616
SDN,Sudan,2012,63.7,0.4746259923780125,1288.25854492188,36923178,-0.7452281695648031,7.161046620154998,17.42435004190093,40.7,390.6631410943554,32.59246386875148,33.1425561614901,0.0,0.5142123448782174,0.566901965912875,5.6287273040785735,Medium,70.316,0.105,0.0,68.947,29.684,0.0,0.0,70.316
SDN,Sudan,2013,64.3,0.4664047643867946,1283.45922851563,37785849,-0.7627014287604768,7.157314233944265,17.44744522541835,43.1,474.4295166932732,25.45998638182849,33.4264777958103,0.9419152276294972,0.4627502162686763,0.5956849122115417,-1.732148707243608,Medium,80.966,0.097,0.0,79.517,19.034,0.0,0.0,80.966
SDN,Sudan,2014,63.7,0.4769298698272001,1307.3896484375,38823318,-0.7403858223258593,7.175787793476717,17.47453160345916,44.9,475.6933616506503,25.747300073200176,33.7624582408117,-0.9331259720062102,0.4648232370617683,0.5915965198210995,2.256646210345492,Medium,78.44,0.088,0.0,77.301,21.56,0.0,0.0,78.44
SDN,Sudan,2015,61.9,0.5386285191662062,1292.37963867188,40024431,-0.6187291494565135,7.164240479161953,17.50500060063107,48.0,463.3920935055042,2.332813319322173,34.0914394628597,-2.8257456828885474,0.2958834358687476,0.6669107744359212,12.93662931226358,High,64.629,0.076,0.0,63.713,35.371,0.0,0.0,64.629
SDN,Sudan,2016,58.9,0.5801348195482431,1297.15454101563,41259892,-0.5444947549564347,7.167928329890364,17.53540144805669,50.5,448.4959955998237,0.0,34.1881958841213,-4.846526655896611,0.2790517614216686,0.6600672016899796,7.705923267169057,High,56.211,0.137,0.0,55.251,43.789,0.0,0.0,56.211
SDN,Sudan,2017,59.4,0.5539759910883254,1261.87353515625,42714306,-0.5906339305596391,7.140352828219474,17.57004445721592,53.0,443.1355342180626,0.0,34.2872225663509,0.8488964346349714,0.2790517614216686,0.6626104366848931,-4.5090947101378624,High,60.51,0.127,0.0,59.554,39.49,0.0,0.0,60.51
SDN,Sudan,2018,59.8,0.5346321808550805,1185.94445800781,44230596,-0.6261762809515837,7.078294747101697,17.60492732477068,55.3,435.1899357666015,0.0,34.382054222005,0.6734006734006703,0.2790517614216686,0.664645024680824,-3.491813823058043,High,59.756,0.122,0.0,58.902,40.244,0.0,0.0,59.756
SDN,Sudan,2019,59.4,0.5152961671900137,1126.55297851563,45548175,-0.6630134616922834,7.026917788074605,17.63428111500589,57.6,435.4379728079708,0.0,34.4727685824236,-0.6688963210702337,0.2790517614216686,0.6626104366848931,-3.6166946842109526,High,63.748,0.123,0.0,62.947,36.252,0.0,0.0,63.748
SDN,Sudan,2020,62.6,0.4631087012308452,1056.86474609375,46789231,-0.7697934765748906,6.963062017506429,17.66116362757163,59.7,422.2715797923821,0.0,34.5594433789246,5.387205387205385,0.2790517614216686,0.6788871406523397,-10.127664299106764,High,64.826,0.174,0.0,64.012,35.174,0.0,0.0,64.826
SDN,Sudan,2021,61.0,0.4910486886991146,1009.54888916016,48066924,-0.7112119937838854,6.917258865664105,17.68810484780813,61.8,426.1632301199719,0.0,34.6421563427994,-2.5559105431309903,0.2790517614216686,0.6707487886686164,6.033138093499613,High,62.655,0.169,0.0,61.864,37.345,0.0,0.0,62.655
SEN,Senegal,2000,47.5,0.4001801718655011,1048.374740523634,9968260,-0.9158404036233916,6.954996377801155,16.1149166031363,37.7,240.56962512208048,50.29743678811084,40.6667555531967,0.0,0.641956960276588,0.4206288443784913,0.0,Medium,3.356,0.0,0.0,0.0,96.644,0.0,0.0,3.356
SEN,Senegal,2001,45.8,0.4419196740762848,1067.368865505949,10212942,-0.8166271462789401,6.972951894939629,16.13916629750759,38.9,253.7912846466405,53.25218389605513,40.8763420163126,-3.57894736842106,0.6632760006740498,0.4013223251970544,10.430177491355618,Medium,3.352,0.0,0.0,0.0,96.648,0.0,0.0,3.352
SEN,Senegal,2002,43.8,0.4472008693879181,1042.255099442892,10466214,-0.8047474130735529,6.949142009474187,16.16366291286749,36.8,249.8862117735344,52.60253460821818,41.1081471561292,-4.366812227074234,0.6585886623315091,0.3934930543886706,1.1950577495044137,Medium,12.5,0.0,0.0,9.135,87.5,0.0,0.481,12.5
SEN,Senegal,2003,43.7,0.4238061197764126,1074.385784676856,10721176,-0.8584791930058253,6.979504414180373,16.1877314090827,41.9,235.8144013671401,51.76912481506936,41.35893934855,-0.2283105022830911,0.6525754583588208,0.3959910093760321,-5.231373911129866,Medium,16.309,0.0,0.0,14.163,83.691,0.0,2.146,16.309
SEN,Senegal,2004,39.9,0.4716781720789846,1098.200645460274,10975704,-0.7514583647700949,7.001428342588429,16.21119466065413,36.8,247.01718830956813,55.077488258509135,41.6248193895895,-8.695652173913048,0.6764459052442903,0.3647271999719546,11.295743517773628,Medium,13.808,0.0,0.0,12.134,86.192,0.0,2.51,13.808
SEN,Senegal,2005,40.3,0.5116473967448809,1119.050530754804,11235472,-0.6701195694230689,7.020235864356544,16.23458647429009,47.1,246.43566880450504,55.61944843993876,41.9057599695838,1.0025062656641603,0.6803562470026929,0.364806617088684,8.473833862128188,Medium,11.698,0.0,0.0,9.811,88.302,0.0,2.264,11.698
SEN,Senegal,2006,43.4,0.488187313947173,1118.783043005096,11500094,-0.7170561067210564,7.019996804799909,16.25786576721312,49.9,241.58961124582112,55.16975176148884,42.2046413043069,7.692307692307687,0.6771116032804935,0.3821969959182476,-4.5852051524080455,Medium,10.606,0.0,0.0,8.712,89.394,0.0,1.894,10.606
SEN,Senegal,2007,40.0,0.5284042675388246,1123.998621532846,11770344,-0.6378936300251256,7.02464780405862,16.28109370565728,48.1,253.74351967780808,53.906142361549,42.524343609533,-7.834101382488479,0.6679944305209363,0.3694615843326142,8.238016933804126,Medium,7.857,0.0,0.0,6.429,92.143,0.0,1.786,7.857
SEN,Senegal,2008,39.8,0.5348428855970047,1138.66883930214,12048959,-0.625782246997432,7.03761517429076,16.30448882412761,49.7,259.23461214750006,53.67168652418186,42.867747101036,-0.5000000000000115,0.6663027888048613,0.3692901111926863,1.2185022820064395,Medium,9.122,0.0,0.0,7.77,90.878,0.0,1.689,9.122
SEN,Senegal,2009,51.3,0.5343918393105705,1142.653172339639,12337389,-0.626625927627478,7.041108181475428,16.32814496572291,53.5,304.7362269458967,44.51917807749169,43.23773199459,28.894472361809044,0.6002657676369645,0.4608030266596459,-0.0843324831610425,Medium,9.508,0.0,0.0,7.869,90.492,0.0,1.639,9.508
SEN,Senegal,2010,49.5,0.5522652880440078,1153.534311215833,12635413,-0.5937267538708635,7.050585822482073,16.35201398525083,56.5,313.3967820407857,44.58357515214681,43.6371785059692,-3.508771929824561,0.600730404299899,0.45141506234649,3.344633547641007,Medium,9.907,0.0,0.0,7.74,90.093,0.0,2.477,9.907
SEN,Senegal,2011,48.0,0.5771324519363029,1139.744478926389,12958897,-0.5496834860680133,7.038559374972485,16.37729313724182,56.5,317.49118236804026,46.83465861290189,44.0689668509475,-3.030303030303028,0.6169723828803553,0.4356643680715212,4.502756995712831,Medium,10.03,0.0,0.0,7.599,89.97,0.0,1.824,10.03
SEN,Senegal,2012,49.6,0.5532551569269212,1154.056779923672,13310495,-0.591935978943184,7.051038648564453,16.40406337976241,56.5,302.4186215187527,45.76915964232441,44.5359772452989,3.333333333333344,0.6092846130755819,0.4476466049576312,-4.137229665265307,Medium,9.392,0.0,0.0,8.011,90.608,0.0,3.867,9.392
SEN,Senegal,2013,42.7,0.5718756001178337,1147.385921719102,13710849,-0.5588337935665261,7.045241522368863,16.43369797522294,57.0,271.0654671991902,52.10551221562342,45.0398750539456,-13.91129032258064,0.6550025549324423,0.3896909910993943,3.365615838872716,Medium,9.711,0.0,0.0,8.136,90.289,0.0,3.937,9.711
SEN,Senegal,2014,42.5,0.5923289699296966,1180.798710850501,14152102,-0.5236931059891939,7.073946362086212,16.46537372225763,61.0,284.8459818555547,52.92707385484895,45.6020905341588,-0.4683840749414636,0.6609302723091891,0.3857098384130555,3.5765417876979955,Medium,9.091,0.0,0.0,7.416,90.909,0.478,3.11,9.091
SEN,Senegal,2015,39.1,0.6316858022339109,1218.006135554377,14593331,-0.4593631568185657,7.104970485658122,16.49607520150051,60.5,296.77562130038234,29.744617799787736,46.2747669629858,-7.9999999999999964,0.4936646150143811,0.4520486690950475,6.644421310152282,Medium,9.009,0.0,0.0,7.432,90.991,4.505,1.802,9.009
SEN,Senegal,2016,36.7,0.6848971111217976,1257.40906915928,15034521,-0.3784866547433746,7.136808588551611,16.52585951490158,64.5,287.0420224252345,0.0,47.0553579909929,-6.13810741687979,0.2790517614216686,0.5471475679158189,8.423698728024087,Medium,8.996,0.209,0.0,7.531,91.004,8.159,1.674,8.996
SEN,Senegal,2017,36.8,0.6593149390223019,1312.109327760492,15475002,-0.4165539542051349,7.1793912951181,16.55473650577564,61.7,278.0196746042954,0.0,47.9338349639053,0.2724795640326904,0.2790517614216686,0.5476562149148015,-3.735184699143279,Medium,11.229,1.907,0.0,7.627,88.771,6.568,1.271,11.229
SEN,Senegal,2018,34.2,0.6745735869268387,1355.09610863712,15914498,-0.3936745108020514,7.21162765968195,16.58274107563095,66.0,274.37903267408245,0.0,48.9001692274485,-7.065217391304335,0.2790517614216686,0.5344313929412512,2.3143185451195425,Medium,14.17,5.061,0.0,7.287,85.83,9.919,0.81,14.17
SEN,Senegal,2019,36.2,0.6744238124538232,1379.608752498606,16352922,-0.3938965638226126,7.229555225271762,16.60991715493614,70.4,298.55952512533906,0.0,49.9443321273477,5.847953216374258,0.2790517614216686,0.5446043329209054,-0.0222028368613957,Medium,13.402,5.67,0.344,5.326,86.598,13.058,1.031,13.402
SEN,Senegal,2020,38.7,0.6441574203064478,1361.791437486458,16789219,-0.4398121412790922,7.216556345385141,16.63624751218862,64.3,280.6079033097436,0.0,51.0562950093282,6.906077348066297,0.2790517614216686,0.5573205078954729,-4.487740733420154,Medium,16.832,6.271,3.63,5.116,83.168,2.475,0.825,16.832
SEN,Senegal,2021,35.4,0.7621044863769054,1414.539510938502,17220867,-0.2716716114662126,7.25455932314649,16.66163240412848,68.0,294.1734273581737,0.0,52.2260292191155,-8.527131782945752,0.2790517614216686,0.5405351569290436,18.31028601895885,Medium,20.27,8.108,6.006,4.655,79.73,6.006,0.3,20.27
SLB,Solomon Islands,2000,55.3,0.5285275467740068,1747.71796168688,440469,-0.6376603524681975,7.466066194047924,12.99559534730762,4.7,122.20534290187122,0.0,15.7523593692696,0.0,0.4916618178880346,0.5354508814934191,0.0,Medium,0.0,0.0,0.0,0.0,100.0,0.0,0.0,0.0
SLB,Solomon Islands,2001,54.1,0.5688839409963818,1577.655194522507,449125,-0.5640788357899237,7.363694969622331,13.01505652441582,7.6,122.20534290187122,0.0,16.0619258388978,-2.169981916817354,0.4916618178880346,0.5293471175056267,7.635627408391454,Medium,0.0,0.0,0.0,0.0,100.0,0.0,0.0,0.0
SLB,Solomon Islands,2002,52.8,0.585136484505245,1504.846729669303,457671,-0.5359101521155178,7.316446331245561,13.03390586435473,10.5,122.20534290187122,0.0,16.4026212138182,-2.402957486136792,0.4916618178880346,0.5227347065188515,2.8569172616118133,Medium,0.0,0.0,0.0,0.0,100.0,0.0,0.0,0.0
SLB,Solomon Islands,2003,51.5,0.596369440142099,1573.843484357673,466154,-0.516894937944135,7.361275985886716,13.05227133061691,13.4,122.20534290187122,0.0,16.7733115757749,-2.4621212121212044,0.4916618178880346,0.5161222955320763,1.9197154739636344,Medium,0.0,0.0,0.0,0.0,100.0,0.0,0.0,0.0
SLB,Solomon Islands,2004,49.9,0.6036522541618293,1664.573159790718,474611,-0.5047569849908349,7.417324009062522,13.07025080012777,16.3,122.20534290187122,0.0,17.172863006512,-3.106796116504862,0.2790517614216686,0.6142889717815361,1.2211916858105631,Medium,0.0,0.0,0.0,0.0,100.0,0.0,0.0,0.0
SLB,Solomon Islands,2005,49.7,0.6187380972095718,1755.740824462733,483080,-0.4800732021172824,7.470646169032442,13.08793755038931,19.2,120.06292953548066,0.0,17.6001415877737,-0.4008016032064021,0.2790517614216686,0.6132716777835706,2.499094958021675,Medium,0.0,0.0,0.0,0.0,100.0,0.0,0.0,0.0
SLB,Solomon Islands,2006,48.9,0.6098528460477549,1796.714398106737,491594,-0.4945375869041483,7.493714941546277,13.10540845155478,14.4,120.01773821486836,0.0,18.0540134013038,-1.6096579476861272,0.2790517614216686,0.609202501791709,-1.4360278123956238,Medium,0.0,0.0,0.0,0.0,100.0,0.0,0.0,0.0
SLB,Solomon Islands,2007,47.4,0.6471980742008493,1830.233214058074,500156,-0.4351028888281145,7.512198677091756,13.12267532874245,12.9,127.96007645614569,0.0,18.5333445288467,-3.067484662576692,0.2790517614216686,0.6015727968069684,6.123645793426369,Medium,0.0,0.0,0.0,0.0,100.0,0.0,0.0,0.0
SLB,Solomon Islands,2008,46.7,0.6454529373611904,1911.189690155277,508790,-0.4378029801664446,7.555481201561761,13.13979063672685,28.1,127.96007645614569,0.0,19.0370010521463,-1.4767932489451407,0.4916618178880346,0.4917072395809064,-0.2696449370331977,Medium,0.0,0.0,0.0,0.0,100.0,0.0,0.0,0.0
SLB,Solomon Islands,2009,45.8,0.6328393236590041,1930.462876149224,518141,-0.4575387221411723,7.565515085345456,13.15800268497391,21.2,127.96007645614569,0.0,19.5633740998673,-1.927194860813719,0.4916618178880346,0.487129416590062,-1.954226709968132,Medium,0.0,0.0,0.0,0.0,100.0,0.0,0.0,0.0
SLB,Solomon Islands,2010,45.1,0.6726482640608816,2058.956916488827,532968,-0.3965327248003932,7.629954782325541,13.1862166638222,35.4,127.96007645614569,0.0,20.1194058206257,-1.5283842794759694,0.4916618178880346,0.4835688875971831,6.290528877331258,Medium,0.0,0.0,0.0,0.0,100.0,0.0,0.0,0.0
SLB,Solomon Islands,2011,43.6,0.6742081038801327,2132.028441993916,552945,-0.3942164562601523,7.664829125719225,13.22301381805372,39.1,127.96007645614569,0.0,20.7284892962955,-3.325942350332589,0.4916618178880346,0.4759391826124425,0.231895316258468,Medium,0.0,0.0,0.0,0.0,100.0,0.0,0.0,0.0
SLB,Solomon Islands,2012,43.8,0.6483544453858572,2105.914237583791,573606,-0.4333177485507242,7.652504968970034,13.25969802846389,42.9,127.96007645614569,0.0,21.3906964219987,0.4587155963302614,0.4916618178880346,0.4769564766104079,-3.83467038522457,Medium,0.0,0.0,0.0,0.0,100.0,0.0,0.0,0.0
SLB,Solomon Islands,2013,41.8,0.6607333450991268,2136.721161770341,594945,-0.4144049318704647,7.667027765650075,13.29622424328042,44.7,127.96007645614569,0.0,22.1027262484765,-4.5662100456621,0.4916618178880346,0.4667835366307538,1.90927968511152,Medium,0.0,0.0,0.0,0.0,100.0,0.0,0.0,0.0
SLB,Solomon Islands,2014,45.9,0.6070597236540943,2085.160672730859,616908,-0.4991281012403712,7.642601192525638,13.33247518317978,50.5,127.96007645614569,0.0,22.8612778264703,9.8086124401914,0.4916618178880346,0.4876380635890448,-8.123340806567004,Medium,0.0,0.0,0.0,0.0,100.0,0.0,0.0,0.0
SLB,Solomon Islands,2015,48.6,0.5217268909862922,2045.477215266493,639415,-0.6506110253592546,7.623386398351899,13.36830897482598,55.1,127.96007645614569,0.0,23.6630502067213,5.882352941176472,0.4916618178880346,0.5013715325615778,-14.056744228418816,Medium,0.0,0.0,0.0,0.0,100.0,0.0,0.0,0.0
SLB,Solomon Islands,2016,48.7,0.4885420582476195,2084.248457452252,662379,-0.7163297144856151,7.642163617193172,13.40359317865209,58.2,127.96007645614569,0.0,24.5047424399707,0.2057613168724215,0.4916618178880346,0.5018801795605605,-6.360575487289699,Medium,0.0,0.0,0.0,0.0,100.0,0.0,0.0,0.0
SLB,Solomon Islands,2017,49.0,0.4257137523480615,2075.367053023047,685672,-0.8539881014124662,7.637893310044228,13.43815465825467,62.9,127.96007645614569,0.0,25.3830535769599,0.6160164271047153,0.4916618178880346,0.5034061205575087,-12.860367871892242,Medium,0.0,0.0,0.0,0.0,100.0,0.0,0.0,0.0
SLB,Solomon Islands,2018,48.6,0.4586088582585555,2061.899697066899,709101,-0.7795575928736314,7.631383019876263,13.47175324952942,65.8,127.96007645614569,0.0,26.2946826684302,-0.8163265306122436,0.4916618178880346,0.5013715325615778,7.727047982137791,Medium,0.0,0.0,0.0,0.0,100.0,0.0,0.0,0.0
SLB,Solomon Islands,2019,48.4,0.4385103557386077,2043.091397783073,728147,-0.8243718511691522,7.622219330862017,13.49825822987203,69.4,127.96007645614569,0.0,27.275106750276,-0.4115226337448652,0.4916618178880346,0.5003542385636124,-4.382493307317814,Medium,0.0,0.0,0.0,0.0,100.0,0.0,0.0,0.0
SLB,Solomon Islands,2020,49.0,0.4132986253824725,1930.65510307199,744498,-0.8835848834257702,7.565614655948561,13.5204654447359,72.9,127.96007645614569,0.0,28.0327555150022,1.2396694214876105,0.4916618178880346,0.5034061205575087,-5.7494036403472615,Medium,0.0,0.0,0.0,0.0,100.0,0.0,0.0,0.0
SLB,Solomon Islands,2021,49.1,0.4361446699475866,1880.551982718301,762591,-0.8297812788640745,7.539320620558534,13.54447712460504,76.3,127.96007645614569,0.0,28.6889396820578,0.2040816326530636,0.4916618178880346,0.5039147675564914,5.5277330148320925,Medium,0.0,0.0,0.0,0.0,100.0,0.0,0.0,0.0
SLB,Solomon Islands,2022,50.1,0.3828101594487534,1788.617279220575,781066,-0.9602160799207342,7.489198130617162,13.56841493229356,76.0,127.96007645614569,0.0,29.3511689856806,2.036659877800417,0.4916618178880346,0.5090012375463184,-12.228628290984878,Medium,9.091,9.091,0.0,0.0,90.909,0.0,0.0,9.091
SLE,Sierra Leone,2000,93.3,0.0975673493894467,727.2409146325964,4423611,-2.32721237647658,6.589257804526697,15.3024668888427,7.7,603.8037999957767,10.807091106766707,35.5327867241975,0.0,0.4916618178880346,0.7287367411068475,0.0,High,11.111,0.0,0.0,11.111,88.889,0.0,0.0,11.111
SLE,Sierra Leone,2001,91.2,0.1170750584522907,642.0366458443037,4692716,-2.144940024640474,6.464645382815283,15.36152207728378,8.5,603.8037999957767,10.807091106766707,35.763651295501,-2.250803858520889,0.4916618178880346,0.7180551541282106,19.994095550323475,High,7.692,0.0,0.0,7.692,92.308,0.0,0.0,7.692
SLE,Sierra Leone,2002,88.0,0.1166262859717566,766.7886937429009,4971435,-2.148780593322309,6.642211266335217,15.419219088792,9.2,603.8037999957767,10.807091106766707,36.0082791496616,-3.508771929824561,0.4916618178880346,0.701778450160764,-0.3833203130254925,High,12.5,0.0,0.0,12.5,87.5,0.0,0.0,12.5
SLE,Sierra Leone,2003,86.5,0.1191458657118517,806.0664890121444,5177687,-2.127406774219393,6.692166231675202,15.45986898941712,9.9,603.8037999957767,10.807091106766707,36.2690511597053,-1.7045454545454586,0.4916618178880346,0.6941487451760234,2.1603875310796328,High,13.333,0.0,0.0,13.333,86.667,0.0,0.0,13.333
SLE,Sierra Leone,2004,86.5,0.114363772394994,829.7597689283039,5355717,-2.168370925057448,6.721136223870102,15.49367514645847,16.8,603.8037999957767,10.807091106766707,36.5491283814755,0.0,0.4916618178880346,0.6941487451760234,-4.013646036550655,High,16.667,0.0,0.0,16.667,83.333,0.0,0.0,16.667
SLE,Sierra Leone,2005,88.1,0.1031497104901165,842.9060309049024,5501712,-2.271573846156973,6.73685548192493,15.52056987449467,11.3,603.8037999957767,10.807091106766707,36.8485519672439,1.8497109826589584,0.4916618178880346,0.7022870971597467,-9.805606854368133,High,25.0,0.0,0.0,25.0,75.0,0.0,0.0,25.0
SLE,Sierra Leone,2006,84.4,0.1265186775064513,859.8242607149655,5624466,-2.067365333441153,6.756728020359801,15.54263656821497,12.2,603.8037999957767,10.807091106766707,37.1703805343647,-4.199772985244032,0.4916618178880346,0.6834671581973866,22.65538788746668,High,0.0,0.0,0.0,0.0,100.0,0.0,0.0,0.0
SLE,Sierra Leone,2007,86.3,0.1160478606980404,872.6883623461399,5749352,-2.153752580744053,6.77157851885191,15.56459771077073,13.0,603.8037999957767,10.807091106766707,37.5122859420526,2.25118483412321,0.4916618178880346,0.693131451178058,-8.276103587849292,High,33.333,0.0,0.0,33.333,66.667,0.0,0.0,33.333
SLE,Sierra Leone,2008,86.0,0.1097252762725706,882.5414781786799,5894722,-2.209775525547526,6.782805788471992,15.58956793223262,12.1,603.8037999957767,10.807091106766707,37.8725951588418,-0.3476245654692844,0.4916618178880346,0.6916055101811098,-5.448255907035926,High,33.333,0.0,0.0,33.333,66.667,0.0,0.0,33.333
SLE,Sierra Leone,2009,86.1,0.1077837112671381,872.2395935248096,6055646,-2.227628733342223,6.771064149385005,15.61650161796553,14.6,603.8037999957767,10.807091106766707,38.2496351532666,0.1162790697674331,0.4916618178880346,0.6921141571800926,-1.7694783475499576,High,33.333,0.0,0.0,33.333,66.667,0.0,0.0,33.333
SLE,Sierra Leone,2010,84.9,0.1141463355056974,902.7698914113942,6222714,-2.17027400896843,6.805467694156183,15.64371670395433,11.5,603.8037999957767,10.807091106766707,38.6417328938613,-1.3937282229965042,0.4916618178880346,0.6860103931923002,5.903140802778428,High,85.714,0.0,0.0,85.714,14.286,0.0,0.0,85.714
SLE,Sierra Leone,2011,81.0,0.135958333248529,950.7607630545934,6387251,-1.995406813360515,6.857262467338131,15.66981453034679,14.2,603.8037999957767,10.807091106766707,39.0472153491602,-4.593639575971742,0.4916618178880346,0.6661731602319746,19.10880243872821,High,88.235,0.0,0.0,88.235,11.765,0.0,0.0,88.235
SLE,Sierra Leone,2012,79.1,0.1487388339021963,1025.043660045016,6551080,-1.905563303577729,6.932490485831229,15.6951404795155,17.2,603.8037999957767,10.807091106766707,39.4644094876975,-2.3456790123456805,0.4916618178880346,0.6565088672513031,9.40030695309042,Medium,66.667,0.0,0.0,66.667,33.333,0.0,0.0,66.667
SLE,Sierra Leone,2013,74.6,0.1672164837592089,1146.819734564755,6714051,-1.788465996114314,7.044747942236418,15.71971305256118,13.5,603.8037999957767,10.807091106766707,39.8916422780075,-5.6890012642225045,0.4916618178880346,0.6336197522970815,12.422882022298642,Medium,62.5,0.0,0.0,62.5,37.5,0.0,0.0,62.5
SLE,Sierra Leone,2014,73.0,0.1755282753947023,1032.237893559046,6876385,-1.739955135693453,6.939484436491123,15.74360363577312,18.8,603.8037999957767,10.807091106766707,40.3272406886245,-2.144772117962457,0.4916618178880346,0.6254814003133582,4.970677201574447,Medium,80.0,0.0,0.0,80.0,20.0,0.0,0.0,80.0
SLE,Sierra Leone,2015,74.0,0.1452756635555451,964.5759808889884,7037655,-1.929122213448917,6.871688606732879,15.76678557605432,19.7,603.8037999957767,10.807091106766707,40.7669565187099,1.3698630136986356,0.4916618178880346,0.6305678703031852,-17.235178646363124,Medium,75.0,0.0,0.0,75.0,25.0,0.0,0.0,75.0
SLE,Sierra Leone,2016,73.6,0.1469329362938092,1002.778622820128,7205328,-1.917779011989812,6.910530048566019,15.79033131032128,20.3,603.8037999957767,10.807091106766707,41.229411538771,-0.5405405405405461,0.4916618178880346,0.6285332823072542,1.1407779511744875,Medium,61.905,0.0,0.0,61.905,38.095,0.0,0.0,61.905
SLE,Sierra Leone,2017,74.6,0.1415581615543699,1010.546940712073,7379299,-1.955044610630957,6.918246988720805,15.81418920561529,23.4,603.8037999957767,10.807091106766707,41.7106682105058,1.3586956521739024,0.4916618178880346,0.6336197522970815,-3.657978173587873,Medium,60.87,4.348,0.0,56.522,39.13,0.0,0.0,60.87
SLE,Sierra Leone,2018,75.9,0.1602739959942091,1015.667829720499,7554563,-1.830870453397917,6.923301635430661,15.83766230952762,26.1,603.8037999957767,10.807091106766707,42.2011025267803,1.7426273458445165,0.4916618178880346,0.6402321632838566,13.221303691946297,Medium,66.667,3.704,0.0,62.963,33.333,0.0,0.0,66.667
SLE,Sierra Leone,2019,75.4,0.1561434823191077,1046.96778078594,7731991,-1.85697993599541,6.953653437508732,15.86087695531589,22.7,603.8037999957767,10.807091106766707,42.7018444914441,-0.6587615283267456,0.4916618178880346,0.6376889282889431,-2.5771577288499325,Medium,95.0,5.0,0.0,90.0,5.0,0.0,0.0,95.0
SLE,Sierra Leone,2020,75.1,0.1555375644639824,1010.252946147572,7912558,-1.860868004421051,6.917956020210279,15.88396167558148,26.3,603.8037999957767,10.807091106766707,43.2129659123546,-0.3978779840848934,0.4916618178880346,0.6361629872919949,-0.3880519674122618,Medium,95.0,5.0,0.0,90.0,5.0,0.0,0.0,95.0
SLE,Sierra Leone,2021,71.1,0.1818989988636872,1045.766161575796,8094602,-1.704303697246229,6.952505064733891,15.90670797773323,27.5,603.8037999957767,10.807091106766707,43.7345385973699,-5.326231691078565,0.4916618178880346,0.6158171073326867,16.948596623942436,Medium,95.0,5.0,0.0,90.0,5.0,0.0,0.0,95.0
SLE,Sierra Leone,2022,71.6,0.1772180987185034,1077.088845385072,8276807,-1.730374108789205,6.982017167147748,15.92896782396851,29.4,603.8037999957767,10.807091106766707,44.2666343543487,0.7032348804500765,0.4916618178880346,0.6183603423276003,-2.5733512413070647,Medium,95.0,5.0,0.0,90.0,5.0,0.0,0.0,95.0
SLV,El Salvador,2000,33.5,0.9756760731208544,2964.893468814063,5943366,-0.0246246399516879,7.994596381212672,15.59778619751057,84.5,537.1109674543886,55.84689923009499,56.5638569810457,0.0,0.6819973460228893,0.3293980716477618,0.0,Low,55.89,0.0,0.0,33.425,44.11,0.0,0.0,55.89
SLV,El Salvador,2001,33.1,1.01143420139878,2978.597348446686,5968060,0.0113693249895485,7.999207780250164,15.6019324744345,87.1,568.00569056859,54.112372236626136,57.4526760394716,-1.19402985074627,0.6694824167604735,0.3336209482830389,3.664959023085146,Medium,53.902,0.0,0.0,29.512,46.098,0.0,0.0,53.902
SLV,El Salvador,2002,34.0,1.011236536876918,3016.06307728602,5986631,0.0111738759540229,8.01170764312865,15.60503937446873,87.5,582.4536587363627,53.64949247830263,58.3486233966841,2.719033232628388,0.6661426547076282,0.3398686523003059,-0.0195429936607482,Medium,50.682,0.0,0.0,27.045,49.318,0.0,0.0,50.682
SLV,El Salvador,2003,33.9,1.096839445343821,3057.164676290974,5998599,0.0924328126453725,8.025243189033684,15.60703649992696,87.0,622.3866571784145,53.2710248272676,59.2468576589718,-0.2941176470588225,0.6634119414361423,0.3407253619370661,8.465171633461477,Medium,56.317,0.0,0.0,32.548,43.683,0.0,0.0,56.317
SLV,El Salvador,2004,33.3,1.137331254285206,3081.23629665234,6004671,0.1286845129571953,8.033086190447184,15.60804822431838,87.4,627.60446428589,51.775767578049845,60.1425374326239,-1.7699115044247815,0.6526233871077656,0.3430677571073582,3.691680593114732,Medium,52.795,0.0,0.0,29.814,47.205,0.0,0.0,52.795
SLV,El Salvador,2005,34.1,1.17101134978182,3163.361183768328,6005578,0.1578677769527423,8.059390407038833,15.60819926198658,87.5,643.9031521625196,51.39137703824396,61.0308213239291,2.402402402402415,0.6498499391113226,0.3485236570974415,2.961326822745347,Medium,56.863,0.0,0.0,33.725,43.137,0.0,0.0,56.863
SLV,El Salvador,2006,34.8,1.231040869370655,3302.348173543467,6002319,0.2078600467898352,8.102389062150722,15.60765645252044,89.2,686.957827636037,50.85139690910266,61.9068679391763,2.052785923753664,0.6459538837920573,0.354032213749953,5.126296991059864,Medium,58.596,0.0,0.0,35.439,41.404,0.0,0.0,58.596
SLV,El Salvador,2007,28.2,1.294314109697722,3359.162302413504,6009824,0.2579809098189669,8.119446907115274,15.6089060215568,91.1,694.5373117203649,51.31731859989953,62.7676878093683,-18.965517241379303,0.6493155939436455,0.3187806567413003,5.139816386389695,Low,57.167,0.0,0.0,30.185,42.833,0.0,0.0,57.167
SLV,El Salvador,2008,31.5,1.176007750157274,3420.449273574435,6029297,0.16212543972451,8.137527187971054,15.61214097815903,91.0,702.3006958125682,47.3897063372528,63.6372503452723,11.70212765957448,0.6209771536528323,0.3497352278531362,-9.14046742240008,Medium,63.279,0.0,0.0,34.426,36.721,0.0,0.0,63.279
SLV,El Salvador,2009,32.2,1.140572384309652,3337.811508782107,6048279,0.1315302279003381,8.113070634317651,15.61528432672989,91.1,689.4224675320401,47.713241117640194,64.5299047495248,2.2222222222222365,0.6233115162229885,0.3521285755609371,-3.0131915238554408,Medium,56.752,0.0,0.0,26.838,43.248,0.0,0.0,56.752
SLV,El Salvador,2010,32.6,1.10817799335525,3398.49346060363,6068249,0.1027172192456824,8.131087512584056,15.61858065354603,91.6,697.0369273155056,46.67901484982383,65.4327927543162,1.2422360248447228,0.6158493846840789,0.3578942293263227,-2.840187207759648,Medium,65.455,0.0,0.0,35.537,34.545,0.0,0.0,65.455
SLV,El Salvador,2011,29.5,1.153227182290287,3514.069144355002,6090127,0.1425642576890932,8.164529945376167,15.62217949332743,92.6,692.5053129909671,48.209682717922384,66.334413642034,-9.509202453987731,0.6268934330993741,0.3366041481502112,4.06515823316802,Medium,63.533,0.0,0.0,33.874,36.467,0.0,0.0,63.533
SLV,El Salvador,2012,30.3,1.144541807907294,3601.442229145883,6113975,0.1350043891511606,8.189089663424943,15.62608769244844,93.7,701.4574045941847,47.74592126710356,67.2232666950659,2.7118644067796627,0.6235473094740358,0.342346385954742,-0.7531364605666058,Medium,60.635,0.0,0.0,30.317,39.365,0.0,0.0,60.635
SLV,El Salvador,2013,27.5,1.080823263160998,3665.154732705805,6138839,0.0777230314523824,8.206625832448873,15.63014619429606,95.0,660.0941502135568,47.14748723195997,68.0878511957995,-9.24092409240924,0.6192294985398478,0.3302631754503202,-5.567166206256847,Medium,60.759,0.0,0.0,29.272,39.241,0.0,0.0,60.759
SLV,El Salvador,2014,24.0,1.105719577702579,3713.94992016222,6162955,0.100496324570794,8.219851257751255,15.63406692827891,95.1,649.0431756502733,49.22685605918483,68.9166664266223,-12.727272727272732,0.6342325246565809,0.304959017427559,2.3034584274924663,Low,60.159,0.0,0.0,28.413,39.841,0.0,0.0,60.159
SLV,El Salvador,2015,21.0,1.174851334384272,3790.340891081616,6183676,0.161141615663016,8.24021123890809,15.63742347460386,95.4,674.3539966566586,51.92973491113328,69.6982116699219,-12.5,0.653734289555244,0.2799487250087462,6.252196133248567,Low,58.32,0.165,0.0,23.394,41.68,0.0,0.0,58.32
SLV,El Salvador,2016,20.7,1.181831376596568,3875.846913579542,6200800,0.167065249413321,8.26251947625016,15.64018887394944,96.0,686.9978050089957,0.0,70.3990173339844,-1.4285714285714346,0.2790517614216686,0.4657640480785858,0.5941213162901304,Medium,59.416,0.325,0.0,21.753,40.584,0.0,0.0,59.416
SLV,El Salvador,2017,25.0,1.067363768728677,3954.840142775724,6213533,0.0651918408608917,8.282695460364838,15.64224021323042,96.8,674.6654416220595,0.0,71.0856704711914,20.772946859903385,0.2790517614216686,0.4876358690348422,-9.685612527696996,Medium,74.775,2.883,0.0,30.811,25.225,0.0,0.0,74.775
SLV,El Salvador,2018,23.2,1.141868228387151,4046.162917205832,6219807,0.1326657178749922,8.305524283156728,15.64324943529505,97.0,694.567755248769,0.0,71.7577209472656,-7.200000000000006,0.2790517614216686,0.4784802230531535,6.980231280214366,Medium,77.941,5.699,0.0,29.963,22.059,0.0,0.0,77.941
SLV,El Salvador,2019,19.4,1.302858516713546,4143.114370978674,6222318,0.2645607095254172,8.329203047532397,15.64365306410188,97.4,734.7993698443636,0.0,72.4148941040039,-16.37931034482759,0.2790517614216686,0.4591516370918106,14.098849965708226,Medium,71.475,9.4,0.0,24.797,28.525,0.0,0.0,71.475
SLV,El Salvador,2020,23.7,1.067177059646913,3808.531954364088,6234673,0.0650169001150814,8.244999080053104,15.64563668985085,99.7,669.9068940978573,0.0,73.0570220947266,22.164948453608257,0.2790517614216686,0.481023458048067,-18.089566445107053,Medium,84.759,15.397,0.156,32.193,15.241,0.0,0.0,84.759
SLV,El Salvador,2021,21.9,1.204006149830669,4247.547503949775,6255782,0.1856544547063657,8.354097037462305,15.64901671405281,97.9,722.1445788858788,0.0,73.6838531494141,-7.594936708860766,0.2790517614216686,0.4718678120663783,12.821592157258998,Medium,86.037,23.836,1.834,25.67,13.963,0.0,0.0,86.037
SOM,"Somalia, Fed. Rep.",2000,93.3,0.0707455938438096,233.0323930862651,8838713,-2.648665022224147,5.451177470023774,15.99465183577954,2.1,603.8037999957767,10.807091106766707,33.0596136927225,0.0,0.4916618178880346,0.7287367411068475,0.0,High,27.93,0.0,0.0,22.2305,69.253,0.0,0.0,30.747
SOM,"Somalia, Fed. Rep.",2001,93.3,0.0720444098832276,239.8390740880397,9198493,-2.630472546177727,5.479968173806641,16.03455022425404,4.7,603.8037999957767,10.807091106766707,33.5128183866634,0.0,0.4916618178880346,0.7287367411068475,1.8358967235266863,High,27.93,0.0,0.0,22.2305,69.253,0.0,0.0,30.747
SOM,"Somalia, Fed. Rep.",2002,92.6,0.0773188616661481,248.6364540007657,9550063,-2.559817347123013,5.515991805497653,16.07205830929379,7.4,603.8037999957767,10.807091106766707,33.9872055053711,-0.7502679528403,0.4916618178880346,0.7251762121139684,7.321111785729939,High,27.93,0.0,0.0,22.2305,69.253,0.0,0.0,30.747
SOM,"Somalia, Fed. Rep.",2003,92.8,0.075929768798698,257.9103372359857,9909157,-2.577946460688563,5.552611994425961,16.10896983709758,9.8,603.8037999957767,10.807091106766707,34.4719665654476,0.2159827213823018,0.4916618178880346,0.7261935061119339,-1.7965769768417794,High,27.93,0.0,0.0,22.2305,69.253,0.0,0.0,30.747
SOM,"Somalia, Fed. Rep.",2004,93.0,0.0721817084294734,266.2572718566411,10280998,-2.628568611033006,5.584463028788284,16.14580789499123,12.4,603.8037999957767,10.807091106766707,34.9620706047618,0.2155172413793149,0.4916618178880346,0.7272108001098994,-4.936219915486961,High,27.93,0.0,0.0,22.2305,69.253,0.0,0.0,30.747
SOM,"Somalia, Fed. Rep.",2005,93.3,0.0708740925128623,275.4570407980927,10644228,-2.646850321067518,5.618431684666988,16.1805283313689,15.0,603.8037999957767,10.807091106766707,35.4674928136211,0.3225806451612856,0.4916618178880346,0.7287367411068475,-1.811561329126388,High,27.93,0.0,0.0,22.2305,69.253,0.0,0.0,30.747
SOM,"Somalia, Fed. Rep.",2006,93.5,0.0710126971868803,284.4707898652339,10975502,-2.644896584311613,5.650630576468327,16.21117625619836,15.2,603.8037999957767,10.807091106766707,35.9982083823331,0.2143622722400984,0.4916618178880346,0.7297540351048128,0.1955646543098321,High,27.93,0.0,0.0,22.2305,69.253,0.0,0.0,30.747
SOM,"Somalia, Fed. Rep.",2007,93.0,0.0697367437921845,294.2104044666344,11322582,-2.663027929501697,5.684295172826277,16.2423096966031,20.2,603.8037999957767,10.807091106766707,36.5641925012053,-0.5347593582887722,0.4916618178880346,0.7272108001098994,-1.7967961297653767,High,27.93,0.0,0.0,22.2305,69.253,0.0,0.0,30.747
SOM,"Somalia, Fed. Rep.",2008,93.4,0.0654286636364789,304.7414488111166,11663084,-2.726794834633095,5.719463708283095,16.27193919791082,22.9,603.8037999957767,10.807091106766707,37.1754203605454,0.4301075268817289,0.4916618178880346,0.7292453881058302,-6.177633083276135,High,27.93,0.0,0.0,22.2305,69.253,0.0,0.0,30.747
SOM,"Somalia, Fed. Rep.",2009,93.6,0.064842986920795,317.0381848145703,11961201,-2.735786517154771,5.759022223451237,16.2971787195054,25.5,603.8037999957767,10.807091106766707,37.8418671506609,0.2141327623126132,0.4916618178880346,0.7302626821037955,-0.8951378235967145,High,27.93,0.0,0.0,22.2305,69.253,0.0,0.0,30.747
SOM,"Somalia, Fed. Rep.",2010,93.6,0.0643056345273874,329.9705049369409,12261756,-2.744108022846983,5.79900327148702,16.32199570823221,52.3,603.8037999957767,10.807091106766707,38.5735080618592,0.0,0.4916618178880346,0.7302626821037955,-0.828697780476928,High,27.93,0.0,0.0,22.2305,69.253,0.0,0.0,30.747
SOM,"Somalia, Fed. Rep.",2011,93.7,0.0638360071358987,349.5774490777218,12348830,-2.751437872660337,5.856725136774423,16.32907187970834,52.0,603.8037999957767,10.807091106766707,39.380318284448,0.1068376068376064,0.4916618178880346,0.7307713291027783,-0.7303051978885367,High,27.93,0.0,0.0,22.2305,69.253,0.0,0.0,30.747
SOM,"Somalia, Fed. Rep.",2012,93.9,0.062458069714216,369.6172047533848,12461160,-2.773259831956083,5.912467888341554,16.33812716490356,51.8,603.8037999957767,10.807091106766707,40.2722730087349,0.2134471718249653,0.4916618178880346,0.7317886231007438,-2.1585582863120623,High,27.93,0.0,0.0,22.2305,69.253,0.0,0.0,30.747
SOM,"Somalia, Fed. Rep.",2013,94.4,0.060817769387286,397.1087963448585,12869594,-2.79987327305024,5.984210289352099,16.37037803284317,51.5,603.8037999957767,10.807091106766707,41.2593474250273,0.5324813631522929,0.4916618178880346,0.7343318580956573,-2.626242428617076,High,27.93,0.0,0.0,22.2305,69.253,0.0,0.0,30.747
SOM,"Somalia, Fed. Rep.",2014,94.6,0.057963231130783,417.5167969063951,13339491,-2.847946415485444,6.034324775592746,16.40623944180176,51.4,603.8037999957767,10.807091106766707,42.3515167236328,0.2118644067796493,0.4916618178880346,0.7353491520936226,-4.69359248992739,High,27.93,0.0,0.0,22.2305,69.253,0.0,0.0,30.747
SOM,"Somalia, Fed. Rep.",2015,94.5,0.0595713916231976,445.583080073396,13806963,-2.820579826472933,6.09938371678218,16.4406835880946,51.2,603.8037999957767,10.807091106766707,43.8618107408479,-0.105708245243119,0.4916618178880346,0.7348405050946399,2.774449355292364,High,27.93,0.0,0.0,22.2305,69.253,0.0,0.0,30.747
SOM,"Somalia, Fed. Rep.",2016,94.8,0.0583884020478453,458.9214768246055,14348740,-2.84063800394171,6.128879120969444,16.47917269143678,51.1,603.8037999957767,10.807091106766707,45.942842729174,0.3174603174603163,0.4916618178880346,0.736366446091588,-1.9858350512188985,High,27.93,0.0,0.0,22.2305,69.253,0.0,0.0,30.747
SOM,"Somalia, Fed. Rep.",2017,94.9,0.0560917617512643,506.5010988794594,14916629,-2.880766326590486,6.227526493241092,16.51798718887418,52.1,603.8037999957767,10.807091106766707,48.3639630032265,0.1054852320675259,0.4916618178880346,0.7368750930905708,-3.933384398324613,High,27.93,0.0,0.0,22.2305,69.253,0.0,0.0,30.747
SOM,"Somalia, Fed. Rep.",2018,94.9,0.0554085565643899,498.981065013872,15452487,-2.893021246534411,6.212568149167572,16.55328051922739,50.7,603.8037999957767,10.807091106766707,50.9506215336872,0.0,0.4916618178880346,0.7368750930905708,-1.2180134221920436,High,27.93,0.0,0.0,22.2305,69.253,0.0,0.0,30.747
SOM,"Somalia, Fed. Rep.",2019,95.0,0.0528040378839185,494.4440397123388,16030971,-2.941167616119775,6.203433979264417,16.5900330966751,49.2,603.8037999957767,10.807091106766707,51.6421170703225,0.1053740779768164,0.4916618178880346,0.7373837400895534,-4.7005712510208575,High,27.93,0.0,0.0,22.2305,69.253,0.0,0.0,30.747
SOM,"Somalia, Fed. Rep.",2020,95.5,0.0474200313959524,462.8670537372356,16651191,-3.048710536262591,6.137439871897081,16.627992303364,49.9,603.8037999957767,10.807091106766707,52.286318011754,0.5263157894736858,0.4916618178880346,0.739926975084467,-10.196202229462228,High,27.93,0.0,0.0,22.2305,69.253,0.0,0.0,30.747
SOM,"Somalia, Fed. Rep.",2021,95.4,0.0473151298233481,461.6278307259782,17271431,-3.05092516521617,6.134759005243779,16.66456430714177,49.3,603.8037999957767,10.807091106766707,52.9060649733324,-0.1047120418848135,0.4916618178880346,0.7394183280854842,-0.2212178472180248,High,27.93,0.0,0.0,22.2305,69.253,0.0,0.0,30.747
SOM,"Somalia, Fed. Rep.",2022,95.4,0.0467871485830976,460.046226685196,17801897,-3.062146716694087,6.131326977227983,16.69481558261752,48.9,603.8037999957767,10.807091106766707,53.5010115886789,0.0,0.4916618178880346,0.7394183280854842,-1.11588247188954,High,27.93,0.0,0.0,22.2305,69.253,0.0,0.0,30.747
STP,Sao Tome and Principe,2000,54.7,0.3798136344068103,959.938180991352,144018,-0.968074582336216,6.866868887587772,11.87769357074629,52.9,240.9562157192226,0.0,52.9663437052108,0.0,0.4916618178880346,0.532398999499523,0.0,Medium,33.333,0.0,0.0,33.333,66.667,0.0,0.0,33.333
STP,Sao Tome and Principe,2001,55.5,0.3812126387702818,973.424252100436,146375,-0.964397952530616,6.880820011924032,11.89392710090002,51.5,240.9562157192226,0.0,53.9612039920776,1.4625228519195457,0.4916618178880346,0.5364681754913846,0.3683396899788471,Medium,0.0,0.0,0.0,0.0,100.0,0.0,0.0,0.0
STP,Sao Tome and Principe,2002,55.3,0.4295567028187991,982.32906557627,149922,-0.8450015257390602,6.889926349550072,11.91787043783151,52.5,240.9562157192226,0.0,55.0882710997103,-0.3603603603603678,0.4916618178880346,0.5354508814934191,12.681653001974414,Medium,25.0,0.0,0.0,25.0,75.0,0.0,0.0,25.0
STP,Sao Tome and Principe,2003,51.8,0.4745991912309673,1036.861962602069,153814,-0.7452846390886109,6.943954087124435,11.94349935921914,53.6,240.9562157192226,0.0,56.4128470868097,-6.329113924050633,0.4916618178880346,0.5176482365290245,10.485807372250113,Medium,25.0,0.0,0.0,25.0,75.0,0.0,0.0,25.0
STP,Sao Tome and Principe,2004,48.9,0.5237627215370471,1047.057961348842,157705,-0.6467165187098931,6.95373956879274,11.96848147821896,54.7,240.9562157192226,0.0,57.8774845467458,-5.598455598455598,0.2790517614216686,0.609202501791709,10.35895787739638,Medium,25.0,0.0,0.0,25.0,75.0,0.0,0.0,25.0
STP,Sao Tome and Principe,2005,47.9,0.5524656796936384,1089.147787987623,161639,-0.5933639657212041,6.993150823539379,11.99312073258579,55.8,266.02490735527937,0.0,59.4188016908917,-2.0449897750511203,0.2790517614216686,0.6041160318018819,5.480145297924,Medium,0.0,0.0,0.0,0.0,100.0,0.0,0.0,0.0
STP,Sao Tome and Principe,2006,47.3,0.5747473405860974,1157.086144654196,165638,-0.5538247424289813,7.053660179611478,12.01755996320844,56.9,265.6395271616417,0.0,60.9734167306206,-1.2526096033402934,0.2790517614216686,0.6010641498079856,4.033130330342893,Medium,20.0,0.0,0.0,20.0,80.0,0.0,0.0,20.0
STP,Sao Tome and Principe,2007,47.7,0.5763111373011196,1170.516124744347,169700,-0.551107595199409,7.065200062781697,12.04178745122232,58.0,259.2810842663524,0.0,62.4779478773056,0.8456659619450413,0.2790517614216686,0.6030987378039165,0.2720842019777736,Medium,20.0,0.0,0.0,20.0,80.0,0.0,0.0,20.0
STP,Sao Tome and Principe,2008,46.0,0.6024408347862111,1214.141147247925,173793,-0.5067658179641767,7.101792231127869,12.0656202148228,59.1,259.2810842663524,0.0,63.8690133423199,-3.563941299790363,0.4916618178880346,0.4881467105880275,4.533956710858922,Medium,20.0,0.0,0.0,20.0,80.0,0.0,0.0,20.0
STP,Sao Tome and Principe,2009,45.4,0.6443523584083485,1225.605419029969,177853,-0.4395095621188745,7.111190220508837,12.08871264538165,56.9,259.2810842663524,0.0,65.0832313370367,-1.30434782608696,0.4916618178880346,0.4850948285941312,6.956952650298098,Medium,16.667,0.0,0.0,16.667,83.333,0.0,0.0,16.667
STP,Sao Tome and Principe,2010,38.2,0.6798605075851751,1216.350252166303,181802,-0.3858676377593863,7.103610057372587,12.11067346176511,61.4,259.2810842663524,0.0,66.0572200728291,-15.859030837004395,0.4916618178880346,0.4484722446673764,5.5106726488186375,Medium,0.0,0.0,0.0,0.0,100.0,0.0,0.0,0.0
STP,Sao Tome and Principe,2011,42.4,0.6857025892948521,1214.961302767313,185649,-0.3773112885652858,7.102467505693212,12.13161307311078,62.6,259.2810842663524,0.0,66.7275977610702,10.994764397905744,0.4916618178880346,0.46983541862465,0.8593059376882595,Medium,14.286,0.0,0.0,14.286,85.714,0.0,0.0,14.286
STP,Sao Tome and Principe,2012,40.1,0.7010172139844488,1225.694525561499,189439,-0.3552228359231587,7.111262921959971,12.15182235194763,57.9,259.2810842663524,0.0,67.0335889448132,-5.424528301886788,0.4916618178880346,0.4581365376480478,2.2334208633141728,Medium,12.5,0.0,0.0,12.5,87.5,0.0,0.0,12.5
STP,Sao Tome and Principe,2013,42.8,0.6906620829622879,1263.70423995281,193148,-0.3701046009305097,7.141802559948379,12.17121201339417,65.0,259.2810842663524,0.0,67.1306686401367,6.733167082294256,0.4916618178880346,0.4718700066205809,-1.47715788080357,Medium,14.286,0.0,0.0,14.286,85.714,0.0,0.0,14.286
STP,Sao Tome and Principe,2014,38.4,0.6688113352340584,1301.321464450283,196767,-0.4022532687397533,7.171135538267658,12.18977556661311,68.6,259.2810842663524,0.0,67.2606735229492,-10.280373831775702,0.4916618178880346,0.4494895386653418,-3.163739297010548,Medium,12.5,0.0,0.0,12.5,87.5,0.0,0.0,12.5
STP,Sao Tome and Principe,2015,39.2,0.7024778946632649,1298.109465963963,200291,-0.3531413449408313,7.168664228040886,12.20752658804331,67.3,259.2810842663524,0.0,67.3915710449219,2.083333333333348,0.4916618178880346,0.4535587146572035,5.0337901969655485,Medium,10.0,0.0,0.0,10.0,90.0,0.0,0.0,10.0
STP,Sao Tome and Principe,2016,38.1,0.7187427892522423,1342.533807688997,203689,-0.3302517192656075,7.202314008702066,12.22434959977496,69.4,259.2810842663524,0.0,67.5218887329102,-2.8061224489795977,0.4916618178880346,0.4479635976683937,2.315360342658757,Medium,9.091,0.0,0.0,9.091,90.909,0.0,0.0,9.091
STP,Sao Tome and Principe,2017,39.2,0.7203942600376867,1375.594032841985,206970,-0.3279566334554341,7.226640940690302,12.24032913420826,74.3,259.2810842663524,0.0,67.6520004272461,2.8871391076115582,0.4916618178880346,0.4535587146572035,0.2297721535631014,Medium,0.0,0.0,0.0,0.0,100.0,0.0,0.0,0.0
STP,Sao Tome and Principe,2018,40.6,0.725544396180544,1413.843486185414,210187,-0.3208330146217656,7.254067151635174,12.25575288965137,71.0,259.2810842663524,0.0,67.7828826904297,3.5714285714285587,0.4916618178880346,0.4606797726429614,0.7149052162891856,Medium,0.0,0.0,0.0,0.0,100.0,0.0,0.0,0.0
STP,Sao Tome and Principe,2019,38.6,0.7455762165404513,1420.660083160912,213392,-0.2935979145362977,7.258876889883689,12.27088612886218,75.1,259.2810842663524,0.0,67.9129943847656,-4.926108374384242,0.4916618178880346,0.4505068326633072,2.7609365416313647,Medium,9.091,0.0,0.0,9.091,90.909,0.0,0.0,9.091
STP,Sao Tome and Principe,2020,41.6,0.7087175477728975,1430.841192990964,217435,-0.3442982129632243,7.266017797151425,12.28965523427143,76.8,259.2810842663524,0.0,68.0436706542969,7.772020725388606,0.4916618178880346,0.4657662426327884,-4.9436486773386745,Medium,9.091,0.0,0.0,9.091,90.909,0.0,0.0,9.091
STP,Sao Tome and Principe,2021,40.8,0.7131883529088443,1428.286760979749,221961,-0.3380097238768583,7.264230935750324,12.31025696974596,78.5,259.2810842663524,0.0,68.1738967895508,-1.9230769230769384,0.4916618178880346,0.4616970666409268,0.6308303145584615,Medium,9.091,0.0,0.0,9.091,90.909,0.0,0.0,9.091
STP,Sao Tome and Principe,2022,42.5,0.6239367225646805,1403.233567046782,226305,-0.4717063219010056,7.246534543115422,12.32963892594228,78.0,259.2810842663524,0.0,68.3720919798341,4.166666666666674,0.4916618178880346,0.4703440656236328,-12.514454278471854,Medium,11.111,0.0,0.0,11.111,88.889,0.0,0.0,11.111
SUR,Suriname,2000,23.6,3.105468872930055,6128.31602380553,476643,1.133164709759793,8.720675280555065,13.07452306198571,95.4,1279.9100986817389,78.13983086680636,66.7015222141811,0.0,0.8428449220685975,0.1986182307256198,0.0,Low,73.958,0.0,0.0,73.958,26.042,0.0,0.0,73.958
SUR,Suriname,2001,24.1,3.12520552449852,6255.552741856872,486560,1.139500048865282,8.741224786999487,13.09511550291119,95.3,1352.0005107108268,78.69776340134939,66.718959290312,2.1186440677966045,0.8468705072738426,0.1991486731179108,0.6355449813233216,Low,70.192,0.0,0.0,70.192,29.808,0.0,0.962,70.192
SUR,Suriname,2002,27.8,2.251933839625738,6301.317310431669,496551,0.8117893313493237,8.74851398741583,13.11544147622536,95.2,963.4145261115576,69.34234641769314,66.7320549534773,15.352697095435676,0.7793694639278923,0.2517191337532461,-27.942856174648224,Low,60.163,0.0,0.0,60.163,39.837,0.0,0.813,60.163
SUR,Suriname,2003,24.6,2.43832121544823,6567.843098768473,506414,0.8913097760506431,8.789940762108872,13.1351097955595,95.1,1004.1720776076688,73.5664277863874,66.7404073281911,-11.51079136690647,0.80984698300194,0.2202036702487756,8.276769616529634,Low,57.692,0.0,0.0,57.692,42.308,0.0,0.769,57.692
SUR,Suriname,2004,22.6,2.712274017703041,7021.989199243381,513923,0.9977874039501032,8.85680181859609,13.14982872776787,95.0,1086.0286292676956,76.5176758644287,66.743604713168,-8.130081300813007,0.8311407772591642,0.1993838331405094,11.235304049325222,Low,53.147,0.0,0.0,53.147,46.853,0.0,0.699,53.147
SUR,Suriname,2005,18.9,3.251988685051212,7261.817135019604,519313,1.179266712297965,8.89038537058034,13.16026206321828,94.9,1231.361662505668,81.26142026668516,66.7321826490881,-16.371681415929217,0.8653677600946936,0.1634504027603846,19.898972737468547,Low,48.521,0.0,0.0,48.521,51.479,0.0,0.592,48.521
SUR,Suriname,2006,22.1,2.916969049346949,7599.35696921481,524997,1.07054508038944,8.935818913381011,13.17114782727172,91.0,1174.719073979219,76.05849745555811,66.6967982269052,16.93121693121695,0.8278277211190858,0.1984971262156351,-10.301992662037415,Low,54.777,0.0,0.0,54.777,45.223,0.0,0.637,54.777
SUR,Suriname,2007,24.6,2.664326498636576,7897.256489158281,531016,0.9799513047165992,8.974270698286118,13.18254743159686,94.7,1117.3243213243536,71.78353798961271,66.6433180134835,11.31221719457014,0.79698310727482,0.2266356081123356,-8.66113237529671,Low,57.333,0.0,0.0,57.333,42.667,0.0,1.333,57.333
SUR,Suriname,2008,26.2,2.717754469562304,8129.114646594458,537245,0.9998059766824634,9.003207297053992,13.19420950780719,94.7,1176.346438731612,69.88633142857023,66.5776961831642,6.5040650406503975,0.783294415200819,0.2416183061330594,2.0053086944512577,Low,56.954,0.0,0.0,56.954,43.046,0.0,1.325,56.954
SUR,Suriname,2009,26.5,2.671238925028699,8276.690797687932,543568,0.9825423816543052,9.021198505378132,13.20591009271257,94.6,1163.8930381974694,70.33896709453218,66.5058869102882,1.1450381679389388,0.7865602642550512,0.2415113226028915,-1.71154329997647,Low,56.209,0.0,0.0,56.209,43.791,0.0,1.307,56.209
SUR,Suriname,2010,22.1,3.181718167816221,8603.907867458549,549923,1.157421355224972,9.059971782224586,13.21753354740774,91.2,1351.362141184864,76.65366865076679,66.4338443691967,-16.603773584905657,0.8321219900668222,0.1963499917417669,19.11020530602807,Low,61.224,0.0,0.0,61.224,38.776,0.0,1.02,61.224
SUR,Suriname,2011,21.2,3.517363002432276,9003.285976748855,556269,1.257711561822855,9.105344898210108,13.22900726918261,94.6,1676.9522189235136,59.3893978082743,66.3675227342307,-4.072398190045257,0.7075571206963637,0.2540546034361518,10.549169251103896,Low,67.32,0.0,0.0,67.32,32.68,0.0,1.307,67.32
SUR,Suriname,2012,15.8,4.345461428675531,9140.92898611536,562633,1.469131950702614,9.120517298901987,13.24038282955657,94.6,1411.638243855988,78.83089807235301,66.3132562693376,-25.47169811320754,0.8478310982570093,0.1564506767107629,23.54316076192933,Low,49.102,0.0,0.0,49.102,50.898,0.0,1.198,49.102
SUR,Suriname,2013,17.6,4.021475519313908,9303.460087758094,569020,1.391648879891987,9.138141662394103,13.25167086187563,94.6,1713.8374678044393,54.54950239529668,66.2683575134509,11.392405063291132,0.6726363907457902,0.2532036764480612,-7.455730874140376,Low,47.159,0.0,0.0,47.159,52.841,0.0,1.136,47.159
SUR,Suriname,2014,12.8,4.555653463057878,9224.243784105469,575373,1.516368981027895,9.129590490925912,13.26277380511958,94.6,1785.9487689907069,51.21056933268182,66.2249266178037,-27.27272727272727,0.6485453784710269,0.2408341266342729,13.283133048516094,Low,30.22,0.0,0.0,30.22,69.78,0.0,0.549,30.22
SUR,Suriname,2015,11.6,4.68702450195744,8813.61705392067,581627,1.544797946568774,9.084053196979127,13.27358462778277,95.0,1577.3117289022466,-38.67563312678926,66.1828815074718,-9.37500000000001,0.0,0.559003051881994,2.8836925364244648,Medium,26.344,0.538,0.0,25.269,73.656,0.0,0.538,26.344
SUR,Suriname,2016,11.1,5.037285817097882,8293.315530314065,587757,1.616867408671208,9.023205111516392,13.284068876157,95.8,1728.6507173265825,0.0,66.1426466980469,-4.31034482758621,0.2790517614216686,0.4169339361762461,7.472999447606088,Medium,43.956,0.549,0.0,42.857,56.044,0.0,0.549,43.956
SUR,Suriname,2017,15.5,4.127246666318575,8338.692354018622,593713,1.417610517900898,9.02866169097553,13.29415131659981,96.6,1613.954642529079,0.0,66.1046467051207,39.63963963963963,0.2790517614216686,0.4393144041314851,-18.066061443057148,Medium,51.934,0.552,0.0,50.829,48.066,0.0,0.552,51.934
SUR,Suriname,2018,18.3,3.588245792835184,8666.648706977967,599513,1.277663445984915,9.067237456061587,13.30387293795188,97.4,1523.998993131385,0.0,66.0693060442846,18.06451612903226,0.2790517614216686,0.4535565201030009,-13.059574991774593,Medium,53.158,0.526,0.0,52.105,46.842,0.0,1.053,53.158
SUR,Suriname,2019,14.9,4.393266068858045,8677.305220217315,605768,1.48007292971045,9.068466300951869,13.31425235346634,97.9,1730.8370812182222,0.0,66.0370492311305,-18.5792349726776,0.2790517614216686,0.4362625221375889,22.43492565727472,Medium,47.549,0.49,0.0,46.569,52.451,0.0,0.98,47.549
SUR,Suriname,2020,14.6,4.253352430195471,7213.10766669943,612317,1.447707479096324,8.883655159149434,13.32500540124852,98.4,1688.413784938406,0.0,66.00830078125,-2.0134228187919545,0.2790517614216686,0.4347365811406408,-3.184729457984836,Medium,48.293,0.488,0.0,47.317,51.707,0.0,0.976,48.293
SUR,Suriname,2021,14.5,4.40057873816953,6973.899418681151,617896,1.481736063676885,8.849929804803109,13.33407543748871,98.8,1698.9517408385714,0.0,65.9853973388672,-0.6849315068493178,0.2790517614216686,0.4342279341416581,3.461418031782837,Medium,48.325,0.478,0.0,47.368,51.675,0.0,0.957,48.325
SWZ,Eswatini,2000,60.1,1.053951646511378,2273.046837610558,1041414,0.0525465728916631,7.728876429716157,13.85608996306209,20.4,913.6982675230956,0.0,22.8409330761997,0.0,0.2790517614216686,0.6661709656777721,0.0,High,98.485,0.0,0.0,28.788,1.515,1.515,0.0,98.485
SWZ,Eswatini,2001,60.9,1.057975537169954,2283.983168153611,1051064,0.0563572114012657,7.733676201288856,13.8653135423914,26.9,896.4470076092654,0.0,22.7095619136459,1.331114808652245,0.2790517614216686,0.6702401416696337,0.3817908223679112,High,98.571,0.0,0.0,27.143,1.429,1.429,0.0,98.571
SWZ,Eswatini,2002,63.6,1.021765251675176,2358.569356434677,1059441,0.0215317703634935,7.765810509302614,13.87325196849529,25.9,895.0400203511455,0.0,22.5690884303038,4.4334975369458185,0.2790517614216686,0.6839736106421668,-3.422601395079428,High,95.833,0.0,0.0,27.778,4.167,2.778,0.0,95.833
SWZ,Eswatini,2003,66.5,0.9418768163494888,2448.83792077995,1066700,-0.0598807811631686,7.803368872965383,13.88008032861357,28.7,877.5745032831733,0.0,22.4312316968119,4.559748427672949,0.2790517614216686,0.6987243736126652,-7.818668250335447,High,95.313,0.0,0.0,18.75,4.688,3.125,0.0,95.313
SWZ,Eswatini,2004,66.6,0.9267033123703012,2522.143420971667,1073159,-0.0761218160241288,7.832864382858644,13.88611719330029,31.4,855.622666347448,0.0,22.3077107838089,0.1503759398496118,0.2790517614216686,0.6992330206116479,-1.6109860350950078,High,94.828,0.0,0.0,17.241,5.172,3.448,0.0,94.828
SWZ,Eswatini,2005,67.0,0.918331600282478,2658.751805081871,1079022,-0.085196733234728,7.885612045435465,13.89156563328172,34.2,858.5217076850694,0.0,22.2102447619336,0.6006006006006093,0.2790517614216686,0.7012676086075788,-0.9033864426803762,High,96.774,0.0,0.0,25.806,3.226,1.613,0.0,96.774
SWZ,Eswatini,2006,66.8,0.9211239759653866,2823.487282154023,1084436,-0.0821606416172508,7.94572802481871,13.89657059413749,35.2,900.4217810848635,0.0,22.1505527018245,-0.2985074626865702,0.2790517614216686,0.7002503146096133,0.3040705211548644,High,97.101,0.0,0.0,21.739,2.899,1.449,0.0,97.101
SWZ,Eswatini,2007,66.9,0.9465437492264178,2928.468458230149,1090705,-0.0549380872917048,7.982234854848698,13.9023348341183,39.8,902.8670738606515,0.0,22.139989967508,0.1497005988024158,0.2790517614216686,0.7007589616085961,2.759647335679216,High,97.183,0.0,0.0,23.944,2.817,1.408,0.0,97.183
SWZ,Eswatini,2008,67.8,0.922510065194961,2950.673343621323,1098091,-0.0806569923465313,7.989788675363348,13.90908377557735,42.6,888.9203265824664,0.0,22.1692008829856,1.3452914798206097,0.2790517614216686,0.7053367845994404,-2.5390991225813675,High,97.101,0.0,0.0,23.188,2.899,1.449,0.0,97.101
SWZ,Eswatini,2009,66.7,0.9494612963091988,2973.834569123791,1105153,-0.0518605117415354,7.997607499758001,13.91549434488754,38.6,995.276783530389,0.0,22.2343865624794,-1.6224188790560423,0.2790517614216686,0.6997416676106307,2.9215107922472283,High,96.97,0.0,0.0,30.303,3.03,1.515,0.0,96.97
SWZ,Eswatini,2010,68.5,0.7696667116448523,3069.521757258837,1111650,-0.2617976998572269,8.029277049051856,13.92135595604761,45.6,835.8800667832735,0.0,22.3330792067471,2.698650674662661,0.2790517614216686,0.7088973135923193,-18.936483810688685,High,97.297,0.0,0.0,32.432,2.703,1.351,0.0,97.297
SWZ,Eswatini,2011,69.3,0.733025416139978,3108.702252530922,1117833,-0.3105749035629524,8.041960635942461,13.92690254765786,51.2,1001.700117977712,0.0,22.4634753665393,1.1678832116788218,0.2790517614216686,0.712966489584181,-4.760670424029168,High,96.552,0.0,0.0,48.276,3.448,1.724,0.0,96.552
SWZ,Eswatini,2012,68.8,0.7216182043540895,3218.50138205493,1123863,-0.32625908278851,8.076671120902219,13.93228241588606,54.3,995.6667544886164,0.0,22.6237715926065,-0.721500721500723,0.2790517614216686,0.7104232545892675,-1.556182300738962,High,92.308,0.0,0.0,46.154,7.692,3.846,0.0,92.308
SWZ,Eswatini,2013,66.1,0.8519544420747086,3332.119839279124,1129990,-0.1602222253257857,8.11136396881017,13.93771934109184,57.5,1022.6922240395932,0.0,22.8121644356992,-3.9244186046511698,0.2790517614216686,0.6966897856167344,18.06166154542641,High,93.333,0.0,0.0,51.667,6.667,3.333,0.0,93.333
SWZ,Eswatini,2014,68.3,0.8650012012683281,3381.792920712911,1136299,-0.1450243833017097,8.126161297753303,13.94328704785643,65.0,1005.2640199639532,0.0,23.026850446568,3.3282904689863946,0.2790517614216686,0.707880019594354,1.5313916506905612,High,95.833,0.0,0.0,47.917,4.167,4.167,0.0,95.833
SWZ,Eswatini,2015,68.8,0.8583206526352081,3419.822765595284,1142813,-0.1527775282904252,8.13734400578844,13.94900332484283,64.1,1046.22425009831,0.0,23.2660261759632,0.7320644216691097,0.2790517614216686,0.7104232545892675,-0.7723166884999189,High,94.737,0.0,0.0,31.579,5.263,5.263,0.0,94.737
SWZ,Eswatini,2016,64.3,0.9107382556174082,3500.176888479416,1149507,-0.0934997384635611,8.160568785765971,13.95484371277101,63.4,1035.2696242358854,0.0,23.5278881746356,-6.540697674418605,0.2790517614216686,0.6875341396350456,6.106995424293715,High,91.667,0.0,0.0,33.333,8.333,8.333,0.0,91.667
SWZ,Eswatini,2017,65.3,0.9167713554280584,3596.236054004921,1158195,-0.0868971775891112,8.18764303693121,13.96237331672082,73.5,996.6322158370396,0.0,23.8052004963161,1.5552099533437058,0.2790517614216686,0.6926206096248728,0.6624405830586655,High,95.349,0.0,0.0,48.837,4.651,4.651,0.0,95.349
SWZ,Eswatini,2018,65.7,0.908609504939992,3565.54285067501,1168929,-0.0958398646285748,8.179071593535255,13.97159850293821,74.0,989.8710239988228,0.0,24.0579295404227,0.6125574272588086,0.2790517614216686,0.6946551976208035,-0.8902820141294066,High,95.918,0.0,0.0,55.102,4.082,4.082,0.0,95.918
SWZ,Eswatini,2019,64.4,0.962899428244033,3759.671069646663,1179874,-0.0378063085214806,8.232086751080262,13.98091821107948,77.0,1023.1388527374194,0.0,24.3459549517751,-1.9786910197869043,0.2790517614216686,0.6880427866340284,5.9750556216805695,High,91.837,0.0,0.0,46.939,8.163,8.163,0.0,91.837
SWZ,Eswatini,2020,63.7,0.8053799312333313,3609.3669136859,1192729,-0.2164411486386686,8.191287665777669,13.99175451685153,80.0,1005.2230069787186,0.0,24.6652798922192,-1.0869565217391353,0.2790517614216686,0.6844822576411494,-16.35887325200287,High,95.918,0.0,0.0,46.939,4.082,4.082,0.0,95.918
SWZ,Eswatini,2021,65.4,0.8198290558622501,3719.03838239806,1206593,-0.1986594289170789,8.221220414495114,14.00331124354648,82.9,964.6928107692156,0.0,25.0156180525173,2.668759811616961,0.2790517614216686,0.6931292566238555,1.7940755745914805,High,96.078,5.882,0.0,50.98,3.922,3.922,0.0,96.078
SWZ,Eswatini,2022,64.7,0.8831610355750228,3695.649571795481,1218917,-0.1242477217615092,8.214911615440656,14.01347331754806,82.3,965.755573282102,0.0,25.396682918542,-1.07033639143731,0.2790517614216686,0.6895687276309765,7.725022583660901,High,96.364,5.455,0.0,54.545,3.636,3.636,0.0,96.364
SYR,Syrian Arab Republic,2000,2.0,2.758865788734724,1248.384883342158,16637888,1.014819649156958,7.129605901497742,16.627193062225,93.4,928.43318140297,98.1270722179768,51.876811612138,0.0,0.9870565213130014,0.0166446793231534,0.0,Low,27.93,0.0,0.0,22.2305,69.253,0.0,0.0,30.747
SYR,Syrian Arab Republic,2001,2.1,2.698509641882649,1230.872000215326,17051338,0.992699636122854,7.115478140449389,16.6517392336881,93.1,929.3738105707424,98.0766600348144,52.2854637030759,5.000000000000004,0.9866927881980848,0.0173351928795944,-2.187715948290314,Low,27.93,0.0,0.0,22.2305,69.253,0.0,0.0,30.747
SYR,Syrian Arab Republic,2002,1.6,2.623484600590372,1249.00621359351,17468332,0.9645034343314698,7.130103484967895,16.67590019958971,86.6,942.4826529146744,98.66486134937088,52.6957745699164,-23.809523809523814,0.9909367681830908,0.0126699678921779,-2.7802398823350005,Low,27.93,0.0,0.0,22.2305,69.253,0.0,0.0,30.747
SYR,Syrian Arab Republic,2003,1.9,2.570358274579391,1307.481458545202,17889296,0.9440452956420772,7.175858014993559,16.69971310311754,92.6,924.9280809796204,98.64063837080704,53.1024010548332,18.74999999999998,0.9907619949657276,0.0142832954978075,-2.02502907770169,Low,27.93,0.0,0.0,22.2305,69.253,0.0,0.0,30.747
SYR,Syrian Arab Republic,2004,2.6,2.61941034118409,1363.619466838687,18336875,0.9629492318263048,7.217897816224244,16.72442461768961,92.3,943.0406779367422,98.14431959657256,53.5,36.8421052631579,0.9871809643017246,0.019634339822688,1.9083746841761284,Low,27.93,0.0,0.0,22.2305,69.253,0.0,0.0,30.747
SYR,Syrian Arab Republic,2005,2.1,3.125832653833768,1411.631849414977,18814091,1.139700696923879,7.252501654181165,16.75011666832598,92.0,1105.305011365715,98.4428359994378,53.8227202374695,-19.23076923076923,0.9893348147056652,0.0160141796258042,19.33344710018792,Low,27.93,0.0,0.0,22.2305,69.253,0.0,0.0,30.747
SYR,Syrian Arab Republic,2006,1.8,3.13534302706388,1420.722931212984,19637022,1.142738586620288,7.258921127532584,16.7929272200658,99.5,1101.6382146378355,98.70004050893812,54.059770380523,-14.28571428571429,0.99119059224876,0.0135603498573086,0.3042508759529161,Low,27.93,0.0,0.0,22.2305,69.253,0.0,0.0,30.747
SYR,Syrian Arab Republic,2007,1.5,3.113503678032956,1411.689913752402,20884125,1.135748676647467,7.25254278611178,16.85449985893807,91.5,1084.2731371046573,98.48430366336224,54.2883969431774,-16.666666666666675,0.9896340114795676,0.0128126992449568,-0.6965537372596642,Low,27.93,0.0,0.0,22.2305,69.253,0.0,0.0,30.747
SYR,Syrian Arab Republic,2008,1.2,3.081792469451249,1423.595594259513,21636564,1.125511398307321,7.260941058843045,16.8898952192987,91.3,1066.1371934825972,99.06238130777491,54.5858464394493,-20.000000000000007,0.99380494733427,0.0092012903206574,-1.018505576384654,Low,27.93,0.0,0.0,22.2305,69.253,0.0,0.0,30.747
SYR,Syrian Arab Republic,2009,0.9,2.83975010384735,1484.405237428543,21976969,1.043716056698581,7.302769457493707,16.90550559934176,91.1,977.72847382215,99.2711841829875,55.0293653833552,-25.0,0.9953114982400292,0.0069220738708297,-7.853947597159195,Low,27.93,0.0,0.0,22.2305,69.253,0.0,0.0,30.747
SYR,Syrian Arab Republic,2010,1.4,2.788480831312607,1526.368944027515,22482421,1.025496942630768,7.330646954593118,16.92824427292053,92.7,964.455311154982,98.97447141289672,55.6962002889119,55.555555555555536,0.9931706613761904,0.0105357272976626,-1.8054149365214325,Low,27.93,0.0,0.0,22.2305,69.253,0.0,0.0,30.747
SYR,Syrian Arab Republic,2011,1.6,2.562192888587154,1542.71957174916,22878098,0.940863488925906,7.341302093622555,16.9456905916498,91.5,966.2965359392726,95.64663827039598,58.4817704183521,14.285714285714302,0.9691597370536872,0.0235584834568796,-8.11509766122127,Low,27.93,0.0,0.0,22.2305,69.253,0.0,0.0,30.747
SYR,Syrian Arab Republic,2012,2.0,2.031993918390099,1142.290801505977,22759763,0.7090175367934985,7.040791000099562,16.94050475416292,90.7,755.9761230252661,87.21913764849761,65.0896662830335,25.0,0.9083537798450902,0.055996050057109,-20.69317156248208,Low,27.93,0.0,0.0,22.2305,69.253,0.0,0.0,30.747
SYR,Syrian Arab Republic,2013,3.1,1.439752596089236,884.3298133321044,21666917,0.3644712905558135,6.78483008506077,16.89129709297121,90.4,531.8610419426216,99.08528305373336,73.0620491886137,55.00000000000001,0.9939701876169148,0.0187829631600064,-29.14582159626157,Low,27.93,0.0,0.0,22.2305,69.253,0.0,0.0,30.747
SYR,Syrian Arab Republic,2014,2.7,1.528451277591282,847.6598772062761,20273659,0.4242549858781791,6.74247946713437,16.82483301521117,90.2,536.2989930074832,97.15926414392835,76.0,-12.903225806451612,0.9800736091808078,0.0236966643821291,6.160689117211948,Low,27.93,0.0,0.0,22.2305,69.253,0.0,0.0,30.747
SYR,Syrian Arab Republic,2015,0.6,1.448455768859908,847.7316319425646,19424618,0.370498001937711,6.742564113938302,16.78205178864495,90.0,511.03083578667446,44.3704130238728,75.7529067188542,-77.77777777777779,0.5991924005865984,0.203455681700597,-5.233762430258193,Low,27.93,0.0,0.0,22.2305,69.253,0.0,0.0,30.747
SYR,Syrian Arab Republic,2016,1.3,1.348203803367269,802.9694983355022,19193834,0.2987731905037375,6.688316728587098,16.77009963958631,89.8,498.9102627597504,0.0,75.15400963398,116.6666666666667,0.2790517614216686,0.3670865302759409,-6.921299748873122,Medium,27.93,0.0,0.0,22.2305,69.253,0.0,0.0,30.747
SYR,Syrian Arab Republic,2017,1.1,1.616709323666864,795.8832169708587,19224668,0.4803928017065016,6.679452462732906,16.77170480402611,89.6,511.8012411132687,0.0,74.5395596323392,-15.384615384615383,0.2790517614216686,0.3660692362779755,19.915796085797744,Medium,27.93,0.0,0.0,22.2305,69.253,0.0,0.0,30.747
SYR,Syrian Arab Republic,2018,0.9,1.736896987385486,792.413811698757,19577845,0.5521001805985124,6.675083744882937,16.78990912772242,86.0,542.076387571206,0.0,74.0612602381775,-18.181818181818187,0.2790517614216686,0.3650519422800101,7.434092323165675,Medium,27.93,0.0,0.0,22.2305,69.253,0.0,0.0,30.747
SYR,Syrian Arab Republic,2019,1.0,1.636919662207065,771.5186952713054,20353534,0.4928162209520167,6.64836090387683,16.82876511570922,89.2,501.04336909277765,0.0,73.8248788261986,11.111111111111116,0.2790517614216686,0.3655605892789927,-5.756088352074052,Medium,27.93,0.0,0.0,22.2305,69.253,0.0,0.0,30.747
SYR,Syrian Arab Republic,2020,1.1,1.508316448868993,740.8113970134376,21049429,0.4109940943011205,6.607746067950988,16.86238399183402,89.0,456.6301425189011,0.0,73.4125031102512,10.000000000000009,0.2790517614216686,0.3660692362779755,-7.856415700002994,Medium,27.93,0.0,0.0,22.2305,69.253,0.0,0.0,30.747
SYR,Syrian Arab Republic,2021,1.1,1.481184450076123,734.334236323426,21628839,0.3928420718089402,6.598964287806776,16.8895381210379,88.8,419.0065585164271,0.0,73.0125007629395,0.0,0.2790517614216686,0.3660692362779755,-1.7988266860853308,Medium,27.93,0.0,0.0,22.2305,69.253,0.0,0.0,30.747
TCD,Chad,2000,88.7,0.0282421726360367,530.6003312705411,8512093,-3.566938934612567,6.27400906603541,15.95699841625576,3.1,241.65205271437824,0.0,21.6527690760484,0.0,0.2790517614216686,0.811644007386826,0.0,High,0.0,0.0,0.0,0.0,100.0,0.0,0.0,0.0
TCD,Chad,2001,88.6,0.0276234182980612,572.806706828797,8804124,-3.589091376962197,6.350548324427044,15.99073080603634,3.4,242.4642362043379,0.0,21.6780982595188,-0.1127395715896373,0.2790517614216686,0.8111353603878433,-2.19088788227998,High,0.0,0.0,0.0,0.0,100.0,0.0,0.0,0.0
TCD,Chad,2002,88.5,0.0289046128032406,600.1714519746407,9116192,-3.543754084031601,6.397215367687519,16.02556273099515,3.8,240.3761969031214,0.0,21.7007762031515,-0.1128668171557545,0.2790517614216686,0.8106267133888605,4.638073721923641,High,0.0,0.0,0.0,0.0,100.0,0.0,0.0,0.0
TCD,Chad,2003,83.9,0.0418746830809522,661.5569166816766,9487833,-3.173073857081612,6.494596021700451,16.0655207988843,4.1,237.5385397263453,0.0,21.7207031172239,-5.197740112994342,0.2790517614216686,0.7872289514356561,44.87197377803105,High,0.0,0.0,0.0,0.0,100.0,0.0,0.0,0.0
TCD,Chad,2004,84.0,0.0459171720747787,845.5181311734194,9920036,-3.080916112604578,6.739949612429725,16.11006710828673,3.5,224.32411881254765,0.0,21.7377792120134,0.1191895113229923,0.2790517614216686,0.7877375984346389,9.653778121763049,High,0.0,0.0,0.0,0.0,100.0,0.0,0.0,0.0
TCD,Chad,2005,83.8,0.04656232729143,952.8719100970357,10328092,-3.06696349202658,6.859480487587226,16.15037811929233,4.8,228.51576486101985,0.0,21.7519046977973,-0.2380952380952372,0.2790517614216686,0.7867203044366733,1.405041267786622,High,0.0,0.0,0.0,0.0,100.0,0.0,0.0,0.0
TCD,Chad,2006,83.7,0.0464674292742376,914.210664598894,10706424,-3.069003657530859,6.818061031328283,16.18635449311164,5.1,224.0101070530534,0.0,21.7629797848529,-0.1193317422434336,0.2790517614216686,0.7862116574376907,-0.2038085781203569,High,0.0,0.0,0.0,0.0,100.0,0.0,0.0,0.0
TCD,Chad,2007,82.4,0.0512558587792803,920.3528156749666,11081660,-2.970925349852889,6.824757091826435,16.22080204755618,5.5,218.8388677163584,0.0,21.7709046834576,-1.5531660692950977,0.2790517614216686,0.7795992464509155,10.304915894492028,High,0.0,0.0,0.0,0.0,100.0,0.0,0.0,0.0
TCD,Chad,2008,79.8,0.0422348813589332,916.0872746325048,11476296,-3.164508826876512,6.820111638118555,16.25579424870998,5.9,217.0806787114188,0.0,21.7755796038887,-3.1553398058252524,0.2790517614216686,0.7663744244773651,-17.59989518309224,High,0.0,0.0,0.0,0.0,100.0,0.0,0.0,0.0
TCD,Chad,2009,79.4,0.0418370852465924,871.4853112730773,11893754,-3.173972125930521,6.770199010283415,16.29152394633763,6.3,224.07076139036,0.0,21.7784396568755,-0.5012531328320691,0.2790517614216686,0.7643398364814343,-0.9418662952077494,High,0.0,0.0,0.0,0.0,100.0,0.0,0.0,0.0
TCD,Chad,2010,79.2,0.0426068470648909,956.9530187156512,12312575,-3.155740309399577,6.863754297996742,16.32613165581449,6.4,219.1083739183136,0.0,21.8472378191095,-0.2518891687657509,0.2790517614216686,0.7633225424834689,1.8399030758511348,High,0.0,0.0,0.0,0.0,100.0,0.0,0.0,0.0
TCD,Chad,2011,80.7,0.0535946813629199,965.2869635570568,12754997,-2.926305444132566,6.872425428694544,16.36143367435614,9.0,208.57403063252383,0.0,21.9558736797638,1.893939393939404,0.2790517614216686,0.7709522474682096,25.78889322951856,High,0.0,0.0,0.0,0.0,100.0,0.0,0.0,0.0
TCD,Chad,2012,76.1,0.0915222301903308,1016.421520618944,13210998,-2.391173383309147,6.924043424597441,16.39656022247149,7.8,229.36513593859,0.0,22.1061904148178,-5.70012391573731,0.2790517614216686,0.7475544855150049,70.76737441646854,High,4.167,0.0,0.0,0.0,95.833,0.0,0.0,4.167
TCD,Chad,2013,72.6,0.096069856875415,1008.617114292939,13691079,-2.342679676356385,6.916335477863664,16.43225501081325,8.1,227.28696286182995,0.0,22.2975929852391,-4.599211563731931,0.2790517614216686,0.7297518405506103,4.968876605855077,High,3.571,0.0,0.0,0.0,96.429,0.0,0.0,3.571
TCD,Chad,2014,72.5,0.0989591842171624,993.3211577083952,14188678,-2.313047794493297,6.901054033415677,16.46795488059603,8.4,221.1441001469714,0.0,22.5294513486009,-0.1377410468319517,0.2790517614216686,0.7292431935516276,3.007527476068139,High,3.333,0.0,0.0,0.0,96.667,0.0,0.0,3.333
TCD,Chad,2015,72.7,0.110147579596714,993.9907306108692,14647621,-2.205934179677307,6.901727881271914,16.49978849116232,7.7,217.04589955185625,0.0,22.8011258828974,0.2758620689655267,0.2790517614216686,0.730260487549593,11.306070748318842,High,3.333,0.0,0.0,0.0,96.667,0.0,0.0,3.333
TCD,Chad,2016,72.7,0.1118583255787182,923.5658720479898,15114655,-2.190522158601873,6.828242125788529,16.53117536092693,9.2,212.850289286376,0.0,23.1119734707179,0.0,0.2790517614216686,0.730260487549593,1.5531398767615334,High,6.452,0.0,3.226,0.0,93.548,0.0,0.0,6.452
TCD,Chad,2017,72.8,0.141485892472642,879.0758954667178,15622759,-1.95555526670919,6.778871236923386,16.56423931930053,10.9,203.87446835073752,0.0,23.461349471105,0.1375515818431871,0.2790517614216686,0.7307691345485756,26.48668906908853,High,6.25,0.0,3.125,0.0,93.75,0.0,0.0,6.25
TCD,Chad,2018,73.1,0.1494070725949772,898.8347940073988,16156531,-1.901080667410768,6.801099251185618,16.59783492217163,10.1,199.9758619507814,0.0,23.8486084924975,0.4120879120879106,0.2790517614216686,0.7322950755455238,5.598565329661298,High,5.882,0.0,2.941,0.0,94.118,0.0,0.0,5.882
TCD,Chad,2019,72.8,0.1417122204479976,917.203710065059,16685223,-1.953956894310401,6.82132959596582,16.63003403537647,8.4,190.10075605301768,0.0,24.2731047386633,-0.4103967168262667,0.2790517614216686,0.7307691345485756,-5.150259631844422,High,5.714,0.0,2.857,0.0,94.286,0.0,0.0,5.714
TCD,Chad,2020,71.9,0.1401071102689345,884.9805419331973,17224679,-1.965348075542726,6.785565658250061,16.66185373898643,10.9,198.3033345980038,0.0,24.7341921795416,-1.2362637362637208,0.2790517614216686,0.7261913115577314,-1.1326547378827656,High,5.714,0.0,2.857,0.0,94.286,0.0,0.0,5.714
TCD,Chad,2021,69.9,0.1531892629196333,857.5276305790873,17828273,-1.876081109512725,6.754053400770633,16.69629612592214,11.3,203.2114999812136,0.0,25.2312246423075,-2.781641168289295,0.2790517614216686,0.7160183715780772,9.337251068548724,High,4.651,0.0,2.326,0.0,95.349,0.0,0.0,4.651
TCD,Chad,2022,70.0,0.1552398235825385,862.6021281725198,18455316,-1.862784108899634,6.759953551371051,16.73086301703061,11.7,198.92914740995496,0.0,25.7635558629694,0.1430615164520698,0.2790517614216686,0.7165270185770599,1.3385798872737942,High,5.128,0.0,2.564,0.0,94.872,0.0,0.0,5.128
TGO,Togo,2000,77.1,0.2434029171385342,679.5334215995018,5140037,-1.413037113543528,6.521406417958524,15.45257083584902,17.0,441.3014263646216,14.856304582173404,33.0994844063309,0.0,0.3862427141407005,0.699045479145316,0.0,High,55.556,0.0,0.0,55.556,44.444,0.0,0.0,55.556
TGO,Togo,2001,82.0,0.2134391635852777,667.298334712527,5277382,-1.5444034349972,6.503237224346019,15.47894069938311,19.6,429.4473128628176,12.601946548419424,33.5503635916513,6.355382619974059,0.3699771089175919,0.7321019847070229,-12.310351044890089,High,38.462,0.0,0.0,38.462,61.538,0.0,0.0,38.462
TGO,Togo,2002,78.7,0.22149257547281,675.440797960321,5413274,-1.507366209368844,6.515365511753892,15.50436464337849,21.3,433.95946606040826,13.41171324968774,34.0011370438307,-4.024390243902431,0.3758197236613185,0.7123953263687304,3.773165033189718,High,56.25,0.0,0.0,56.25,43.75,0.0,0.0,56.25
TGO,Togo,2003,74.8,0.2588899073100647,702.7992559608691,5552167,-1.351352375950647,6.555071297634051,15.52969885996713,23.0,446.9759701246092,15.831177435875892,34.4513989657696,-4.955527318932662,0.3932765999492671,0.6838296552644305,16.884237206337204,High,66.667,0.0,0.0,66.667,33.333,0.0,0.0,66.667
TGO,Togo,2004,76.1,0.2419025831263644,678.2875999601697,5696508,-1.419220182934686,6.519571386729603,15.55536391349043,24.8,440.8092747680334,14.731783558186256,34.9007435603688,1.7379679144384983,0.3853442721949998,0.6944082301283394,-6.5616015549633255,High,42.105,0.0,0.0,42.105,57.895,0.0,0.0,42.105
TGO,Togo,2005,77.2,0.2243426488344602,630.2486783090542,5844631,-1.494580713602616,6.446114468975872,15.58103402001437,26.5,438.3379219316945,13.79186134643234,35.3487650305291,1.4454664914586246,0.3785625616557196,0.7033942023867893,-7.259093336234146,High,36.842,0.0,0.0,36.842,63.158,0.0,0.0,36.842
TGO,Togo,2006,79.7,0.2032552787809941,629.0799058355626,6010668,-1.593292559029271,6.444258284936564,15.60904644842142,27.9,425.25711039234506,12.010482992154346,35.795057579151,3.2383419689119064,0.3657095912624467,0.7225368625579933,-9.399626046595468,High,40.909,0.0,0.0,40.909,59.091,0.0,0.0,40.909
TGO,Togo,2007,79.9,0.1968054781699272,603.83784338967,6188344,-1.6255394585221,6.403305690680813,15.6381780805973,30.0,428.08622664487234,12.76947586139939,36.2392154091353,0.2509410288582314,0.37118586352863,0.7208160204228671,-3.173251218737849,High,52.632,0.0,0.0,47.368,47.368,0.0,0.0,52.632
TGO,Togo,2008,76.5,0.2495127819756651,610.4054137084746,6368812,-1.388245134739406,6.414123349047029,15.66692351094013,31.8,431.7071407833005,14.2882051932072,36.6808327233827,-4.255319148936176,0.382143773222684,0.6980430676104281,26.781421074178112,High,69.231,0.0,0.0,69.231,30.769,0.0,0.0,69.231
TGO,Togo,2009,63.4,0.4137295258678255,625.7115113704344,6551865,-0.8825428378226235,6.438889420422481,15.69526029990716,33.7,508.4762657136092,24.087548532419685,37.1195037247939,-17.124183006535954,0.4528478263565635,0.5960582841767538,65.81496250086958,Medium,73.333,0.0,0.0,73.333,26.667,0.0,0.0,73.333
TGO,Togo,2010,65.8,0.3750414030855881,644.5632812644998,6732590,-0.980718850878031,6.468573004160494,15.72247047156963,30.8,492.7541634239386,22.02284710930577,37.5545882975638,3.785488958990535,0.4379506282411259,0.6157144112100577,-9.351066424637322,Medium,40.909,0.0,0.0,40.909,59.091,0.0,0.0,40.909
TGO,Togo,2011,69.1,0.3350117415318846,663.9633405278802,6916474,-1.093589698422375,6.498226937903929,15.74941666016321,39.7,482.3704022000076,19.89320779373088,37.9872305648732,5.015197568389063,0.4225848913634438,0.640182630615328,-10.673397983360331,Medium,47.619,0.0,0.0,47.619,52.381,0.0,14.286,47.619
TGO,Togo,2012,72.7,0.3163334054385348,687.4954645714637,7100736,-1.150958541099771,6.533055232532004,15.77570899861084,39.1,469.73940264342434,17.204244895650763,38.4194359598204,5.209840810419686,0.4031835326152395,0.6681946019528076,-5.575427299336056,High,28.125,0.0,0.0,28.125,71.875,0.0,25.0,28.125
TGO,Togo,2013,76.2,0.2651040252602382,709.09186114976,7285442,-1.327632981870941,6.563985082525509,15.8013886683859,41.0,446.5278020149148,18.36505335704028,38.8516767884103,4.814305364511684,0.4115589778151152,0.6818095243172644,-16.194742413396725,High,12.5,0.0,0.0,12.5,87.5,0.0,21.875,12.5
TGO,Togo,2014,81.4,0.2321460832792457,730.2910496112324,7472450,-1.460388436167273,6.593443152781048,15.82673348191677,45.7,456.2163176950734,18.5665931102136,39.2839506458368,6.824146981627299,0.4130131239679431,0.7075320951879511,-12.432079048456334,High,34.286,0.0,0.0,34.286,65.714,0.0,14.286,34.286
TGO,Togo,2015,81.0,0.2017435286456889,751.0519875872484,7663195,-1.600758048452159,6.621474873851917,15.85193955658166,44.7,434.2356666804012,20.11793157337946,39.7162551272934,-0.4914004914004954,0.4242063145044352,0.6999009119237742,-13.096303070935711,High,13.636,0.0,0.0,13.636,86.364,0.0,40.909,13.636
TGO,Togo,2016,80.7,0.2707841363431658,763.2761853533017,7858289,-1.306433320372025,6.637619938728164,15.87707945623031,46.8,461.38367270993257,0.0,40.1485878279739,-0.3703703703703653,0.2790517614216686,0.7709522474682096,34.2219689330056,High,21.277,0.0,0.0,21.277,78.723,0.0,3.191,21.277
TGO,Togo,2017,78.4,0.2054575196657871,774.2748973474355,8057140,-1.58251598336955,6.651926975065305,15.90206921280298,48.0,444.3003921926507,0.0,40.5809463430719,-2.850061957868644,0.2790517614216686,0.7592533664916072,-24.1249792397698,High,25.926,0.0,0.0,25.926,74.074,0.0,16.049,25.926
TGO,Togo,2018,76.7,0.2344535717027386,791.5924052163091,8258778,-1.450497699172571,6.674046619463473,15.92678719266406,50.0,455.1781309238857,0.0,41.013328267781,-2.168367346938782,0.2790517614216686,0.7506063675089012,14.112918370726302,High,35.0,1.667,0.0,33.333,65.0,0.0,35.0,35.0
TGO,Togo,2019,78.6,0.2487632144749398,810.5122626035183,8463068,-1.391253780837093,6.69766647073866,15.95122231359574,52.5,459.923928544613,0.0,41.445731197295,2.4771838331160145,0.2790517614216686,0.7602706604895726,6.103401482978588,High,21.311,1.639,0.0,19.672,78.689,0.0,75.41,21.311
TGO,Togo,2020,76.2,0.27934004789082,808.300697079208,8669720,-1.275325429661768,6.69493413914102,15.97534705296417,54.1,472.8827681303198,0.0,41.8781527268075,-3.0534351145038108,0.2790517614216686,0.7480631325139877,12.29154136813122,High,14.754,1.639,0.0,13.115,85.246,0.0,75.41,14.754
TGO,Togo,2021,75.1,0.2854124609909084,829.7867001309886,8878379,-1.253819913396712,6.721168679969632,15.99912955325993,55.7,472.6431556175468,0.0,42.3105904515122,-1.4435695538057902,0.2790517614216686,0.7424680155251779,2.173842650181612,High,22.535,9.859,0.0,12.676,77.465,0.0,67.606,22.535
THA,Thailand,2000,21.8,2.774938315191536,3514.716629706077,63007815,1.020628518191528,8.164714183557189,17.95876932428158,82.1,1153.0455222562598,78.34727235289326,31.4626212652205,0.0,0.8443416503030058,0.188714220626727,0.0,Low,6.721,0.0,0.0,6.166,93.279,19.054,63.955,6.721
THA,Thailand,2001,19.9,2.883302594685616,3599.025248773576,63651141,1.058936371416175,8.188418323551387,17.9689278089657,90.4,1174.202791950135,80.81288376488706,32.7428054763889,-8.715596330275243,0.8621314872590725,0.1701550091680222,3.905105886528504,Low,6.723,0.0,0.0,6.11,93.277,20.101,70.532,6.723
THA,Thailand,2002,19.9,3.035355764315983,3783.754220732665,64266437,1.110328638174121,8.238471975824613,17.97854807781477,91.0,1286.144036843527,81.53637103677592,34.0732781018222,0.0,0.8673515801512792,0.1675449627219188,5.273576554560222,Low,7.488,0.0,0.0,6.796,92.512,17.789,72.768,7.488
THA,Thailand,2003,20.2,3.128352665311981,4018.155381870682,64868166,1.140506560992818,8.29857821607332,17.98786755286111,91.6,1379.291757437155,81.70054709695674,35.4270354382579,1.5075376884422065,0.8685361404305263,0.1684786235792434,3.063789164001185,Low,7.28,0.0,0.0,6.219,92.72,16.647,73.909,7.28
THA,Thailand,2004,19.9,3.378697995495847,4232.771572619342,65452047,1.217490426849919,8.350612275591972,17.99682832561415,92.2,1477.384808771037,81.71554990813843,36.785516284484,-1.4851485148514865,0.8686443884551365,0.1668985585699902,8.00246509799749,Low,6.235,0.0,0.0,4.753,93.765,16.434,72.738,6.235
THA,Thailand,2005,20.1,3.472186583480542,4372.257302062605,66017420,1.244784534835912,8.38303469982056,18.00542920455877,92.8,1508.5802606271875,81.33098440536472,38.1301594392881,1.005025125628145,0.8658696780689041,0.1693032077610718,2.767000427659561,Low,5.773,0.0,0.0,4.347,94.227,15.802,72.43,5.773
THA,Thailand,2006,20.5,3.497929858971966,4551.525001831396,66567687,1.252171324643503,8.423217621027344,18.01372983759245,99.1,1525.126557576666,81.1051047199059,39.4424037014582,1.990049751243772,0.864239914856237,0.1721526773633362,0.7414139439942957,Low,7.296,0.029,0.0,5.812,92.704,17.89,69.045,7.296
THA,Thailand,2007,21.6,3.544776658788061,4760.667084648314,67102394,1.265475156247087,8.468143081239916,18.02173027939786,94.1,1569.8723731987866,81.06937527957786,40.7036878697821,5.36585365853659,0.8639821204143084,0.1778766915731102,1.3392721325139243,Low,7.311,0.028,0.0,5.585,92.689,21.666,68.926,7.311
THA,Thailand,2008,22.6,3.53401361701146,4805.763939908355,67619830,1.262434227034241,8.477571297301573,18.02941184119176,94.8,1596.8283545025622,80.66348552563211,41.8954507430475,4.629629629629628,0.8610535516586205,0.1844274459407813,-0.303631027075224,Low,6.278,0.028,0.0,4.779,93.722,21.205,71.823,6.278
THA,Thailand,2009,22.8,3.405958919030643,4737.456797633144,68121080,1.225526520814453,8.463255730115991,18.03679726800771,99.0,1578.7610726973207,80.24858318511924,42.9991311200422,0.8849557522123908,0.8580599554436981,0.1869415380462079,-3.623491923302391,Low,6.347,0.027,0.0,4.777,93.653,20.432,72.886,6.347
THA,Thailand,2010,22.8,3.592324096751611,5059.357478316572,68579447,1.278799373750446,8.528994773648948,18.04350344139115,99.7,1718.6211836804257,79.97812841826558,44.0018736622496,0.0,0.8561085748721637,0.1879172283319751,5.471738859786601,Low,5.566,0.038,0.0,3.395,94.434,18.887,75.167,5.566
THA,Thailand,2011,23.0,3.575658357312471,5070.237401919421,69007208,1.274149315082957,8.531142920325157,18.04972152087369,99.3,1704.823340805253,80.23184807257522,44.8048723557374,0.8771929824561431,0.8579392085481606,0.188019205491942,-0.4639263883292166,Low,7.828,0.059,0.0,5.173,92.172,20.685,70.62,7.828
THA,Thailand,2012,23.6,3.813637396502321,5403.878460362729,69436098,1.338583430949743,8.594872208146699,18.0559174343412,99.1,1818.19204308684,80.12928528192045,45.373565813715,2.60869565217392,0.8571991992690698,0.1914410921253837,6.655530685787325,Low,8.079,0.296,0.012,4.989,91.921,20.466,70.65,8.079
THA,Thailand,2013,23.2,3.950993622832371,5516.611641641345,69845114,1.373967097363757,8.615519117762524,18.06179069132801,99.4,1943.9230397822816,80.63290979223261,45.8321343847773,-1.6949152542372947,0.8608329421540801,0.1875896326869477,3.6017117530897425,Low,7.501,0.747,0.208,3.208,92.499,20.962,70.695,7.501
THA,Thailand,2014,24.4,3.881186276698138,5541.465993618451,70216367,1.356140848322845,8.620014364522413,18.06709198996938,99.5,1926.2258261764807,79.54588028512481,46.3138799467897,5.172413793103448,0.85298982559329,0.1976149549551352,-1.7668301394065389,Low,8.178,1.111,0.23,2.97,91.822,21.622,69.239,8.178
THA,Thailand,2015,22.6,3.990140740545949,5688.853353978842,70540795,1.38382650359947,8.646263987300964,18.07170175290998,99.6,1932.6739096881456,28.54777596035514,46.9521043776171,-7.377049180327855,0.4850291824064149,0.3724396305668841,2.8072464468389846,Medium,7.766,1.338,0.186,2.114,92.234,19.446,72.271,7.766
THA,Thailand,2016,22.4,3.919904364448123,5857.780529359259,70859841,1.366067256680305,8.675526061571343,18.07621441353795,99.9,1985.005309283477,0.0,47.8801095551247,-0.8849557522124019,0.2790517614216686,0.4744110470612919,-1.7602480880966498,Medium,8.937,1.974,0.211,1.969,91.063,20.637,70.153,8.937
THA,Thailand,2017,22.2,3.949975567096248,6076.743077000816,71160187,1.373709393348646,8.712224153308561,18.08044404863929,99.9,1988.1378152909847,0.0,49.2311973571777,-0.8928571428571397,0.2790517614216686,0.4733937530633264,0.7671412323437821,Medium,11.107,2.569,0.628,2.654,88.893,20.217,68.489,11.107
THA,Thailand,2018,23.7,3.876000249327229,6314.199484120428,71376079,1.354803758354428,8.75055626255621,18.08347334316419,99.8,1951.8556356188044,0.0,54.5843734741211,6.756756756756754,0.2790517614216686,0.481023458048067,-1.8728044392284813,Medium,14.356,2.554,0.923,4.275,85.644,20.14,65.403,14.356
THA,Thailand,2019,23.9,4.005331430261771,6434.537705180338,71522271,1.387626331219178,8.769435276762746,18.08551944168111,99.9,1989.8123422686344,0.0,55.9266166687012,0.8438818565400741,0.2790517614216686,0.4820407520460325,3.3367175597315946,Medium,14.862,2.761,1.968,3.383,85.138,19.211,65.326,14.862
THA,Thailand,2020,20.9,3.847399364312442,6035.186277370771,71641484,1.347397430264698,8.705361999231052,18.08718484962677,100.0,1884.3507372740207,0.0,57.2358779907227,-12.552301255230123,0.2790517614216686,0.4667813420765513,-3.943046129868144,Medium,14.211,2.85,1.825,2.573,85.789,20.864,64.517,14.211
THA,Thailand,2021,19.0,3.744412241626386,6121.526965297128,71727332,1.32026465982599,8.719566848518909,18.08838243237392,100.0,1848.063360933068,0.0,58.5087776184082,-9.090909090909085,0.2790517614216686,0.4571170490958798,-2.676798349590104,Medium,15.009,2.829,2.002,2.574,84.991,20.447,64.136,15.009
TJK,Tajikistan,2000,62.4,0.4430735743034511,429.537300984643,6284735,-0.8140194407779818,6.062708585114621,15.6536342352353,98.5,341.87376751637095,38.5311077870532,26.5355104669232,0.0,0.5570607461034917,0.5388653543134627,0.0,Medium,98.455,0.0,0.0,98.455,1.545,0.0,1.545,98.455
TJK,Tajikistan,2001,64.1,0.4279286204011407,461.6811957602565,6407377,-0.8487988720724875,6.134874600418973,15.67296054078172,98.6,330.97612822936907,36.92536068206585,26.5345041786379,2.7243589743589647,0.5454749872724595,0.5533052327116847,-3.4181577915405,Medium,98.749,0.0,0.0,98.749,1.251,0.0,1.251,98.749
TJK,Tajikistan,2002,64.2,0.4218523626962725,501.8085664711703,6531669,-0.863099877589048,6.2182187052716,15.69217305818168,99.0,325.67988505441724,35.52379667426373,26.5336513960096,0.1560062402496287,0.535362446804402,0.5588701499446962,-1.419923186996075,Medium,99.085,0.0,0.0,99.085,0.915,0.0,0.915,99.085
TJK,Tajikistan,2003,64.6,0.4229583657163882,546.391479808684,6658575,-0.8604815309824275,6.303335714812683,15.71141605565905,100.0,325.58147431382395,35.16974733270102,26.5331204386766,0.6230529595015355,0.5328079160984828,0.5621820032935867,0.2621777469839603,Medium,98.97,0.0,0.0,98.97,1.03,0.0,1.03,98.97
TJK,Tajikistan,2004,61.4,0.4936421174906823,590.9571113856994,6790547,-0.7059444828619854,6.381743445205455,15.73104205593666,98.5,345.26104028078146,38.7653491687035,26.5327772632159,-4.953560371517018,0.5587508404823757,0.5329338371341936,16.71175167668646,Medium,99.09,0.0,0.0,99.09,0.91,0.0,0.91,99.09
TJK,Tajikistan,2005,63.7,0.4608272969881815,618.3337025885769,6924720,-0.7747319330993696,6.427028283551539,15.75060817600724,99.3,337.9159372883842,36.72841132999832,26.5324878262051,3.7459283387622166,0.5440539617025578,0.5519811575007048,-6.647492047337355,Medium,99.298,0.0,0.0,99.298,0.702,0.0,0.702,99.298
TJK,Tajikistan,2006,61.6,0.4944622551174159,649.1633287553342,7057566,-0.7042844602210473,6.475684347223267,15.76961079081951,98.6,341.8637118480153,38.30510017818901,26.5321180842215,-3.296703296703296,0.5554300599000752,0.5356115214233093,7.298820696834074,Medium,98.641,0.0,0.0,98.641,1.359,0.0,1.359,98.641
TJK,Tajikistan,2007,53.8,0.5629735142665687,686.4809019241304,7194477,-0.5745226958805414,6.531578405336906,15.78882420629399,98.6,358.4276831990428,42.58898351873226,26.5315339938424,-12.662337662337665,0.586339061130504,0.4804825548874438,13.855710610890617,Medium,97.827,0.0,0.0,97.827,2.173,0.0,2.173,97.827
TJK,Tajikistan,2008,54.6,0.5165701583845967,726.1854913382688,7338403,-0.660544165407782,6.587805479901928,15.80863180198596,98.6,334.36263729914674,41.55752855126425,26.5306015116451,1.486988847583648,0.5788969250300943,0.4882727989295103,-8.24254688827154,Medium,97.833,0.0,0.0,97.833,2.167,0.0,2.167,97.833
TJK,Tajikistan,2009,60.6,0.4071971087670205,739.2128785263312,7490230,-0.8984579140484856,6.605585942424534,15.82911006263208,99.0,284.6515614907286,35.64570050746583,26.529186594207,10.989010989010994,0.5362420052402674,0.540119078763386,-21.17293224208005,Medium,98.635,0.0,0.0,98.635,1.365,0.0,1.365,98.635
TJK,Tajikistan,2010,61.8,0.4013255897924516,770.6041053937913,7652141,-0.9129822365047032,6.647174759706793,15.85049603592766,98.8,284.3312493508091,34.60937553296534,26.5274312963978,1.980198019801982,0.5287647311490692,0.5499614797967778,-1.4419353301273865,Medium,99.757,0.0,0.0,99.757,0.243,0.0,0.243,99.757
TJK,Tajikistan,2011,60.0,0.393927756481488,809.3682291540932,7824785,-0.9315877456805942,6.696253979329011,15.87280681797468,98.9,278.85452298568333,36.258086721032655,26.4792213439941,-2.9126213592233,0.5406604836916984,0.5348579575437744,-1.843349514490078,Medium,99.754,0.0,0.0,99.754,0.246,0.0,0.246,99.754
TJK,Tajikistan,2012,55.8,0.4369931735180215,849.5190808317377,8014084,-0.8278377052487851,6.744670402109575,15.89671105178039,99.1,294.85565582972555,42.03981563466479,26.4102249145508,-7.000000000000006,0.5823767144802795,0.4926366681922102,10.93231343259189,Medium,99.588,0.0,0.0,99.588,0.412,0.0,0.412,99.588
TJK,Tajikistan,2013,55.1,0.4373884287703956,889.8823830999792,8216724,-0.8269336256609672,6.791089300172851,15.92168214744815,99.0,288.3949605962693,37.25641364337265,26.4883155822754,-1.2544802867383464,0.5478635948919824,0.5063326989934798,0.0904488390955915,Medium,99.766,0.0,0.0,99.766,0.234,0.234,0.0,99.766
TJK,Tajikistan,2014,45.9,0.5659213782076237,925.970961482804,8425552,-0.5693001181879127,6.830842875064628,15.94677955134424,99.1,301.6149649230424,50.75162006428615,26.5633735656738,-16.696914700544475,0.6452339756213529,0.4108519847223856,29.386454003496443,Medium,99.01,0.0,0.0,99.01,0.99,0.99,0.0,99.01
TJK,Tajikistan,2015,48.1,0.5890553272619578,956.916310930656,8643840,-0.5292351655112658,6.863715938235779,15.9723574864885,98.0,318.6982773781792,48.56346048535941,26.478832244873,4.793028322440085,0.6294460043483434,0.4299362043365099,4.0878379833614975,Medium,99.068,0.0,0.0,99.068,0.932,0.932,0.0,99.068
TJK,Tajikistan,2016,43.7,0.6446805647561916,997.3526145567084,8865631,-0.4390003333023913,6.90510438301683,15.99769267375036,99.3,326.56921878873936,0.0,26.3718509674072,-9.147609147609147,0.2790517614216686,0.5827528578446083,9.443126124126678,Medium,96.462,0.0,0.0,96.462,3.538,3.538,0.0,96.462
TJK,Tajikistan,2017,44.2,0.763156637734805,1042.263917576419,9085946,-0.2702919768473858,6.949150470067211,16.02223938207449,99.3,328.7817689318724,0.0,26.2731513977051,1.144164759725408,0.2790517614216686,0.5852960928395218,18.37748482822949,Medium,94.589,0.0,0.0,94.589,5.411,5.411,0.0,94.589
TJK,Tajikistan,2018,41.6,0.8814984915657363,1094.800201822097,9307333,-0.126131988358681,6.998327161512595,16.04631314204856,99.3,347.711461590981,0.0,26.2338752746582,-5.882352941176472,0.2790517614216686,0.5720712708659714,15.506889146924353,Medium,93.161,0.0,0.0,93.161,6.839,6.839,0.0,93.161
TJK,Tajikistan,2019,40.1,0.9486392711159726,1148.346767124927,9529966,-0.0527266673696677,7.046078593223495,16.06995170794301,99.4,370.77887573753145,0.0,26.1300735473633,-3.605769230769229,0.2790517614216686,0.5644415658812308,7.616664145502883,Medium,91.46,0.0,0.0,91.46,8.54,7.061,1.479,91.46
TJK,Tajikistan,2020,38.8,0.96295019852687,1171.90127480359,9749310,-0.0377535834466429,7.066382730073155,16.092707071239,99.5,375.3673791824129,0.0,26.1925442328719,-3.241895261845396,0.2790517614216686,0.5578291548944556,1.5085742122042056,Medium,90.1,0.0,0.0,90.1,9.9,8.259,1.642,90.1
TJK,Tajikistan,2021,34.9,0.9458098740351571,1254.069995923062,9966908,-0.0557137089503954,7.134149537755557,16.11478096344647,99.6,367.7690419499127,0.0,26.1991525151375,-10.051546391752575,0.2790517614216686,0.5379919219341301,-1.779980368448364,Medium,90.058,0.0,0.0,90.058,9.942,8.446,1.496,90.058
TKM,Turkmenistan,2000,0.1,8.584545670576391,2255.014967889337,4582677,2.149963571641706,7.720911889559688,15.33779388315465,99.6,3247.636691892992,78.96743590662362,46.0736689106993,0.0,0.4916618178880346,0.2546777380549654,0.0,Low,0.0,0.0,0.0,0.0,100.0,0.0,100.0,0.0
TKM,Turkmenistan,2001,0.1,8.616978749880492,2306.300576316881,4675409,2.153734530185248,7.743400037658676,15.35782720350921,99.6,2700.8834490237327,78.96743590662362,46.3715562022892,0.0,0.4916618178880346,0.2546777380549654,0.3778077553395098,Low,0.0,0.0,0.0,0.0,100.0,0.0,100.0,0.0
TKM,Turkmenistan,2002,0.1,9.061854945994993,2266.633662563603,4769465,2.204073839274526,7.726051041756376,15.37774469724505,99.6,2214.750446781389,78.96743590662362,46.5924846062154,0.0,0.4916618178880346,0.2546777380549654,5.162786273793119,Low,0.0,0.0,0.0,0.0,100.0,0.0,100.0,0.0
TKM,Turkmenistan,2003,0.1,9.900007504320122,2295.296205745406,4863865,2.292535515152391,7.738617179850659,15.39734394730875,99.6,3005.353068822696,78.96743590662362,46.7000007629395,0.0,0.4916618178880346,0.2546777380549654,9.24923829966584,Low,0.0,0.0,0.0,0.0,100.0,0.0,100.0,0.0
TKM,Turkmenistan,2004,0.1,10.35152023166972,2364.267251568557,4958093,2.33713339121216,7.768223422715169,15.41653174896489,99.5,3714.875226581733,78.96743590662362,46.7375427392139,0.0,0.4916618178880346,0.2546777380549654,4.56073116260336,Low,0.0,0.0,0.0,0.0,100.0,0.0,100.0,0.0
TKM,Turkmenistan,2005,0.1,10.4702314233025,2622.617963288759,5052257,2.348536128105454,7.871928320493816,15.43534563210084,99.5,3554.4011638534816,78.96743590662362,46.7728683922582,0.0,0.4916618178880346,0.2546777380549654,1.146799590552816,Low,0.0,0.0,0.0,0.0,100.0,0.0,100.0,0.0
TKM,Turkmenistan,2006,0.1,10.67763334923224,2856.77457038028,5147105,2.368151212462078,7.957448494805546,15.45394497865995,99.8,3604.174628786337,78.96743590662362,46.8060040482349,0.0,0.4916618178880346,0.2546777380549654,1.980872413843171,Low,0.0,0.0,0.0,0.0,100.0,0.0,100.0,0.0
TKM,Turkmenistan,2007,0.1,11.59166033249899,3114.063300330383,5244046,2.450285902699751,8.043683679846422,15.47260389575708,99.6,3507.127908172773,78.96743590662362,46.8369760333063,0.0,0.4916618178880346,0.2546777380549654,8.560201997687722,Low,0.0,0.0,0.0,0.0,100.0,0.0,100.0,0.0
TKM,Turkmenistan,2008,0.1,11.58800073863023,3504.348432784829,5345029,2.449970143648061,8.161759885692739,15.49167752805799,99.6,4237.036188792165,78.96743590662362,46.8658106736347,0.0,0.4916618178880346,0.2546777380549654,-0.0315709205047975,Low,0.0,0.0,0.0,0.0,100.0,0.0,100.0,0.0
TKM,Turkmenistan,2009,0.1,10.02090765413112,3645.435224208405,5451592,2.304673675798837,8.201231040389787,15.51141823407532,99.7,3647.890548226757,78.96743590662362,46.8925342953825,0.0,0.4916618178880346,0.2546777380549654,-13.52341201770021,Low,0.0,0.0,0.0,0.0,100.0,0.0,100.0,0.0
TKM,Turkmenistan,2010,0.1,11.0800243550197,3900.142379258554,5564356,2.405143879423193,8.268768338953548,15.53189181272489,100.0,4077.6679049189697,78.96743590662362,46.9171732247121,0.0,0.4916618178880346,0.2546777380549654,10.569069563793043,Low,0.0,0.0,0.0,0.0,100.0,0.0,100.0,0.0
TKM,Turkmenistan,2011,0.1,11.63736533849267,4379.749433943387,5683417,2.454221071192965,8.384746794871877,15.55306319432496,99.8,4314.9852817545325,78.96743590662362,46.9397537877858,0.0,0.4916618178880346,0.2546777380549654,5.0301422236537885,Low,0.0,0.0,0.0,0.0,100.0,0.0,100.0,0.0
TKM,Turkmenistan,2012,0.0,11.75814050538638,4761.079275980696,5808546,2.464545809677876,8.468229660175549,15.57484083933273,99.9,4232.430083592451,78.96743590662362,46.9603023107661,-100.0,0.4916618178880346,0.2541690910559827,1.0378222508339308,Low,0.0,0.0,0.0,0.0,100.0,0.0,100.0,0.0
TKM,Turkmenistan,2013,0.1,10.99020918314002,5131.167364629986,5939341,2.397004802187072,8.543088468735858,15.59710874242328,99.9,3952.268485495159,78.96743590662362,46.9788451198152,0.0,0.4916618178880346,0.2546777380549654,-6.531060943646427,Low,0.0,0.0,0.0,0.0,100.0,0.0,100.0,0.0
TKM,Turkmenistan,2014,0.1,10.40557287619359,5533.035288465275,6075283,2.342341516109271,8.61849182069546,15.61973913046801,100.0,3758.606671752707,78.96743590662362,46.9954085410955,0.0,0.4916618178880346,0.2546777380549654,-5.319610365954775,Low,0.0,0.0,0.0,0.0,100.0,0.0,100.0,0.0
TKM,Turkmenistan,2015,0.1,10.92556513513209,5759.497903834004,6215770,2.391105468259985,8.658605580417195,15.64260016905805,100.0,3722.783129913768,78.96743590662362,47.0100189007695,0.0,0.848816243685114,0.0761005251564257,4.997247774105396,Low,0.0,0.0,0.0,0.0,100.0,0.0,100.0,0.0
TKM,Turkmenistan,2016,0.1,10.58007330455889,5977.838281138539,6360041,2.358972355003399,8.695814290142488,15.66554538183641,100.0,3589.90954802381,0.0,47.0227025249994,0.0,0.2790517614216686,0.3609827662881484,-3.162233040579665,Medium,0.0,0.0,0.0,0.0,100.0,0.0,100.0,0.0
TKM,Turkmenistan,2017,0.1,11.09115159670395,6222.555905588817,6507061,2.40614763697243,8.73593601862707,15.68839845295293,100.0,3558.319018503607,0.0,47.0334857399476,0.0,0.2790517614216686,0.3609827662881484,4.830574207126137,Medium,0.0,0.0,0.0,0.0,100.0,0.0,100.0,0.0
TKM,Turkmenistan,2018,0.1,11.15341181250342,6460.943568494276,6655524,2.41174544325285,8.77353064934486,15.71095774450283,100.0,3427.9062439981435,0.0,47.0423948717765,0.0,0.2790517614216686,0.3609827662881484,0.5613503273904641,Medium,0.0,0.0,0.0,0.0,100.0,0.0,100.0,0.0
TKM,Turkmenistan,2019,0.1,10.76590283517913,6718.166080562744,6803944,2.376383994942839,8.812570491593775,15.73301300201134,99.9,3462.254926103992,0.0,47.0494562466485,0.0,0.2790517614216686,0.3609827662881484,-3.4743537120173085,Medium,0.0,0.0,0.0,0.0,100.0,0.0,100.0,0.0
TKM,Turkmenistan,2020,0.1,11.05413996608878,6965.112268892859,6949912,2.402805015361737,8.848669005092303,15.75423955559031,100.0,3393.063713602374,0.0,47.0546961907259,0.0,0.2790517614216686,0.3609827662881484,2.6773149945938046,Medium,0.0,0.0,0.0,0.0,100.0,0.0,100.0,0.0
TKM,Turkmenistan,2021,0.1,13.45624948974505,7248.707632257187,7092043,2.599443644210985,8.888578474339244,15.77448400932762,100.0,5109.260620113429,0.0,47.0581410301711,0.0,0.2790517614216686,0.3609827662881484,21.730406264307444,Medium,0.035,0.0,0.0,0.035,99.965,0.0,99.965,0.035
TLS,Timor-Leste,2002,48.2,0.2834527087819154,1028.131943866164,879159,-1.260709981785745,6.935498787843307,13.68672104768118,24.1,62.427750642037125,0.0,24.8506108883184,0.0,0.4916618178880346,0.499336944565647,0.0,Medium,27.93,0.0,0.0,22.2305,69.253,0.0,0.0,30.747
TLS,Timor-Leste,2003,47.9,0.2878245524486355,964.3225430482248,916878,-1.245404177366255,6.871425826872687,13.72872969985767,27.7,62.427750642037125,0.0,25.2611540807581,-0.6224066390041583,0.4916618178880346,0.4978110035686989,1.5423538146829507,Medium,27.93,0.0,0.0,22.2305,69.253,0.0,0.0,30.747
TLS,Timor-Leste,2004,44.0,0.555176444502806,955.4704890282906,929074,-0.5884692977378551,6.862203877832659,13.74194367016724,30.4,62.427750642037125,0.0,25.7040830077802,-8.141962421711902,0.2790517614216686,0.5842787988415563,92.8871042375308,Medium,27.93,0.0,0.0,22.2305,69.253,0.0,0.0,30.747
TLS,Timor-Leste,2005,43.6,0.3686554305496826,964.0266561780744,948311,-0.99789286374576,6.871118945865253,13.76243778650928,33.5,61.16137005686953,0.0,26.3097308948751,-0.9090909090909038,0.2790517614216686,0.5822442108456256,-33.596708902187714,Medium,27.93,0.0,0.0,22.2305,69.253,0.0,0.0,30.747
TLS,Timor-Leste,2006,41.9,0.3490692680808972,897.5738018076444,976597,-1.052484900596945,6.799695347408043,13.79182935872294,36.7,60.41386569895258,0.0,27.121697883382,-3.899082568807344,0.2790517614216686,0.5735972118629196,-5.312864221091617,Medium,27.93,0.0,0.0,22.2305,69.253,0.0,0.0,30.747
TLS,Timor-Leste,2007,41.9,0.3117757284635418,961.8484155228584,1004889,-1.165471168674033,6.868856866028339,13.82038764561432,36.6,60.70322194789673,0.0,28.0011655196859,0.0,0.2790517614216686,0.5735972118629196,-10.683707512376197,Medium,27.93,0.0,0.0,22.2305,69.253,0.0,0.0,30.747
TLS,Timor-Leste,2008,39.7,0.301134509007399,1042.868337682928,1032429,-1.200198240272878,6.949730212788004,13.84742483631972,43.1,60.70322194789673,0.0,28.8076745459306,-5.2505966587112045,0.4916618178880346,0.456101949652117,-3.4131006632824312,Medium,27.93,0.0,0.0,22.2305,69.253,0.0,0.0,30.747
TLS,Timor-Leste,2009,36.9,0.3184791581269799,1120.096935948757,1058782,-1.144198243702952,7.021170510498156,13.87262974881279,46.3,60.70322194789673,0.0,29.4007657042596,-7.052896725440816,0.4916618178880346,0.4418598336806012,5.759768010897326,Medium,27.93,0.0,0.0,22.2305,69.253,0.0,0.0,30.747
TLS,Timor-Leste,2010,34.8,0.3082939745307137,1195.38066079604,1084679,-1.176701488456456,7.086219958240248,13.89679464864914,38.0,60.70322194789673,0.0,29.6398840020416,-5.691056910569115,0.4916618178880346,0.4311782467019644,-3.198069115783486,Medium,27.93,0.0,0.0,22.2305,69.253,0.0,0.0,30.747
TLS,Timor-Leste,2011,32.8,0.3339917691025187,1237.48380284894,1110207,-1.096638929714723,7.120835405750272,13.92005704238856,52.7,60.70322194789673,0.0,29.633352306451,-5.747126436781613,0.4916618178880346,0.4210053067223103,8.33548388706664,Medium,27.93,0.0,0.0,22.2305,69.253,0.0,0.0,30.747
TLS,Timor-Leste,2012,25.6,0.5540649493120449,1269.41625561248,1134885,-0.5904733620812245,7.146312432535201,13.94204188217836,56.0,60.70322194789673,0.0,29.6136082349605,-21.95121951219511,0.4916618178880346,0.3843827227955555,65.89179751372099,Medium,27.93,0.0,0.0,22.2305,69.253,0.0,0.0,30.747
TLS,Timor-Leste,2013,22.6,0.654615753067028,1281.928640431865,1158695,-0.4237068520243132,7.156120973241737,13.96280492979504,59.2,60.70322194789673,0.0,29.5836906253246,-11.71875,0.4916618178880346,0.3691233128260743,18.147836978287856,Medium,27.93,0.0,0.0,22.2305,69.253,0.0,0.0,30.747
TLS,Timor-Leste,2014,18.1,0.6295778926020156,1312.964949886387,1181903,-0.4627056958975689,7.180043179267421,13.98263640928292,62.4,60.70322194789673,0.0,29.5463092024041,-19.91150442477876,0.4916618178880346,0.3462341978718525,-3.824817894727439,Medium,27.93,0.0,0.0,22.2305,69.253,0.0,0.0,30.747
TLS,Timor-Leste,2015,18.0,0.5768667472664798,1319.59295003154,1205131,-0.5501439797576138,7.185078596836018,14.00209883269093,67.3,60.70322194789673,0.0,29.5043315008419,-0.5524861878453136,0.4916618178880346,0.3457255508728698,-8.372458111208946,Medium,27.93,0.0,0.0,22.2305,69.253,0.0,0.0,30.747
TLS,Timor-Leste,2016,12.7,0.5380554777613505,1333.65856117568,1228312,-0.6197936056211798,7.195681242571816,14.02115142707972,76.5,60.70322194789673,0.0,29.4462907628171,-29.44444444444445,0.4916618178880346,0.3187672599267864,-6.727943617661958,Low,27.93,0.0,0.0,22.2305,69.253,0.0,0.0,30.747
TLS,Timor-Leste,2017,13.2,0.4967632098029645,1267.086615976755,1251703,-0.6996418054468851,7.144475541028498,14.04001558205367,79.5,60.70322194789673,0.0,29.3600996787092,3.937007874015741,0.4916618178880346,0.3213104949216999,-7.674351375472998,Low,27.93,0.0,0.0,22.2305,69.253,0.0,0.0,30.747
TLS,Timor-Leste,2018,12.7,0.5224305796659611,1237.200659012303,1275959,-0.6492631658534209,7.120606573475098,14.0592086107092,85.2,60.70322194789673,0.0,29.248617510057,-3.787878787878785,0.4916618178880346,0.3187672599267864,5.1669224605375375,Low,27.93,0.0,0.0,22.2305,69.253,0.0,0.0,30.747
TLS,Timor-Leste,2019,11.7,0.5598238203767261,1507.247435500878,1300945,-0.5801331512220718,7.318040375925625,14.07860148142808,90.6,60.70322194789673,0.0,29.1148755245217,-7.874015748031493,0.4916618178880346,0.3136807899369593,7.157552058815941,Low,27.93,0.0,0.0,22.2305,69.253,0.0,0.0,30.747
TLS,Timor-Leste,2020,11.4,0.5123475456863338,1947.839929435208,1326053,-0.6687520840546393,7.574476309078357,14.09771741876326,96.0,60.70322194789673,0.0,28.9619049897647,-2.564102564102555,0.4916618178880346,0.3121548489400112,-8.480574238238692,Low,27.93,0.0,0.0,22.2305,69.253,0.0,0.0,30.747
TLS,Timor-Leste,2021,12.1,0.5263902457450677,2015.820357570385,1350139,-0.6417124292622667,7.608781516872851,14.11571810807725,100.0,60.70322194789673,0.0,28.7927371734472,6.140350877192979,0.4916618178880346,0.3157153779328902,2.740854362817813,Low,27.93,0.0,0.0,22.2305,69.253,0.0,0.0,30.747
TLS,Timor-Leste,2022,11.4,0.5072683388166903,1579.710852764028,1369295,-0.6787151475207808,7.364997104693901,14.12980656681289,99.7,60.70322194789673,0.0,28.5857292288968,-5.785123966942141,0.4916618178880346,0.3121548489400112,-3.632648416824602,Low,27.93,0.0,0.0,22.2305,69.253,0.0,0.0,30.747
TON,Tonga,2000,2.5,0.9719800929127262,3866.685748672821,102677,-0.0284199552738898,8.26015302341576,11.53934341757344,85.6,542.4903160719894,0.0,23.0251513819988,0.0,0.4916618178880346,0.2668852660305504,0.0,Low,0.0,0.0,0.0,0.0,100.0,0.0,0.0,0.0
TON,Tonga,2001,2.7,0.9168538455580514,3901.180554461664,103288,-0.0868072026803848,8.269034492583659,11.54527648185455,86.3,542.4903160719894,0.0,23.0488634076195,8.000000000000007,0.4916618178880346,0.2679025600285158,-5.671540781198347,Low,0.0,0.0,0.0,0.0,100.0,0.0,0.0,0.0
TON,Tonga,2002,2.5,1.006989236960163,4050.989450824318,103874,0.0069649254570249,8.306716439107548,11.55093390515593,87.0,542.4903160719894,0.0,23.071428585567,-7.407407407407418,0.4916618178880346,0.2668852660305504,9.830944358121751,Low,0.0,0.0,0.0,0.0,100.0,0.0,0.0,0.0
TON,Tonga,2003,2.0,1.20137080716802,4030.196734100721,104464,0.1834632441275611,8.301570471143918,11.55659779342641,87.6,542.4903160719894,0.0,23.0943621775072,-20.0,0.4916618178880346,0.2643420310356368,19.30324208773513,Low,0.0,0.0,0.0,0.0,100.0,0.0,0.0,0.0
TON,Tonga,2004,2.1,1.064042409418393,3928.060140163863,105071,0.0620752486010582,8.275900979989498,11.56239159110208,88.3,542.4903160719894,0.0,23.1191794451059,5.000000000000004,0.2790517614216686,0.3711557062678025,-11.430975093639072,Medium,0.0,0.0,0.0,0.0,100.0,0.0,0.0,0.0
TON,Tonga,2005,2.1,1.146956118518799,3880.070376545166,105671,0.1371115798031858,8.26360857073766,11.56808577281416,89.0,539.4100557390391,0.0,23.1473956500293,0.0,0.2790517614216686,0.3711557062678025,7.792331242297656,Medium,0.0,0.0,0.0,0.0,100.0,0.0,0.0,0.0
TON,Tonga,2006,1.9,1.252670512832579,3775.248325127121,106253,0.2252776827010305,8.236221441010246,11.57357832168217,92.3,536.4554412581291,0.0,23.1801421282521,-9.523809523809534,0.2790517614216686,0.3701384122698371,9.216951948458284,Medium,0.0,0.0,0.0,0.0,100.0,0.0,0.0,0.0
TON,Tonga,2007,2.2,1.070029795926016,3665.895343792994,106726,0.0676864947459319,8.206827880199736,11.57802008145812,90.5,543.4477072128628,0.0,23.2239976577967,15.789473684210533,0.2790517614216686,0.3716643532667852,-14.580108259559,Medium,0.0,0.0,0.0,0.0,100.0,0.0,0.0,0.0
TON,Tonga,2008,2.0,1.155858717996636,3833.601527519421,107020,0.1448435465152837,8.251559986936604,11.58077101186529,91.2,543.4477072128628,0.0,23.2889000757567,-9.090909090909092,0.4916618178880346,0.2643420310356368,8.021171223212775,Low,0.0,0.0,0.0,0.0,100.0,0.0,0.0,0.0
TON,Tonga,2009,1.8,1.220115108718973,3630.76081551536,107203,0.1989452057033448,8.197197496348824,11.58247951230189,92.0,543.4477072128628,0.0,23.3612068183251,-9.999999999999998,0.4916618178880346,0.2633247370376714,5.55919073169322,Low,0.0,0.0,0.0,0.0,100.0,0.0,0.0,0.0
TON,Tonga,2010,1.0,1.175046554934823,3653.978017227964,107400,0.1613077680323484,8.203571720835555,11.5843154610569,92.8,543.4477072128628,0.0,23.4243619099178,-44.44444444444444,0.4916618178880346,0.2592555610458097,-3.6937952380139305,Low,0.0,0.0,0.0,0.0,100.0,0.0,0.0,0.0
TON,Tonga,2011,1.1,1.115552663381984,3892.76791192676,107570,0.109349944338132,8.266875729066482,11.58589707742605,92.2,543.4477072128628,0.0,23.46075468367,10.000000000000009,0.4916618178880346,0.2597642080447925,-5.0631093128168825,Low,0.0,0.0,0.0,0.0,100.0,0.0,0.0,0.0
TON,Tonga,2012,1.1,1.099944165270798,3932.593504532856,107460,0.0952594196713224,8.277054412026196,11.58487396428281,92.8,543.4477072128628,0.0,23.4589062635692,0.0,0.4916618178880346,0.2597642080447925,-1.3991717848502394,Low,0.0,0.0,0.0,0.0,100.0,0.0,0.0,0.0
TON,Tonga,2013,1.6,1.115074992061861,3962.169640955963,107078,0.1089216601049851,8.28454704334237,11.58131281983565,95.1,543.4477072128628,0.0,23.4170795020344,45.45454545454546,0.4916618178880346,0.262307443039706,1.3755995321215186,Low,0.0,0.0,0.0,0.0,100.0,0.0,0.0,0.0
TON,Tonga,2014,1.7,1.236293371103753,4058.815614368996,106609,0.2121176861331314,8.308646489438278,11.57692321491741,95.9,543.4477072128628,0.0,23.3431040935971,6.25,0.4916618178880346,0.2628160900386887,10.870872354311324,Low,0.0,0.0,0.0,0.0,100.0,0.0,0.0,0.0
TON,Tonga,2015,1.9,1.269616852820585,4123.903239933324,106095,0.2387151642602552,8.324555382187816,11.5720901981382,100.0,543.4477072128628,0.0,23.2434422818439,11.764705882352944,0.4916618178880346,0.2638333840366541,2.6954347969269543,Low,0.0,0.0,0.0,0.0,100.0,0.0,0.0,0.0
TON,Tonga,2016,2.0,1.357037261665593,4419.814728689389,105524,0.3053038393302712,8.393853057607108,11.56669369417841,97.0,543.4477072128628,0.0,23.1277038505921,5.263157894736836,0.4916618178880346,0.2643420310356368,6.885574073059497,Low,0.0,0.0,0.0,0.0,100.0,0.0,0.0,0.0
TON,Tonga,2017,2.0,1.470253236645279,4568.62468668733,105356,0.3854346557806226,8.426967494763474,11.56510037062434,98.2,543.4477072128628,0.0,22.9711300654966,0.0,0.4916618178880346,0.2643420310356368,8.342878871338243,Low,14.286,14.286,0.0,0.0,85.714,0.0,0.0,14.286
TON,Tonga,2018,1.8,1.39626966760446,4583.559484941505,105567,0.333804157321375,8.430231155378378,11.567101101416,99.0,543.4477072128628,0.0,22.7017138925547,-9.999999999999998,0.4916618178880346,0.2633247370376714,-5.032028986355408,Low,14.286,14.286,0.0,0.0,85.714,0.0,0.0,14.286
TON,Tonga,2019,1.8,1.566211471670973,4566.074978162353,105669,0.4486596278328233,8.426409247927838,11.56806684596643,98.4,543.4477072128628,0.0,22.3288155626206,0.0,0.4916618178880346,0.2633247370376714,12.171130549450185,Low,14.286,14.286,0.0,0.0,85.714,0.0,0.0,14.286
TON,Tonga,2020,1.9,1.764360856732006,4647.007651290101,105704,0.5677885039719545,8.443978775584613,11.56839801409405,99.9,543.4477072128628,0.0,21.8766206823411,5.555555555555558,0.4916618178880346,0.2638333840366541,12.651508984902884,Low,14.286,14.286,0.0,0.0,85.714,0.0,0.0,14.286
TON,Tonga,2021,1.8,1.957531519575315,4612.900469699325,105490,0.6716842507073699,8.43661210727895,11.56637144067585,100.0,543.4477072128628,0.0,21.258003897665,-5.263157894736836,0.4916618178880346,0.2633247370376714,10.948478147554486,Low,14.286,14.286,0.0,0.0,85.714,0.0,0.0,14.286
TON,Tonga,2022,2.3,1.536528245844519,4533.967902061057,105042,0.4295254856569981,8.419352751655794,11.56211554916099,100.0,543.4477072128628,0.0,21.147219451842,27.777777777777768,0.4916618178880346,0.2658679720325849,-21.506845203807103,Low,12.5,12.5,0.0,0.0,87.5,0.0,0.0,12.5
TUN,Tunisia,2000,14.2,2.163967297273356,2864.547036666183,9764935,0.7719432487043132,7.960165514264064,16.09430846584475,94.8,748.2738311517147,87.1063874805083,63.6166653822584,0.0,0.9075402667766715,0.1184577404672084,0.0,Low,0.755,0.0,0.189,0.567,99.245,0.0,87.63,0.755
TUN,Tunisia,2001,14.2,2.230295885062905,2941.738935929058,9869677,0.8021342605550101,7.98675616028625,16.10497768544358,97.3,781.4001218048302,87.30674745379908,63.9541757453358,0.0,0.9089859006020288,0.1177349235545298,3.065138178064175,Low,0.615,0.0,0.176,0.439,99.385,0.0,89.543,0.615
TUN,Tunisia,2002,14.6,2.183950984379003,2950.204109590539,9971515,0.7811356145809027,7.989629636632078,16.1152430862615,97.8,783.6979219524014,87.06186634431849,64.2822554892505,2.8169014084507005,0.907219038642318,0.120652942530316,-2.077970954181041,Low,0.76,0.0,0.253,0.507,99.24,0.0,89.105,0.76
TUN,Tunisia,2003,14.1,2.141182283069914,3058.228958278423,10071632,0.7613581452033584,8.025591255588935,16.12523331710475,98.4,797.1583346358465,86.79403488375402,64.6055972687544,-3.424657534246578,0.9052865857050996,0.1190759340040118,-1.9583178200883624,Low,1.684,0.0,0.266,1.418,98.316,0.0,97.429,1.684
TUN,Tunisia,2004,13.9,2.24425872376825,3218.723207484567,10166163,0.8083752768113031,8.076740040489112,16.13457541069873,99.0,832.5546718491597,87.03210988977347,64.9272741461338,-1.4184397163120477,0.9070043403844452,0.1171997626663735,4.813996524880193,Low,1.593,0.0,0.335,1.257,98.407,0.0,97.15,1.593
TUN,Tunisia,2005,14.2,2.286320902636173,3301.938172160292,10255472,0.8269439328767959,8.102264899943865,16.14332197475806,99.2,810.8369297332254,86.31231654727362,65.2340901739004,2.1582733812949506,0.901810899867888,0.1213224239216002,1.8742125594725323,Low,1.422,0.0,0.316,1.106,98.578,0.0,96.919,1.422
TUN,Tunisia,2006,14.3,2.342648319562051,3444.551352609098,10346410,0.8512820499081096,8.144548943503654,16.15215015760246,99.4,845.9856046627767,86.57402631068958,65.5209809651521,0.7042253521126751,0.9036991836413704,0.1208869290338418,2.4636706448745604,Low,0.995,0.0,0.306,0.689,99.005,0.0,91.354,0.995
TUN,Tunisia,2007,14.3,2.392588871048034,3642.119774447859,10441702,0.8723759893386973,8.200321146745102,16.16131815395126,99.4,865.7644564903864,86.58154701774546,65.8000030517578,0.0,0.9037534469172732,0.1208597973958904,2.131798916165062,Low,0.655,0.0,0.291,0.364,99.345,0.0,88.719,0.655
TUN,Tunisia,2008,14.6,2.411892283096209,3760.118284787041,10542635,0.8804116191182086,8.232205694609082,16.1709380698327,99.4,894.3041608120029,86.68686431898925,66.0676053984361,2.0979020979020824,0.904513330493682,0.1220057966046341,0.8068002105066752,Low,0.487,0.0,0.278,0.209,99.513,0.0,94.502,0.487
TUN,Tunisia,2009,16.1,2.381556634735375,3835.250119393008,10650681,0.8677543220952119,8.251989931855318,16.18113439173737,99.5,859.9629253849947,85.94935055296521,66.3362197875977,10.273972602739745,0.8991920338827887,0.1322961498948213,-1.257753033725506,Low,1.18,0.0,0.655,0.524,98.82,0.0,95.347,1.18
TUN,Tunisia,2010,12.6,2.575798951883619,3906.906258676051,10765980,0.9461597585672804,8.270501101594988,16.19190172040114,99.5,955.7070473721668,87.62350335317899,66.6280059814453,-21.739130434782616,0.9112713523067985,0.1084538457184217,8.156107409548419,Low,1.196,0.0,0.881,0.315,98.804,0.0,98.804,1.196
TUN,Tunisia,2011,13.2,2.412623145157994,3784.7412903401,10886035,0.8807145975533465,8.238732812238293,16.20299133310982,99.5,902.9030411159076,87.93239402510528,66.9191886197857,4.761904761904767,0.9135000549580304,0.1103913763867019,-6.334958968994775,Low,0.982,0.0,0.675,0.307,99.018,0.0,98.957,0.982
TUN,Tunisia,2012,13.0,2.565150363131534,3900.046201327017,11009647,0.9420170980084948,8.268743678541675,16.21428244642284,99.5,930.16863461378,88.29311184220485,67.2098922729492,-1.5151515151515138,0.9161026999336882,0.1080727599009076,6.322049022851095,Low,1.738,0.0,1.121,0.617,98.262,0.0,98.262,1.738
TUN,Tunisia,2013,13.2,2.532814438020634,3947.587635331742,11141361,0.9293311105471228,8.280859946094077,16.22617495735286,99.7,935.7970996904508,88.11633440270357,67.4999542236328,1.538461538461533,0.9148272183995986,0.1097277946659179,-1.26058595143812,Low,2.37,0.055,1.985,0.331,97.63,0.0,97.133,2.37
TUN,Tunisia,2014,12.9,2.679069401100983,4021.599547035914,11274288,0.9854694958263984,8.299434999745555,16.2380352928003,99.8,939.7691330029533,88.20139712308853,67.7524643379101,-2.27272727272726,0.9154409614733556,0.1078949821320912,5.774404981465797,Low,3.11,0.158,2.688,0.264,96.89,0.0,95.045,3.11
TUN,Tunisia,2015,12.5,2.694298255153538,4014.947736864322,11402264,0.991137782756067,8.29777960932586,16.24932249013828,99.9,952.9839551267888,74.58716857993697,67.8807907104492,-3.100775193798455,0.8172118143793909,0.1549749676831427,0.568438206427091,Low,2.977,0.308,2.31,0.359,97.023,0.0,92.351,2.977
TUN,Tunisia,2016,12.4,2.590219829270912,4015.288938027025,11528674,0.9517427482760435,8.29786458843089,16.26034788129522,100.0,955.176493865808,0.0,68.0623356528248,-0.8000000000000007,0.2790517614216686,0.4235463471630213,-3.862914051313704,Medium,3.209,0.56,2.394,0.255,96.791,0.0,96.587,3.209
TUN,Tunisia,2017,11.8,2.600429612536734,4062.806065345191,11650498,0.9556766669685912,8.309629162962034,16.27085948384348,100.0,973.9534814563206,0.0,68.2877807617188,-4.838709677419351,0.2790517614216686,0.420494465169125,0.3941666707375724,Medium,2.915,0.632,2.187,0.097,97.085,0.0,95.773,2.915
TUN,Tunisia,2018,11.9,2.565812254356248,4127.970056979944,11765514,0.9422750968588978,8.325541053496512,16.28068326809704,99.8,973.0743413330092,0.0,68.5485240272509,0.8474576271186418,0.2790517614216686,0.4210031121681077,-1.331216888686193,Medium,2.629,0.382,2.151,0.096,97.371,0.0,95.794,2.629
TUN,Tunisia,2019,12.2,2.546938416672694,4153.279786155147,11875081,0.9348920169349634,8.331653611011207,16.28995272891435,100.0,950.6142637245928,0.0,68.8206382576031,2.521008403361336,0.2790517614216686,0.4225290531650558,-0.7355891940850179,Medium,3.134,0.545,2.271,0.318,96.866,0.0,95.413,3.134
TUN,Tunisia,2020,12.9,2.398393460128009,3749.268414529278,11974057,0.8747991215979725,8.229316010473173,16.29825295077012,99.9,896.5155939981746,0.0,69.1043166438476,5.737704918032804,0.2790517614216686,0.4260895821579348,-5.832294788609116,Medium,3.134,0.702,2.198,0.234,96.866,0.0,95.744,3.134
TUN,Tunisia,2021,11.6,2.574385684935589,3902.533229901994,12048622,0.945610936696546,8.269381167382672,16.30446085451522,99.9,964.474882954034,0.0,69.3997523770568,-10.077519379844968,0.2790517614216686,0.4194771711711596,7.337921309966666,Medium,3.105,1.005,1.963,0.137,96.895,0.0,95.753,3.105
TUR,Turkiye,2000,17.3,3.470432784319362,6326.25746472488,65425961,1.24427930788753,8.752464102488055,17.99642969484731,99.9,1166.0141200544308,85.87412090159897,58.9706120006403,0.0,0.8986492381991067,0.1386713117244548,0.0,Low,27.93,0.0,0.0,22.2305,69.253,0.0,0.0,30.747
TUR,Turkiye,2001,18.1,3.120680814444196,5906.923485366993,66245128,1.13805118777486,8.683880414009696,18.00887248050379,99.9,1060.5707195356813,86.04907645548265,59.8722461417316,4.6242774566473965,0.899911574495495,0.1421093195681223,-10.078050537542993,Low,27.93,0.0,0.0,22.2305,69.253,0.0,0.0,30.747
TUR,Turkiye,2002,17.5,3.242085111298421,6211.705429603936,67048795,1.176216675682775,8.73419076356985,18.02093119586753,99.8,1107.2799101185533,86.04889566925122,60.7385342729423,-3.314917127071826,0.8999102700897945,0.1390580897770763,3.890314456137278,Low,27.93,0.0,0.0,22.2305,69.253,0.0,0.0,30.747
TUR,Turkiye,2003,16.3,3.386254485916842,6496.07277294612,67831730,1.21972443916102,8.778953084510617,18.03254063753583,99.8,1159.996658037693,86.14887428536933,61.5845060653258,-6.8571428571428505,0.900631634077316,0.1325936437955231,4.446810298594617,Low,27.93,0.0,0.0,22.2305,69.253,0.0,0.0,30.747
TUR,Turkiye,2004,16.8,3.438893430760923,7061.622197949838,68592617,1.235149742531746,8.86243007717421,18.04369546299754,99.7,1176.7543016011796,86.71121736640039,62.4388481173262,3.067484662576692,0.9046890421815498,0.1331081747383197,1.55448874451114,Low,27.93,0.0,0.0,22.2305,69.253,0.0,0.0,30.747
TUR,Turkiye,2005,15.3,3.549561120086199,7623.146409484569,69329557,1.266823967700003,8.938944478085427,18.05438188116798,99.7,1211.465616466687,88.29150177303538,63.3302470273874,-8.92857142857143,0.916091082990372,0.119777449349168,3.218119187275548,Low,27.93,0.0,0.0,22.2305,69.253,0.0,0.0,30.747
TUR,Turkiye,2006,14.2,3.911767218120364,8078.515378757104,70045349,1.363989245831645,8.996963394379998,18.06465343311118,99.7,1328.6923013897938,89.08381634023964,64.2873893939536,-7.189542483660139,0.9218077773972504,0.111323985156919,10.204250209540543,Low,27.93,0.0,0.0,22.2305,69.253,0.0,0.0,30.747
TUR,Turkiye,2007,12.5,4.280793645074144,8477.533283933524,70158112,1.454138423495575,9.04517480014172,18.06626199574594,99.7,1429.9230057017926,90.20789772847878,65.3389618154687,-11.971830985915489,0.9299182300520558,0.0986217598468103,9.433752224425572,Low,27.93,0.0,0.0,22.2305,69.253,0.0,0.0,30.747
TUR,Turkiye,2008,12.5,4.215939840294834,8447.93976396947,71051678,1.438872541757469,9.041677875708675,18.07891802939951,99.7,1385.1780153279742,90.8312552108698,66.513650890377,0.0,0.9344158682131776,0.0963729407662495,-1.5149948854445872,Low,27.93,0.0,0.0,22.2305,69.253,0.0,0.0,30.747
TUR,Turkiye,2009,13.1,4.183513627287897,7925.301104211849,72039206,1.431151474137454,8.977815592246035,18.09272105655666,99.7,1364.0973037987203,89.46063685001329,67.8401432171223,4.800000000000004,0.9245266062435016,0.1043694537449837,-0.7691336744660382,Low,27.93,0.0,0.0,22.2305,69.253,0.0,0.0,30.747
TUR,Turkiye,2010,14.2,4.26801919276368,8472.57809050119,73142150,1.451149830328103,9.04459012037602,18.10791536593298,100.0,1445.4101635433194,89.91499910317731,69.3471253941487,8.3969465648855,0.92780491293995,0.1083254173855692,2.019966301163145,Low,27.93,0.0,0.0,22.2305,69.253,0.0,0.0,30.747
TUR,Turkiye,2011,12.7,4.483322959053916,9265.859102385775,74223629,1.500364503411392,9.134091859988525,18.1225931075779,100.0,1515.8803361269495,90.76247064865656,71.0028723528334,-10.563380281690138,0.9339195750256478,0.0976383813579797,5.044582898204331,Low,27.93,0.0,0.0,22.2305,69.253,0.0,0.0,30.747
TUR,Turkiye,2012,13.0,4.578038097272944,9588.320665314382,75175827,1.521270543311595,9.16830103943749,18.13534028777603,100.0,1567.316061236719,89.71314319647252,73.7788680234324,2.3622047244094446,0.926348485681612,0.1029498670269458,2.112610201943044,Low,27.93,0.0,0.0,22.2305,69.253,0.0,0.0,30.747
TUR,Turkiye,2013,13.8,4.384562281286676,10269.44891407734,76147624,1.478089799014176,9.236928641704614,18.14818443524283,100.0,1510.7911896702517,89.60891068160167,78.5218368384696,6.153846153846154,0.9255964290371412,0.1073950713410428,-4.226173130833455,Low,27.93,0.0,0.0,22.2305,69.253,0.0,0.0,30.747
TUR,Turkiye,2014,11.5,4.604460031061175,10597.98018817163,77181884,1.527025405733569,9.268418713657832,18.16167532424485,100.0,1543.090956938794,91.38027109974256,83.6024850744433,-16.666666666666675,0.9383771181902932,0.0893058457878646,5.015272578360319,Low,27.93,0.0,0.0,22.2305,69.253,0.0,0.0,30.747
TUR,Turkiye,2015,13.3,4.702763396869428,11064.64945046625,78218479,1.548150292717875,9.311510571049386,18.17501648194789,100.0,1646.8363113033945,87.42797661690335,87.2167107972537,15.652173913043477,0.9098605911698344,0.1127197552797826,2.134959694407357,Low,27.93,0.0,0.0,22.2305,69.253,0.0,0.0,30.747
TUR,Turkiye,2016,13.2,4.935332469823076,11279.61695315688,79277962,1.59642004038785,9.330752566421994,18.18847074129838,100.0,1724.54363987712,0.0,88.1020958581776,-0.7518796992481258,0.2790517614216686,0.4276155231548829,4.945370483840761,Medium,27.93,0.0,0.0,22.2305,69.253,0.0,0.0,30.747
TUR,Turkiye,2017,11.4,5.394164444581354,12005.64598248323,80312698,1.685317710827054,9.393132316660674,18.20143829842042,100.0,1828.0298677090764,0.0,88.0320472717286,-13.636363636363624,0.2790517614216686,0.4184598771731942,9.296880758566717,Medium,27.93,0.0,0.0,22.2305,69.253,0.0,0.0,30.747
TUR,Turkiye,2018,11.8,5.274019729261307,12255.00821461691,81407204,1.662792828777588,9.413689966269365,18.21497432828527,100.0,1771.3374285696386,0.0,88.1655749576173,3.5087719298245723,0.2790517614216686,0.420494465169125,-2.2273090958644493,Medium,27.93,0.0,0.0,22.2305,69.253,0.0,0.0,30.747
TUR,Turkiye,2019,14.1,5.019136724589075,12238.29502201275,82579440,1.613257951702249,9.412325250776592,18.22927129709625,100.0,1774.1962572227542,0.0,88.6618152857124,19.49152542372881,0.2790517614216686,0.4321933461457272,-4.8328033977213085,Medium,27.93,0.0,0.0,22.2305,69.253,0.0,0.0,30.747
TUR,Turkiye,2020,13.7,5.073959629034974,12338.64383313504,83384680,1.624121504707711,9.42049139134983,18.23897515740978,100.0,1762.0106222005768,0.0,88.9303114965222,-2.8368794326241176,0.2790517614216686,0.4301587581497964,1.09227756592718,Medium,27.93,0.0,0.0,22.2305,69.253,0.0,0.0,30.747
TUR,Turkiye,2021,12.0,5.475006345419114,13670.93802951601,84147318,1.700193434682553,9.52302754693335,18.24807960643542,100.0,1894.627192817388,0.0,89.1762048153239,-12.408759124087588,0.2790517614216686,0.4215117591670904,7.904018669939949,Medium,27.93,0.0,0.0,22.2305,69.253,0.0,0.0,30.747
TZA,Tanzania,2000,93.6,0.0908344242269419,555.348083496094,34260139,-2.398716943781172,6.31959509462328,17.34949310806159,8.7,394.2140409844192,6.037578811661884,22.1944164040635,0.0,0.3226139959840135,0.814786593055806,0.0,High,86.4,0.0,0.0,85.2,13.6,2.8,0.0,86.4
TZA,Tanzania,2001,93.1,0.0933851945515889,573.400146484375,35198299,-2.371022462890697,6.351583808915534,17.37650831553705,9.7,397.6229932213941,6.425359357646195,22.5963228653037,-0.5341880341880323,0.3254119034945961,0.8108444043056011,2.8081537879010687,High,94.7,0.0,0.0,93.286,5.3,3.18,0.0,94.7
TZA,Tanzania,2002,92.4,0.1035233943935136,598.421569824219,36121304,-2.267957659030704,6.394295471839875,17.40239338774401,10.7,406.2852142331711,7.04627000566359,23.0306918214565,-0.7518796992481036,0.3298918872985253,0.8050438834107577,10.856324592571198,High,95.502,0.0,0.0,94.118,4.498,3.46,0.0,95.502
TZA,Tanzania,2003,92.4,0.1066418834089543,621.720703125,37089555,-2.238278941893353,6.432490961549205,17.42884595155071,11.1,411.3608066068385,7.113826678021405,23.5202087261949,0.0,0.3303793210363372,0.8048001665418518,3.012351974846061,High,95.941,0.0,0.0,94.096,4.059,2.583,0.0,95.941
TZA,Tanzania,2004,91.3,0.1428377701952166,650.516540527344,38109668,-1.946045766884479,6.477766725034891,17.45597856118785,11.4,415.1385922270617,9.547788861160615,24.0832469119457,-1.1904761904761971,0.3479408030219617,0.7904243085602297,33.94152994040527,High,78.927,0.0,0.0,77.011,21.073,3.448,15.709,78.927
TZA,Tanzania,2005,90.3,0.1575439749542623,680.051208496094,39182076,-1.848050653628399,6.522168101946654,17.48372995529441,13.8,426.6318795506343,10.38433528824251,24.7061884538741,-1.0952902519167584,0.3539766383817326,0.7823199208905172,10.29573952249936,High,50.0,0.0,0.0,48.634,50.0,1.093,31.421,50.0
TZA,Tanzania,2006,89.9,0.1638768100242557,704.502746582031,40294902,-1.808640291807443,6.557492229957155,17.51173551767426,14.9,429.7701386534357,10.76868536089164,25.3741033202009,-0.442967884828338,0.3567497944002438,0.7788987548853308,4.019725331820467,High,42.735,0.0,0.0,41.026,57.265,0.57,37.037,42.735
TZA,Tanzania,2007,90.6,0.150653381572792,731.52001953125,41435512,-1.892773567107518,6.595124587865934,17.53964884889221,15.9,419.60961592122953,10.485146013176609,26.0720614791471,0.7786429365961967,0.3547040061864389,0.7834821779851122,-8.069127321618264,High,60.849,0.0,0.0,59.434,39.151,0.943,26.887,60.849
TZA,Tanzania,2008,90.3,0.147505111963319,752.540466308594,42570728,-1.913892446424382,6.623454771002537,17.56667743890312,11.5,415.3305944567263,10.59692249559263,26.7851328989335,-0.3311258278145712,0.355510493935494,0.7815529931136365,-2.08974373930787,High,60.899,0.0,0.0,59.551,39.101,0.449,31.236,60.899
TZA,Tanzania,2009,91.0,0.1392767682766153,772.929565429688,43633982,-1.971292186859928,6.650187925974936,17.59134680841168,11.2,415.3535906426349,10.073605359543077,27.498387547781,0.7751937984496138,0.3517346651567372,0.7870014364958939,-5.57834476187502,High,56.25,0.0,0.0,55.0,43.75,0.0,41.458,56.25
TZA,Tanzania,2010,89.4,0.1638415488923576,801.29931640625,44758488,-1.808855483486974,6.68623455567777,17.61679166067658,14.8,421.07723472056966,11.632501458792785,28.1968953939105,-1.758241758241752,0.3629823854188183,0.77323922438113,17.637385559488706,High,52.158,0.188,0.0,50.657,47.842,0.0,44.09,52.158
TZA,Tanzania,2011,87.6,0.1930593570839243,838.999267578125,46029367,-1.644757587703314,6.732209833496771,17.64479016379793,14.2,433.1477752766533,13.784815200827794,28.865726405543,-2.0134228187919545,0.3785117224274195,0.7563189098951407,17.832966295235963,High,40.039,0.193,0.0,38.491,59.961,0.0,50.484,40.039
TZA,Tanzania,2012,85.2,0.2237945247060323,851.910705566406,47374260,-1.497026948524087,6.747481715663585,17.6735896011921,15.3,425.1997286983227,17.154819868882726,29.4878764597911,-2.739726027397249,0.4028269220141223,0.7319537821262043,15.920061107811122,High,32.451,0.176,0.0,31.217,67.549,0.0,52.557,32.451
TZA,Tanzania,2013,84.5,0.2374563658361702,882.8115234375,48824128,-1.437771395181614,6.783111727579558,17.70373517486451,16.4,432.3831233130656,16.93155649511658,30.0725108782502,-0.8215962441314617,0.4012160359684784,0.7291986961561474,6.1046360039788805,High,30.05,0.167,0.0,28.715,69.95,0.0,48.581,30.05
TZA,Tanzania,2014,84.7,0.2235682614655147,913.811218261719,50351512,-1.498038491132479,6.817624005549459,17.73453920646942,23.5,414.9565496943071,17.092543503544004,30.6443077170742,0.2366863905325367,0.4023775866564892,0.7296352148101074,-5.848697431947302,High,42.652,0.319,0.0,41.374,57.348,0.0,42.013,42.652
TZA,Tanzania,2015,82.8,0.2538092240585632,939.127319335938,52020962,-1.371172380553904,6.844951060363834,17.76715731070114,26.2,420.0731273902913,18.20336485285652,31.2061566592472,-2.243211334120432,0.4103923657070161,0.7159635323041725,13.526500763040184,High,33.538,0.306,0.0,32.312,66.462,0.0,43.798,33.538
TZA,Tanzania,2016,81.7,0.2626467112364884,970.156127929688,53824013,-1.336945453128338,6.877457015173844,17.80123026384267,32.8,416.6573892093999,0.0,31.7577303242916,-1.328502415458932,0.2790517614216686,0.7760387174580365,3.481940898998248,High,36.217,0.44,0.0,34.751,63.783,0.0,60.117,36.217
TZA,Tanzania,2017,82.0,0.2551080456019444,1001.55895996094,55652890,-1.366068115319781,6.909313025026464,17.83464456605351,32.1,406.5825860906792,0.0,32.2987013317296,0.3671970624234966,0.2790517614216686,0.7775646584549847,-2.870268429805767,High,34.795,0.566,0.0,33.239,65.205,0.0,61.103,34.795
TZA,Tanzania,2018,81.3,0.2597813662221546,1024.01525878906,57437145,-1.347914900866183,6.931486706649623,17.86620177742996,34.9,403.24630548023583,0.0,32.8287423010834,-0.8536585365853666,0.2790517614216686,0.7740041294621057,1.8318985625024764,High,31.737,0.41,0.0,30.506,68.263,0.0,66.621,31.737
TZA,Tanzania,2019,80.4,0.2873465368951841,1051.7666015625,59174891,-1.247066345970911,6.958226507050117,17.89600787136854,37.7,414.6998025052247,0.0,33.3475258518752,-1.107011070110686,0.2790517614216686,0.7694263064712614,10.610911426748329,High,33.205,0.386,0.0,31.918,66.795,0.0,65.766,33.205
TZA,Tanzania,2020,80.8,0.2735154125615163,1041.25964355469,60972798,-1.296397305649314,6.948186454955274,17.92593838825303,39.9,404.4141010406936,0.0,33.8547246036273,0.4975124378109319,0.2790517614216686,0.7714608944671921,-4.813395171946333,High,41.379,0.383,0.0,40.102,58.621,0.0,57.599,41.379
TZA,Tanzania,2021,78.3,0.3014750245470299,1054.31726074219,62830412,-1.199068103569381,6.960648690204735,17.95594978173468,42.7,404.1806402879453,0.0,34.3500111758619,-3.094059405940597,0.2790517614216686,0.7587447194926245,10.222316806086829,High,36.879,0.347,0.0,35.723,63.121,0.0,61.965,36.879
UGA,Uganda,2000,95.3,0.0589121317991762,509.1975531901598,24000150,-2.831708236712756,6.232836061467778,16.99357063829269,7.4,386.5845954064266,0.0,11.6414758125187,0.0,0.2790517614216686,0.8452147093196846,0.0,High,99.371,0.0,0.0,97.484,0.629,0.0,0.0,99.371
UGA,Uganda,2001,95.5,0.0580990392018387,519.4565478908837,24745676,-2.845606152234524,6.252783164867613,17.02416132464521,8.6,386.0897082143547,0.0,11.9013889740088,0.2098635886673694,0.2790517614216686,0.84623200331765,-1.3801785345491149,High,99.371,0.0,0.0,97.484,0.629,0.0,0.0,99.371
UGA,Uganda,2002,95.6,0.0641643497186176,547.4053389198752,25532870,-2.746307522855611,6.305189549792256,17.05547719966397,7.8,387.3181000057044,0.0,12.202793574555,0.1047120418848024,0.2790517614216686,0.8467406503166326,10.439605542714258,High,99.419,0.0,0.0,97.093,0.581,0.0,0.0,99.419
UGA,Uganda,2003,95.6,0.0656873047500839,564.7205391965689,26352124,-2.722849602755339,6.336330987890148,17.08705943691368,10.5,388.3810691478493,0.0,12.5904136719317,0.0,0.2790517614216686,0.8467406503166326,2.373522116478944,High,99.444,0.0,0.0,97.222,0.556,0.0,0.0,99.444
UGA,Uganda,2004,95.3,0.0667402824171229,585.339489080616,27154515,-2.706946574065781,6.372192002124185,17.11705388886072,11.6,388.64013180559846,0.0,13.1221118400615,-0.3138075313807498,0.2790517614216686,0.8452147093196846,1.6030154853288625,High,100.0,0.0,0.0,97.423,0.0,0.0,0.0,100.0
UGA,Uganda,2005,94.5,0.0794505968164188,604.4048130576183,27963289,-2.532619874178427,6.404244193731566,17.14640310074364,8.9,392.2821589048734,0.0,13.7907239496723,-0.8394543546694666,0.2790517614216686,0.8411455333278229,19.044442035556884,High,96.429,0.0,0.0,93.878,3.571,0.0,0.0,96.429
UGA,Uganda,2006,94.2,0.0895533698457974,650.2705408674441,28794003,-2.41292052029793,6.477388493014676,17.17567769425681,9.0,393.8426912546721,0.0,14.5851520274647,-0.3174603174603163,0.2790517614216686,0.8396195923308748,12.7157924977233,High,76.25,0.625,0.0,72.5,23.75,0.0,0.0,76.25
UGA,Uganda,2007,94.1,0.1048546491923531,684.5422417872479,29653430,-2.255180181250036,6.528750354712274,17.20508835968521,14.8,396.6300262212061,0.0,15.494298100139,-0.1061571125265503,0.2790517614216686,0.8391109453318921,17.086212805730348,High,73.0,0.5,0.0,70.0,27.0,0.0,0.0,73.0
UGA,Uganda,2008,94.1,0.1139636850611402,722.565167003452,30539553,-2.171875433431399,6.582807612463693,17.2345332211054,15.9,402.6512736171842,0.0,16.5070641943955,0.0,0.2790517614216686,0.8391109453318921,8.687298025361567,High,74.249,0.858,0.0,69.957,25.751,0.0,0.0,74.249
UGA,Uganda,2009,94.3,0.1217984041347167,749.3428655354232,31451151,-2.105388026134404,6.619196643174824,17.26394613821529,10.0,414.73521512139257,0.0,17.6123523369348,0.2125398512221155,0.2790517614216686,0.8401282393298575,6.874750557050913,High,63.636,0.826,0.0,57.851,36.364,0.0,0.0,63.636
UGA,Uganda,2010,93.6,0.1173110810902428,768.6240916601312,32390802,-2.142926059837014,6.64460202250046,17.29338505156959,12.1,421.0979698785384,0.0,18.7990645544572,-0.7423117709438043,0.2790517614216686,0.8365677103369785,-3.6842215432565375,High,59.489,0.73,0.0,54.38,40.511,0.0,0.0,59.489
UGA,Uganda,2011,93.3,0.1278026804324676,816.5163665872278,33354543,-2.057267763608665,6.705046957019457,17.3227045429376,14.6,429.2253118434152,0.0,20.0561028736631,-0.3205128205128194,0.2790517614216686,0.8350417693400305,8.943400098882414,High,61.278,0.752,0.0,57.519,38.722,0.0,0.0,61.278
UGA,Uganda,2012,93.4,0.1260723062681613,823.5804682854929,34337438,-2.070899677353803,6.713661259823245,17.35174680377792,20.5,436.0758351095152,0.0,21.372369321253,0.1071811361200492,0.2790517614216686,0.8355504163390132,-1.3539419975003186,High,90.0,1.034,0.0,84.483,10.0,0.0,0.0,90.0
UGA,Uganda,2013,93.1,0.1248378401338743,828.9886697299859,35337042,-2.080739662803605,6.720206487647427,17.38044232016423,13.9,449.3409400095684,0.0,22.7367659239271,-0.3211991434689643,0.2790517614216686,0.8340244753420649,-0.979173119639154,High,100.0,0.977,0.0,93.485,0.0,0.0,0.0,100.0
UGA,Uganda,2014,92.4,0.1333240318270874,845.9786647910992,36395539,-2.014972784272542,6.74049414036517,17.40995677015144,20.4,455.9976095128252,0.0,24.1938503391826,-0.7518796992481036,0.2790517614216686,0.8304639463491861,6.797771960899546,High,97.214,0.929,0.0,88.854,2.786,0.0,0.0,97.214
UGA,Uganda,2015,91.7,0.149085649404502,862.9346103558107,37531446,-1.903234309968998,6.760338918057233,17.44068969954563,18.5,470.5261069439691,0.0,24.9777856560427,-0.7575757575757569,0.2790517614216686,0.8269034173563072,11.822037903756469,High,97.746,0.845,0.0,87.042,2.254,0.0,0.0,97.746
UGA,Uganda,2016,91.4,0.1546889478409219,874.6483706392157,38799152,-1.866338966483233,6.77382194346278,17.47390894868456,26.7,473.57774282163695,0.0,25.6953567134098,-0.3271537622682618,0.2790517614216686,0.8253774763593591,3.758442518647076,High,98.143,1.061,0.0,87.533,1.857,0.0,0.0,98.143
UGA,Uganda,2017,91.3,0.1556572069841872,871.0938800171507,40177388,-1.860099080666048,6.769749755220039,17.50881490777158,32.4,468.5304291814789,0.0,26.4139260579546,-0.1094091903720007,0.2790517614216686,0.8248688293603763,0.6259394460818468,High,98.148,1.587,0.0,91.005,1.852,0.0,0.0,98.148
UGA,Uganda,2018,90.5,0.1649696357568311,895.0751278543798,41565831,-1.801993847732541,6.796907656488682,17.54278901752986,41.9,468.4986539702286,0.0,27.1280475018884,-0.8762322015334001,0.2790517614216686,0.8207996533685147,5.982651849579912,High,92.791,1.628,0.0,84.651,7.209,0.0,0.0,92.791
UGA,Uganda,2019,90.5,0.1642944102063001,920.9391015156708,42999637,-1.806095276390465,6.825393911936319,17.57670223176174,41.3,455.4268685057899,0.0,27.8369781799403,0.0,0.2790517614216686,0.8207996533685147,-0.409302928647004,High,96.943,2.838,0.0,88.21,3.057,0.0,0.0,96.943
UGA,Uganda,2020,91.6,0.1601497099949183,917.0350317644004,44457152,-1.831646213762713,6.821145674105173,17.6100364068687,42.1,475.32948502322864,0.0,28.5399752271502,1.2154696132596676,0.2790517614216686,0.8263947703573244,-2.522727466002894,High,97.391,3.043,0.0,88.696,2.609,0.0,0.0,97.391
UGA,Uganda,2021,91.0,0.1766572796499657,919.401675217265,45910930,-1.733543696572541,6.82372310544711,17.64221377304485,45.2,483.4271000823289,0.0,29.2362957789022,-0.6550218340611313,0.2790517614216686,0.8233428883634282,10.307586355024444,High,97.533,2.467,0.0,88.046,2.467,0.0,0.0,97.533
UGA,Uganda,2022,90.9,0.1681175837727694,933.0940563704228,47312719,-1.783091640987701,6.8385060064527,17.67228971794912,47.1,488.2106162940794,0.0,29.9251969709665,-0.1098901098900984,0.2790517614216686,0.8228342413644456,-4.834046971694073,High,97.391,2.609,0.0,86.609,2.609,0.0,0.0,97.391
UKR,Ukraine,2000,1.2,7.285141896164916,1409.22265625,49556660,1.985836917311275,7.250793523722174,17.71862721939528,99.1,2700.100610071664,84.17171471053013,67.403857296906,0.0,0.8863660663964488,0.062920730789568,0.0,Low,6.564,0.0,0.006,6.558,48.429,30.208,17.429,51.571
UKR,Ukraine,2001,1.2,7.334383356458075,1547.2783203125,49106855,1.992573339411772,7.344252744095522,17.70950919605438,99.2,2730.984993312196,84.34872871885315,67.2749805493459,0.0,0.887643254817823,0.0622821365788809,0.675916282688771,Low,6.953,0.0,0.012,6.942,49.094,30.866,17.519,50.906
UKR,Ukraine,2002,1.0,7.407061211985115,1644.28125,48677281,2.002433763069519,7.405058637626521,17.70072296996328,99.3,2786.0049867363377,84.2802504123054,67.2672733350904,-16.666666666666664,0.8871491713208915,0.0615118843293812,0.9909197814570893,Low,5.545,0.0,0.011,5.534,49.641,31.564,17.52,50.359
UKR,Ukraine,2003,1.0,8.13374301585325,1814.25854492188,48315136,2.096021213164109,7.50343214803933,17.69325544427239,99.3,2914.066962513735,87.0965582656668,67.419679868405,0.0,0.9074693471951892,0.0513517963922323,9.810662867107345,Low,5.133,0.0,0.017,5.117,49.784,30.38,18.961,50.216
UKR,Ukraine,2004,1.2,7.686973523925539,2042.44494628906,47979507,2.03952714609484,7.621902872289646,17.6862845402084,99.4,2957.984993440512,84.69523017769265,67.5970968423685,20.0,0.890143326170433,0.0610321009025759,-5.492790847423212,Low,6.457,0.0,0.016,6.44,45.845,24.896,20.566,54.155
UKR,Ukraine,2005,1.3,7.504235108653559,2122.6015625,47585556,2.015467542323663,7.660397767452958,17.67803982777463,99.9,2964.777015969615,84.33911710102898,67.8136046317755,8.333333333333348,0.8875739052385891,0.0628254583674806,-2.377247881799127,Low,6.653,0.0,0.021,6.631,45.727,27.008,18.327,54.273
UKR,Ukraine,2006,1.8,7.537839348946484,2298.13232421875,47278694,2.019935582458972,7.739852039091524,17.67157030800717,99.5,2866.623473269503,83.09494441960801,68.0293347798948,38.46153846153846,0.8785969719554271,0.0698571600039751,0.4478036709454125,Low,6.678,0.0,0.021,6.658,46.723,33.66,12.628,53.277
UKR,Ukraine,2007,2.4,7.813016132190015,2498.35205078125,47062798,2.055791077800651,7.823386613814339,17.66699339550965,99.8,2961.883516828982,81.35925530037521,68.2102322372037,33.33333333333333,0.8660736577432326,0.0791706991039686,3.6506055715022745,Low,5.335,0.0,0.025,5.167,47.511,35.689,11.439,52.489
UKR,Ukraine,2008,2.7,7.523270113153425,2567.69409179688,46819175,2.018000898912039,7.850763534582072,17.66180339919687,99.8,2875.8965784368265,80.84764455070955,68.3752085755346,12.50000000000002,0.8623822926817108,0.0825423226316776,-3.708504041644322,Low,6.138,0.0,0.026,5.977,47.212,36.676,10.027,52.788
UKR,Ukraine,2009,3.0,6.267906787639968,2188.17016601563,46623731,1.835442453234501,7.69082093291978,17.65762021839968,99.9,2453.439574268649,79.07268796609266,68.5251442249547,11.111111111111091,0.8495756565301943,0.090471581704384,-16.686405068968924,Low,6.981,0.0,0.023,6.877,45.257,37.55,6.733,54.743
UKR,Ukraine,2010,2.9,6.8001696142477,2285.93383789063,46456003,1.916947555142703,7.734529901630858,17.65401625061125,100.0,2848.7816007793226,80.50574997766485,68.637397133357,-3.3333333333333326,0.8599154608520712,0.0847930325444629,8.491875272576333,Low,7.091,0.0,0.026,6.964,45.694,36.945,8.315,54.306
UKR,Ukraine,2011,2.7,7.19759562163247,2418.12084960938,46307853,1.973747028811216,7.790746009086028,17.6508221159052,100.0,2732.8842703467594,79.55574582217699,68.7234299826222,-6.896551724137923,0.8530610072461605,0.0872029653494528,5.844354331281432,Low,5.74,0.015,0.046,5.612,47.966,38.215,9.464,52.034
UKR,Ukraine,2012,2.9,7.031318031728851,2426.92944335938,46210056,1.950374174981544,7.794382133758643,17.64870799470462,99.9,2650.9986159071736,79.26347753837032,68.8241983107739,7.407407407407396,0.850952238163142,0.0892746438889274,-2.31018243653296,Low,5.647,0.166,0.146,5.27,49.03,40.436,8.065,50.97
UKR,Ukraine,2013,3.5,6.834963731473069,2432.41625976563,46126770,1.922051163866746,7.796640387883055,17.64690403357244,100.0,2517.911322671433,78.22992078080277,68.9326288082226,20.68965517241379,0.8434949372630383,0.0960551763328755,-2.7925674726947736,Low,7.774,0.293,0.329,7.1,49.416,41.678,7.192,50.584
UKR,Ukraine,2014,3.5,5.858515482557136,2308.6435546875,45972380,1.76789624087365,7.744415425280026,17.64355133933761,100.0,2298.6077862828943,75.3571271035037,69.0554339301313,0.0,0.8227672058456031,0.1064190420415931,-14.286077984871604,Low,5.563,0.235,0.618,4.638,46.089,38.557,6.952,53.911
UKR,Ukraine,2015,4.2,4.938462675551343,2094.47387695313,45784896,1.597054083486182,7.647057668097866,17.63946481303509,100.0,2027.641681733998,65.68814693615333,69.1587317201337,20.0,0.7530037468220614,0.1448613005462429,-15.704538286962189,Low,4.338,0.293,0.66,3.299,42.125,34.537,6.171,57.875
UKR,Ukraine,2016,5.5,4.98162827265164,2156.0830078125,45616832,1.605756799975858,7.676048432128426,17.63578732918257,100.0,2007.977941856276,0.0,69.2102241609089,30.95238095238096,0.2790517614216686,0.3884497042332145,0.8740695219586092,Medium,5.626,0.298,0.577,4.666,45.188,37.24,5.973,54.812
UKR,Ukraine,2017,6.5,4.524630568054994,2217.7529296875,45436041,1.50953593140018,7.704249768417747,17.63181620270121,100.0,1967.8353523378769,0.0,69.2633108489282,18.181818181818187,0.2790517614216686,0.3935361742230416,-9.173661292744208,Medium,6.96,0.461,0.628,5.736,38.195,31.614,4.73,61.805
UKR,Ukraine,2018,6.9,4.828758633779843,2308.6669921875,45208907,1.574589422991546,7.744425577293742,17.6268046829113,100.0,2068.756083726192,0.0,69.3157992777909,6.153846153846154,0.2790517614216686,0.3955707622189724,6.721610994543248,Medium,8.151,0.694,0.744,6.524,39.053,30.689,6.612,60.947
UKR,Ukraine,2019,7.4,4.624587537845223,2398.07836914063,44957458,1.531387185981088,7.782423016096244,17.62122722280541,100.0,1987.624733142579,0.0,69.3527648708735,7.246376811594213,0.2790517614216686,0.3981139972138859,-4.228231548090456,Medium,7.701,1.901,1.31,4.223,38.452,29.538,7.74,61.548
UKR,Ukraine,2020,8.7,4.451592159304157,2324.107421875,44680014,1.493261820794744,7.751091339741339,17.61503684550453,100.0,1932.9218229230253,0.0,69.3839100516745,17.567567567567544,0.2790517614216686,0.4047264082006611,-3.740774223114196,Medium,11.469,3.634,2.206,5.115,36.971,27.201,9.601,63.029
UKR,Ukraine,2021,8.9,4.382443795114252,2426.6123046875,44298640,1.477606512885435,7.794251450357203,17.60646453476985,100.0,2096.0621756232563,0.0,69.4027032653896,2.298850574712663,0.2790517614216686,0.4057437021986265,-1.5533400571159706,Medium,13.852,4.155,2.442,6.673,31.041,23.964,6.597,68.959
UZB,Uzbekistan,2000,0.7,5.30608034339216,1269.721375462191,24787054,1.668853397589631,7.146552765983412,17.02583205870832,99.6,1871.113155367472,93.24110627460846,47.6731005044,0.0,0.4916618178880346,0.2577296200488617,0.0,Low,7.533,0.0,0.0,7.533,92.467,4.076,78.34,7.533
UZB,Uzbekistan,2001,0.8,5.286245675267991,1306.606331751142,25090283,1.665108291694601,7.175188468370067,17.03799119767317,99.6,1868.1308150342147,93.24110627460846,48.4901886313987,14.285714285714302,0.4916618178880346,0.2582382670478443,-0.3738101732452925,Low,9.091,0.0,0.0,9.091,90.909,4.087,76.918,9.091
UZB,Uzbekistan,2002,1.0,5.388984558255558,1341.959959816715,25399980,1.684356973527985,7.201886480884369,17.05025894458688,99.7,1912.2562937275736,93.24110627460846,49.2574592650723,25.0,0.4916618178880346,0.2592555610458097,1.9435132095399377,Low,12.186,0.0,0.0,12.186,87.814,4.089,74.312,12.186
UZB,Uzbekistan,2003,1.4,5.016094311056491,1381.825728088202,25711259,1.612651605198618,7.231160895137547,17.06243954731577,99.5,1827.8870418900608,93.24110627460846,49.9566881481443,39.99999999999999,0.4916618178880346,0.2612901490417406,-6.919489992373884,Low,16.762,0.0,0.0,16.762,83.238,4.083,70.579,16.762
UZB,Uzbekistan,2004,1.0,5.07679600143684,1466.613488911299,26029350,1.624680354231616,7.290711273020444,17.07473530547187,99.5,1784.5133642891851,93.24110627460846,50.5696510233382,-28.57142857142857,0.4916618178880346,0.2592555610458097,1.2101385383953112,Low,12.274,0.0,0.0,12.274,87.726,4.085,75.795,12.274
UZB,Uzbekistan,2005,1.6,4.762655805531553,1549.045775316431,26356975,1.560805454989935,7.345394391507946,17.08724350380558,99.4,1666.13498733072,93.24110627460846,51.0781236333777,60.00000000000001,0.4916618178880346,0.262307443039706,-6.187764799223339,Low,18.733,0.0,0.0,18.733,81.267,4.091,70.548,18.733
UZB,Uzbekistan,2006,0.8,5.034727274681718,1643.146456196009,26699043,1.61635935880116,7.404368253563063,17.10013828003148,99.5,1699.258920541695,93.24110627460846,51.4638817209862,-50.0,0.4916618178880346,0.2582382670478443,5.712599865691947,Low,9.428,0.0,0.0,9.428,90.572,4.096,80.616,9.428
UZB,Uzbekistan,2007,0.9,4.852812866653016,1773.758036932475,27076008,1.579558509336114,7.480855759504142,17.11415858007521,99.5,1638.4536092760904,93.24110627460846,51.7087010288873,12.5,0.4916618178880346,0.2587469140468271,-3.613192892165196,Low,9.527,0.0,0.0,9.527,90.473,4.08,82.211,9.527
UZB,Uzbekistan,2008,0.8,4.993308910267819,1904.458555067123,27494774,1.608098798274386,7.551953024099894,17.12950650821396,99.5,1660.6376326587626,93.24110627460846,51.7943572998047,-11.111111111111104,0.4916618178880346,0.2582382670478443,2.895146536151172,Low,8.941,0.0,0.0,8.941,91.059,4.082,84.03,8.941
UZB,Uzbekistan,2009,1.2,4.456513771555279,2025.042986460979,27939328,1.494366794801582,7.613346207197296,17.14554585996483,99.5,1492.2747847265116,93.24110627460846,51.6105041503906,49.99999999999998,0.4916618178880346,0.2602728550437752,-10.750289003925229,Low,12.934,0.0,0.0,12.934,87.066,4.092,80.898,12.934
UZB,Uzbekistan,2010,1.3,4.784181053527811,2144.6400056546,28385506,1.565314861569287,7.67072698774551,17.16138922074479,99.6,1596.9237227759268,93.24110627460846,51.3321647644043,8.333333333333348,0.9518033840657454,0.0307107189539024,7.352547277289778,Low,15.759,0.0,0.0,15.759,84.241,4.079,78.699,15.759
UZB,Uzbekistan,2011,0.9,4.811340144236608,2271.009362230023,28823196,1.570975661576773,7.727979664611381,17.17669103759889,99.7,1607.252990141527,77.70092189550705,51.3395500183105,-30.76923076923077,0.4916618178880346,0.2587469140468271,0.5676852611748551,Low,10.795,0.0,0.0,10.795,89.205,4.072,84.091,10.795
UZB,Uzbekistan,2012,1.3,4.209770635901569,2395.840367557283,29261903,1.437408165426683,7.781489332457095,17.19179698903539,99.7,1391.812104425488,62.16073751640563,51.3359680175781,44.44444444444444,0.4916618178880346,0.2607815020427579,-12.50315900146126,Low,12.547,0.0,0.0,12.547,87.453,4.075,82.642,12.547
UZB,Uzbekistan,2013,1.2,4.084804686034699,2530.684478987035,29724065,1.407273914692708,7.836245090185016,17.2074675450422,99.8,1354.1112058641745,46.62055313730423,51.1276969909668,-7.692307692307699,0.4916618178880346,0.2602728550437752,-2.9684740731749426,Low,10.438,0.0,0.0,10.438,89.562,4.084,84.966,10.438
UZB,Uzbekistan,2014,1.4,3.744152548222059,2659.990750952732,30222994,1.320195302502732,7.88607792468426,17.2241135833627,99.8,1242.6477278767418,31.080368758202816,50.8868713378906,16.666666666666675,0.4916618178880346,0.2612901490417406,-8.339496352843412,Low,10.888,0.0,0.0,10.888,89.112,4.126,84.628,10.888
UZB,Uzbekistan,2015,1.7,3.497645120647443,2803.190180217509,30749346,1.252089919376457,7.93851339767426,17.24137928369795,99.9,1167.293850714227,15.540184379101404,50.6597328186035,21.42857142857144,0.4916618178880346,0.2628160900386887,-6.583797652466695,Low,11.879,0.0,0.0,11.879,88.121,3.379,84.48,11.879
UZB,Uzbekistan,2016,1.6,3.644218453008525,2918.677258529029,31284568,1.293141926285967,7.978885798975264,17.25863549878482,99.9,1211.946084941876,0.0,50.6572189331055,-5.88235294117646,0.2790517614216686,0.368612471272889,4.190629046263839,Medium,11.685,0.0,0.0,11.685,88.315,3.39,84.67,11.685
UZB,Uzbekistan,2017,1.7,3.716808774884128,2995.767614377434,31819178,1.312865443901897,8.004955776334185,17.27557974773069,100.0,1255.9775464817665,0.0,50.6787376403809,6.25,0.2790517614216686,0.3691211182718717,1.9919311317815105,Medium,13.051,0.016,0.0,13.034,86.949,3.435,83.251,13.051
UZB,Uzbekistan,2018,1.5,3.484174860356421,3108.161878611196,32373490,1.248231247270534,8.041786794626425,17.29285043596961,100.0,1276.0853286517645,0.0,50.5814971923828,-11.764705882352944,0.2790517614216686,0.3681038242739063,-6.258969148472248,Medium,9.359,0.016,0.0,9.343,90.641,3.721,86.192,9.359
UZB,Uzbekistan,2019,1.6,3.492132387307259,3259.369646324938,32964701,1.250512548858746,8.089289095641268,17.3109478802624,100.0,1289.0781755237033,0.0,50.5920104980469,6.666666666666665,0.2790517614216686,0.368612471272889,0.2283905736586211,Medium,10.179,0.016,0.0,10.164,89.821,6.01,82.694,10.179
UZB,Uzbekistan,2020,1.0,3.690339045848715,3249.051910940178,33586372,1.305718336175337,8.086118513054597,17.32963094741934,100.0,1351.1412357299591,0.0,50.7670402526855,-37.5,0.2790517614216686,0.3655605892789927,5.675805970640502,Medium,7.53,0.015,0.0,7.515,92.47,7.816,83.932,7.53
UZB,Uzbekistan,2021,1.0,3.923662328972901,3442.724844503404,34243696,1.367025485241166,8.144018542777376,17.34901304733752,99.9,1465.1851351493451,0.0,50.9269905090332,0.0,0.2790517614216686,0.3655605892789927,6.322543273812542,Medium,7.027,0.07,0.0,6.957,92.973,6.943,84.071,7.027
VCT,St. Vincent and the Grenadines,2000,8.5,0.3690166894182923,5067.967394673761,113545,-0.9969134071885402,8.53069510785162,11.63995451309877,80.0,584.9248903265831,0.0,44.8903114926141,0.0,0.4916618178880346,0.2974040859695127,0.0,Low,27.93,0.0,0.0,22.2305,69.253,0.0,0.0,30.747
VCT,St. Vincent and the Grenadines,2001,6.2,0.4273090104932997,5158.566176788466,113501,-0.8502478495118941,8.548413947146418,11.63956692643747,82.4,584.9248903265831,0.0,45.0076571524878,-27.05882352941176,0.4916618178880346,0.2857052049929105,15.796662521388338,Low,27.93,0.0,0.0,22.2305,69.253,0.0,0.0,30.747
VCT,St. Vincent and the Grenadines,2002,6.1,0.4905290832576071,5441.526488675358,113347,-0.7122707086506781,8.60181490502381,11.63820918888935,82.4,584.9248903265831,0.0,45.1214266763803,-1.6129032258064613,0.4916618178880346,0.2851965579939278,14.794930884168345,Low,27.93,0.0,0.0,22.2305,69.253,0.0,0.0,30.747
VCT,St. Vincent and the Grenadines,2003,5.6,0.5311955878063654,5816.207883594067,113141,-0.6326249869418231,8.66840376197108,11.63639010746512,83.7,584.9248903265831,0.0,45.236152710942,-8.196721311475407,0.4916618178880346,0.2826533229990142,8.290335055913879,Low,27.93,0.0,0.0,22.2305,69.253,0.0,0.0,30.747
VCT,St. Vincent and the Grenadines,2004,5.9,0.5698586431515044,6071.949452692205,112835,-0.5623669433802999,8.711434994385382,11.63368185360601,84.9,584.9248903265831,0.0,45.3517185236482,5.35714285714286,0.2790517614216686,0.3904842922291454,7.2784970795413795,Medium,27.93,0.0,0.0,22.2305,69.253,0.0,0.0,30.747
VCT,St. Vincent and the Grenadines,2005,5.8,0.5895953757225434,6244.359537460085,112450,-0.5283187812135077,8.73943386124922,11.63026395738746,86.2,595.8203646064918,0.0,45.4681221654846,-1.6949152542372947,0.2790517614216686,0.3899756452301627,3.4634435764435256,Medium,27.93,0.0,0.0,22.2305,69.253,0.0,0.0,30.747
VCT,St. Vincent and the Grenadines,2006,5.3,0.6525969968039709,6707.278759857341,112014,-0.4267954967275128,8.810948597761362,11.62637914246538,87.5,624.9218847644045,0.0,45.5853616874371,-8.62068965517241,0.2790517614216686,0.3874324102352491,10.685569065771515,Medium,27.93,0.0,0.0,22.2305,69.253,0.0,0.0,30.747
VCT,St. Vincent and the Grenadines,2007,4.7,0.7011503528167057,6960.17151500732,111531,-0.3550329316124197,8.847959395985654,11.62205785814582,88.8,627.6281930584322,0.0,45.7034351404912,-11.32075471698113,0.2790517614216686,0.3843805282413529,7.440021368550576,Medium,27.93,0.0,0.0,22.2305,69.253,0.0,0.0,30.747
VCT,St. Vincent and the Grenadines,2008,5.3,0.7340490687033902,7019.995084387397,111028,-0.3091794015075193,8.856517796789896,11.61753770073647,90.1,627.6281930584322,0.0,45.8223405756329,12.765957446808509,0.4916618178880346,0.2811273820020661,4.6921057308923375,Low,27.93,0.0,0.0,22.2305,69.253,0.0,0.0,30.747
VCT,St. Vincent and the Grenadines,2009,4.1,1.12299562022659,6955.82358345268,110508,0.1159997756833312,8.847334513371747,11.61284319550937,91.4,627.6281930584322,0.0,45.9420760438477,-22.64150943396227,0.4916618178880346,0.2750236180142736,52.98645119327343,Low,27.93,0.0,0.0,22.2305,69.253,0.0,0.0,30.747
VCT,St. Vincent and the Grenadines,2010,5.1,0.8821469820569485,6678.042006973079,109959,-0.1253965905362309,8.806580110836178,11.60786284802175,92.7,627.6281930584322,0.0,46.0626395961215,24.390243902439025,0.4916618178880346,0.2801100880041007,-21.44697929641478,Low,27.93,0.0,0.0,22.2305,69.253,0.0,0.0,30.747
VCT,St. Vincent and the Grenadines,2011,6.1,0.6310071422692481,6674.581989661024,109349,-0.4604380975362854,8.806061858035774,11.60229988111568,94.1,627.6281930584322,0.0,46.18402928344,19.6078431372549,0.4916618178880346,0.2851965579939278,-28.469160456923447,Low,27.93,0.0,0.0,22.2305,69.253,0.0,0.0,30.747
VCT,St. Vincent and the Grenadines,2012,5.0,0.80562095350206,6790.683259582751,108736,-0.2161419281071212,8.823306842821927,11.5966782050316,95.4,627.6281930584322,0.0,46.3063114823836,-18.032786885245898,0.4916618178880346,0.279601441005118,27.67224006448803,Low,27.93,0.0,0.0,22.2305,69.253,0.0,0.0,30.747
VCT,St. Vincent and the Grenadines,2013,5.4,0.7629352198640589,6996.573861513324,108135,-0.2705821531840162,8.853175859863265,11.59113572550679,96.8,627.6281930584322,0.0,46.4319347036311,8.000000000000007,0.4916618178880346,0.2816360290010488,-5.298488507832976,Low,27.93,0.0,0.0,22.2305,69.253,0.0,0.0,30.747
VCT,St. Vincent and the Grenadines,2014,3.3,0.8573952666573673,7116.220713472066,107535,-0.1538562454103972,8.870132064812884,11.58557165495508,98.1,627.6281930584322,0.0,46.5579930468544,-38.88888888888889,0.4916618178880346,0.270954442022412,12.381135951508382,Low,27.93,0.0,0.0,22.2305,69.253,0.0,0.0,30.747
VCT,St. Vincent and the Grenadines,2015,4.3,0.8891174270755423,7353.735560541842,106960,-0.1175259632423431,8.902963702626419,11.58021021177582,99.4,627.6281930584322,0.0,46.6845638727475,30.303030303030297,0.4916618178880346,0.276040912012239,3.699829198013505,Low,27.93,0.0,0.0,22.2305,69.253,0.0,0.0,30.747
VCT,St. Vincent and the Grenadines,2016,4.1,0.9515839359091294,7702.894263564697,106349,-0.0496273818337697,8.949351415602218,11.57448141766927,99.7,627.6281930584322,0.0,46.8116589511271,-4.651162790697683,0.4916618178880346,0.2750236180142736,7.0256759041435135,Low,27.93,0.0,0.0,22.2305,69.253,0.0,0.0,30.747
VCT,St. Vincent and the Grenadines,2017,5.3,1.032527942609996,7872.926905370766,105663,0.0320101085473813,8.971185178925792,11.56801006327378,100.0,627.6281930584322,0.0,46.9392900518098,29.26829268292684,0.4916618178880346,0.2811273820020661,8.506239297065687,Low,27.93,0.0,0.0,22.2305,69.253,0.0,0.0,30.747
VCT,St. Vincent and the Grenadines,2018,4.9,1.050263995577836,8179.995989570836,104926,0.0490415569274682,9.00944693932416,11.56101061877348,100.0,627.6281930584322,0.0,47.0674689446123,-7.547169811320742,0.4916618178880346,0.2790927940061353,1.7177310400924517,Low,27.93,0.0,0.0,22.2305,69.253,0.0,0.0,30.747
VCT,St. Vincent and the Grenadines,2019,5.4,1.118396421131453,8294.674344866655,104167,0.1118958925025289,9.023368942645522,11.55375065948536,100.0,627.6281930584322,0.0,47.1962073993512,10.20408163265305,0.4916618178880346,0.2816360290010488,6.487171400761183,Low,27.93,0.0,0.0,22.2305,69.253,0.0,0.0,30.747
VCT,St. Vincent and the Grenadines,2020,5.2,1.195834862739795,7989.746519335968,103526,0.1788445713629818,8.985914313518153,11.54757806786965,100.0,627.6281930584322,0.0,47.3255171858432,-3.703703703703709,0.4916618178880346,0.2806187350030834,6.924060212031047,Low,27.93,0.0,0.0,22.2305,69.253,0.0,0.0,30.747
VCT,St. Vincent and the Grenadines,2021,5.0,1.141568051652551,8211.335880129422,102841,0.1324028012007209,9.01327090298949,11.54093938517541,100.0,627.6281930584322,0.0,47.4554100739049,-3.846153846153855,0.4916618178880346,0.279601441005118,-4.537985367219721,Low,27.93,0.0,0.0,22.2305,69.253,0.0,0.0,30.747
VCT,St. Vincent and the Grenadines,2022,5.1,1.24551672775023,8532.738134133895,102046,0.2195504861800737,9.051665589460722,11.53317897099747,100.0,627.6281930584322,0.0,47.585897833353,2.0000000000000018,0.4916618178880346,0.2801100880041007,9.105780066917712,Low,27.93,0.0,0.0,22.2305,69.253,0.0,0.0,30.747
VNM,Viet Nam,2000,57.7,0.7327629408664185,1212.196577943809,77154011,-0.3109330388627865,7.100189346500337,18.16131412505262,88.2,372.4867382024766,46.26898396626355,24.3672526919772,0.0,0.6128909369213835,0.4870438499523296,0.0,Medium,27.93,0.0,0.0,22.2305,69.253,0.0,0.0,30.747
VNM,Viet Nam,2001,56.1,0.7963602523303994,1273.8052690094,77969361,-0.2277036172159034,7.149763974378232,18.17182649979241,88.9,393.0816273049384,47.90945937044021,24.9489362725143,-2.772963604852685,0.6247272667780583,0.4729873330402689,8.679111335622892,Medium,27.93,0.0,0.0,22.2305,69.253,0.0,0.0,30.747
VNM,Viet Nam,2002,52.2,0.9277610341432028,1340.516704602711,78772224,-0.0749810856675834,7.200810419069994,18.18207100538021,89.1,424.57244952502543,52.26660463158408,25.5540925665659,-6.951871657754005,0.6561648661550699,0.4374313003914376,16.500168287942984,Medium,27.93,0.0,0.0,22.2305,69.253,0.0,0.0,30.747
VNM,Viet Nam,2003,50.8,0.9759001260083467,1418.743374715093,79563777,-0.0243950277145877,7.257526811414469,18.19206948442804,90.3,441.33150122399167,53.51007400617396,26.1745407830283,-2.6819923371647625,0.6651367249509083,0.4258243130077605,5.188738273493132,Medium,27.93,0.0,0.0,22.2305,69.253,0.0,0.0,30.747
VNM,Viet Nam,2004,45.8,1.144244180075446,1510.944490495987,80338971,0.1347443143035436,7.32049022466608,18.20176537874767,91.0,485.4327053723715,58.21631452685653,26.8021001307977,-9.842519685039374,0.699093110426621,0.3834137703207688,17.250131399784173,Medium,27.93,0.0,0.0,22.2305,69.253,0.0,0.0,30.747
VNM,Viet Nam,2005,44.1,1.239999899862265,1609.962683136505,81088313,0.2151112988607042,7.383966279533807,18.21104940265944,96.1,509.2451266316492,60.4711674241845,27.4285898187702,-3.711790393013093,0.715362286180858,0.3666321834609444,8.36846902559778,Medium,27.93,0.0,0.0,22.2305,69.253,0.0,0.0,30.747
VNM,Viet Nam,2006,44.2,1.255478158337191,1699.676203433928,82167897,0.227516502679781,7.438193043334588,18.22427523629764,96.0,515.0750424726715,60.65040891349841,28.0458290558422,0.2267573696145053,0.7166555462846789,0.3664942004080166,1.2482467520074314,Medium,27.93,0.0,0.0,22.2305,69.253,0.0,0.0,30.747
VNM,Viet Nam,2007,41.9,1.366846668569814,1788.948502895698,83633375,0.3125063850789421,7.489383297681163,18.24195322087487,93.1,544.6731833663822,62.63628262102544,28.6456370509099,-5.203619909502278,0.7309839880254956,0.347631098561006,8.870605154941469,Medium,27.93,0.0,0.0,22.2305,69.253,0.0,0.0,30.747
VNM,Viet Nam,2008,39.3,1.476846918046711,1856.005198839785,85175788,0.389909354336759,7.526181714441245,18.26022777300945,93.8,572.0995423051079,64.43936280193819,29.2198330128693,-6.205250596658718,0.7439935410641938,0.3279015000681066,8.047738784921265,Low,27.93,0.0,0.0,22.2305,69.253,0.0,0.0,30.747
VNM,Viet Nam,2009,37.0,1.628779443464839,1927.134270574536,86460018,0.4878309266318759,7.563789344541436,18.27519264539249,96.1,615.1421470701741,66.64320950457902,29.7581347355675,-5.852417302798973,0.7598946978018009,0.3082520407227008,10.287628566072035,Low,27.93,0.0,0.0,22.2305,69.253,0.0,0.0,30.747
VNM,Viet Nam,2010,34.6,1.792734863693336,2027.581843759237,87455152,0.5837423106788527,7.614599152010477,18.28663667135849,97.4,670.1080291006401,70.69722806513766,30.2504027258526,-6.486486486486487,0.7891451826342373,0.2814192703308976,10.066152350236024,Low,27.93,0.0,0.0,22.2305,69.253,0.0,0.0,30.747
VNM,Viet Nam,2011,36.3,1.772006189696347,2132.904537620866,88468314,0.5721123452334177,7.665239962486631,18.29815501197041,99.0,663.5744401407039,68.705625900106,30.6996041680996,4.9132947976878505,0.7747754090255841,0.2972511561179302,-1.156259880743571,Low,27.93,0.0,0.0,22.2305,69.253,0.0,0.0,30.747
VNM,Viet Nam,2012,37.9,1.745320954817787,2224.114042532557,89510356,0.5569384670040033,7.707113932172952,18.30986488604846,97.9,664.3473126141025,67.49737663328426,31.1222779403029,4.40771349862259,0.7660576697441679,0.3097483777423616,-1.50593350258742,Low,27.93,0.0,0.0,22.2305,69.253,0.0,0.0,30.747
VNM,Viet Nam,2013,37.4,1.801416676632833,2320.084314449339,90573104,0.5885733979203205,7.749358806435045,18.32166786159781,98.5,674.6781651072752,68.47347061451373,31.5334201724543,-1.319261213720313,0.7731003662110165,0.3036837945140238,3.214063388180799,Low,27.93,0.0,0.0,22.2305,69.253,0.0,0.0,30.747
VNM,Viet Nam,2014,36.7,1.951821811396209,2439.286557444234,91679578,0.6687631986787733,7.799460881041576,18.33381020795327,99.2,745.633531778112,69.45218879468239,31.9480269945454,-1.8716577540106805,0.7801619967528137,0.2965924502502463,8.34926958956046,Low,27.93,0.0,0.0,22.2305,69.253,0.0,0.0,30.747
VNM,Viet Nam,2015,27.8,2.163448180775908,2577.568853401125,92823254,0.7717033288248509,7.854601928784032,18.34620774826258,99.3,679.4459239729465,72.54715572780822,32.3810945365679,-24.250681198910083,0.8024927488157283,0.2401574913093281,10.84250458438698,Low,27.93,0.0,0.0,22.2305,69.253,0.0,0.0,30.747
VNM,Viet Nam,2016,26.8,2.380902355685366,2715.57887431272,94000117,0.8674795568718507,7.906760423016145,18.35880658491435,99.2,738.8795333858989,0.0,32.8476189285136,-3.597122302158273,0.2790517614216686,0.4967915150165309,10.051277254603308,Medium,27.93,0.0,0.0,22.2305,69.253,0.0,0.0,30.747
VNM,Viet Nam,2017,28.3,2.408711720272435,2868.136800133789,95176977,0.8790920486730659,7.961417899373378,18.37124863227872,100.0,757.4799799413119,0.0,33.3625963003742,5.597014925373145,0.2790517614216686,0.5044212200012715,1.1680178534269947,Medium,27.93,0.0,0.0,22.2305,69.253,0.0,0.0,30.747
VNM,Viet Nam,2018,24.3,2.931267235322713,3048.283276021446,96237319,1.075434833049397,8.022333850815285,18.38232777180294,100.0,885.6468417877653,0.0,33.9410227821412,-14.13427561837456,0.2790517614216686,0.4840753400419633,21.694398323066032,Medium,27.93,0.0,0.0,22.2305,69.253,0.0,0.0,30.747
VNM,Viet Nam,2019,20.4,3.463164794584086,3241.076489665289,97173776,1.242182851519953,8.083660803500294,18.39201143879097,99.4,987.2714724403896,0.0,34.6239134999511,-16.049382716049386,0.2790517614216686,0.4642381070816377,18.145652257557288,Medium,27.93,0.0,0.0,22.2305,69.253,0.0,0.0,30.747
VNM,Viet Nam,2020,18.9,3.551533168743205,3303.16949807493,98079191,1.267379388773852,8.102637740475883,18.40128578174948,99.8,991.2812324851652,0.0,35.5706676299742,-7.352941176470584,0.2790517614216686,0.4566084020968971,2.551665294626315,Medium,27.93,0.0,0.0,22.2305,69.253,0.0,0.0,30.747
VNM,Viet Nam,2021,24.2,3.397887168414186,3358.217347647143,98935098,1.223153817405374,8.119165560869618,18.40997461735754,100.0,962.1995248811894,0.0,36.6540656426603,28.042328042328045,0.2790517614216686,0.4835666930429806,-4.326187959646455,Medium,27.93,0.0,0.0,22.2305,69.253,0.0,0.0,30.747
VUT,Vanuatu,2000,49.5,0.4509316570127925,2841.739094356417,186281,-0.7964394875192838,7.952171500908859,12.13501156534473,22.2,145.83566265294516,0.0,21.6572490599483,0.0,0.4916618178880346,0.5059493555524222,0.0,Medium,0.0,0.0,0.0,0.0,100.0,0.0,0.0,0.0
VUT,Vanuatu,2001,51.3,0.511435316781046,2676.92934450613,191031,-0.6705341594929993,7.892425649636785,12.16019099752387,24.0,145.83566265294516,0.0,21.9341706883464,3.6363636363636376,0.4916618178880346,0.515105001534111,13.417478863440536,Medium,0.0,0.0,0.0,0.0,100.0,0.0,0.0,0.0
VUT,Vanuatu,2002,53.3,0.490649076139955,2475.166364346392,195863,-0.7120261192623049,7.814062890661502,12.18517071422069,25.7,145.83566265294516,0.0,22.2011458912344,3.898635477582846,0.4916618178880346,0.525277941513765,-4.064295123754613,Medium,0.0,0.0,0.0,0.0,100.0,0.0,0.0,0.0
VUT,Vanuatu,2003,52.7,0.5589152461319279,2518.521315183004,200746,-0.5817574342595648,7.831427228593609,12.2097957063303,27.5,145.83566265294516,0.0,22.4641372404641,-1.1257035647279423,0.4916618178880346,0.5222260595198689,13.913441054253672,Medium,0.0,0.0,0.0,0.0,100.0,0.0,0.0,0.0
VUT,Vanuatu,2004,55.4,0.4248678971955802,2555.734322793394,205711,-0.8559769885034637,7.846094867525927,12.23422755014709,29.2,145.83566265294516,0.0,22.7291073078871,5.123339658444004,0.2790517614216686,0.6422645567255849,-23.98348405488062,Medium,0.0,0.0,0.0,0.0,100.0,0.0,0.0,0.0
VUT,Vanuatu,2005,54.9,0.4232302144619473,2626.850578708736,210760,-0.8598390057551213,7.87354090900762,12.25847532432322,31.0,142.34200037957868,0.0,23.0020186653551,-0.902527075812276,0.2790517614216686,0.6397213217306713,-0.3854569254214679,Medium,0.0,0.0,0.0,0.0,100.0,0.0,0.0,0.0
VUT,Vanuatu,2006,55.3,0.3718918318104139,2780.974758522269,215923,-0.9891522416953398,7.930556777789419,12.28267714163019,26.4,143.56969845732044,0.0,23.2888338847199,0.7285974499089187,0.2790517614216686,0.6417559097266021,-12.130131757440775,Medium,0.0,0.0,0.0,0.0,100.0,0.0,0.0,0.0
VUT,Vanuatu,2007,51.6,0.592020824671451,2791.7418410919,221276,-0.5242134679069373,7.934420995814923,12.30716607009023,33.6,158.17350277481518,0.0,23.5955155378332,-6.690777576853524,0.2790517614216686,0.6229359707642421,59.19167188733962,Medium,0.0,0.0,0.0,0.0,100.0,0.0,0.0,0.0
VUT,Vanuatu,2008,52.1,0.5672202242437064,2875.085240589925,226896,-0.5670076481169091,7.963837601692774,12.33224704170113,36.5,158.17350277481518,0.0,23.9280261965467,0.9689922480620172,0.4916618178880346,0.5191741775259726,-4.189143252098937,Medium,0.0,0.0,0.0,0.0,100.0,0.0,0.0,0.0
VUT,Vanuatu,2009,38.7,0.6200291323459273,2888.137157847387,232731,-0.4779888143921637,7.968366991214419,12.35763855915413,33.3,158.17350277481518,0.0,24.2861753285463,-25.719769673704405,0.4916618178880346,0.4510154796622899,9.310124330040017,Medium,0.0,0.0,0.0,0.0,100.0,0.0,0.0,0.0
VUT,Vanuatu,2010,38.1,0.6501628555119036,2856.773776499009,238248,-0.4305324005327075,7.957448216911242,12.38106742693767,44.1,158.17350277481518,0.0,24.742504119873,-1.5503875968992276,0.4916618178880346,0.4479635976683937,4.86004956766517,Medium,0.0,0.0,0.0,0.0,100.0,0.0,0.0,0.0
VUT,Vanuatu,2011,35.8,0.7380664875921042,2883.226895918806,243474,-0.3037213668514508,7.96666539586621,12.4027654396231,42.0,158.17350277481518,0.0,24.7861634049013,-6.036745406824162,0.4916618178880346,0.4362647166917914,13.520248247800936,Medium,0.0,0.0,0.0,0.0,100.0,0.0,0.0,0.0
VUT,Vanuatu,2012,39.0,0.5934515414873656,2849.054483214271,248883,-0.5217997169813271,7.954742457942387,12.4247381855008,43.9,158.17350277481518,0.0,24.8183551383933,8.938547486033531,0.4916618178880346,0.4525414206592381,-19.59375591981366,Medium,0.0,0.0,0.0,0.0,100.0,0.0,0.0,0.0
VUT,Vanuatu,2013,40.9,0.5933622024347498,2799.282626618019,254482,-0.5219502697588663,7.937118458557965,12.44698538555593,31.7,158.17350277481518,0.0,24.8407362750263,4.871794871794877,0.4916618178880346,0.4622057136399095,-0.0150541445038343,Medium,14.286,0.0,14.286,0.0,85.714,0.0,0.0,14.286
VUT,Vanuatu,2014,31.5,0.6736089763295421,2807.834229567587,260240,-0.395105490237907,7.940168728348786,12.46935956114723,49.1,158.17350277481518,0.0,24.8549637694775,-22.98288508557457,0.4916618178880346,0.4143928957355351,13.524079148539414,Medium,14.286,0.0,14.286,0.0,85.714,0.0,0.0,14.286
VUT,Vanuatu,2015,35.6,0.5982690782823064,2854.894122726535,266101,-0.5137146625520193,7.956790036543093,12.49163121494444,52.3,158.17350277481518,0.0,24.8626945764242,13.015873015873014,0.4916618178880346,0.4352474226938261,-11.18451515562614,Medium,16.667,0.0,16.667,0.0,83.333,0.0,0.0,16.667
VUT,Vanuatu,2016,33.1,0.609731446191843,2889.014048014979,272087,-0.494736670898728,7.968670563041806,12.51387714707726,57.8,158.17350277481518,0.0,24.8654875642873,-7.02247191011236,0.4916618178880346,0.4225312477192584,1.915921836115353,Medium,14.286,0.0,14.286,0.0,85.714,0.0,0.0,14.286
VUT,Vanuatu,2017,35.7,0.5974715177715462,2946.961861650788,278507,-0.5150486653142706,7.988530041239223,12.53719847268352,62.8,158.17350277481518,0.0,24.7644441456437,7.85498489425982,0.4916618178880346,0.4357560696928088,-2.010709550387779,Medium,0.0,0.0,0.0,0.0,100.0,0.0,0.0,0.0
VUT,Vanuatu,2018,29.7,0.8020781114706285,2960.653766831527,285259,-0.2205492800096264,7.993165390103356,12.56115281849741,61.6,158.17350277481518,0.0,24.2729727045038,-16.806722689075638,0.4916618178880346,0.4052372497538464,34.24541381691726,Medium,25.0,12.5,0.0,12.5,75.0,0.0,0.0,25.0
VUT,Vanuatu,2019,31.6,0.750038529376509,2986.203691143697,291985,-0.2876307012692908,8.00175819115894,12.58445771006793,64.5,158.17350277481518,0.0,23.5024668917075,6.3973063973064015,0.4916618178880346,0.4149015427345178,-6.488094033473091,Medium,33.333,11.111,11.111,11.111,66.667,0.0,0.0,33.333
VUT,Vanuatu,2020,26.0,0.8415367833553059,2771.870988080523,298858,-0.172525554654427,7.92727781813023,12.60772382317636,67.3,158.17350277481518,0.0,22.4186852094794,-17.721518987341778,0.4916618178880346,0.3864173107914863,12.199140496803215,Medium,33.333,11.111,11.111,11.111,66.667,0.0,0.0,33.333
VUT,Vanuatu,2021,24.6,0.9510638576117804,2666.302698438548,305868,-0.0501740708343015,7.888448034592972,12.63090891531759,70.0,158.17350277481518,0.0,22.2501822422475,-5.384615384615376,0.4916618178880346,0.3792962528057284,13.015126186139714,Medium,25.0,12.5,0.0,12.5,75.0,0.0,0.0,25.0
VUT,Vanuatu,2022,25.0,0.8653680289797665,2740.275455306606,313046,-0.1446003955070574,7.915813725462998,12.65410542358024,70.0,158.17350277481518,0.0,22.2541249733107,1.6260162601625885,0.4916618178880346,0.3813308408016592,-9.010523104852798,Medium,25.0,12.5,0.0,12.5,75.0,0.0,0.0,25.0
WSM,Samoa,2000,59.7,1.023749896799406,2945.372179231984,181685,0.0234722553786956,7.987990464750061,12.11002969731664,88.0,300.6727552899613,0.0,21.9529698020724,0.0,0.4916618178880346,0.5578313494486582,0.0,Medium,50.0,0.0,0.0,50.0,50.0,0.0,0.0,50.0
WSM,Samoa,2001,52.4,1.096819278687093,3137.464037658116,183166,0.0924144263243754,8.05117012127335,12.11814812447865,88.7,300.6727552899613,0.0,21.9749895503804,-12.22780569514238,0.4916618178880346,0.5207001185229208,7.137425079712023,Medium,50.0,0.0,0.0,50.0,50.0,0.0,0.0,50.0
WSM,Samoa,2002,49.6,1.125380141051981,3291.342447726796,184471,0.1181208817372852,8.09905079935695,12.12524754853658,89.3,300.6727552899613,0.0,21.9431903680112,-5.343511450381677,0.4916618178880346,0.5064580025514049,2.603971585827325,Medium,54.545,0.0,0.0,54.545,45.455,0.0,0.0,54.545
WSM,Samoa,2003,52.4,1.155692174944723,3444.998577432892,185430,0.1446994501402395,8.144678770510922,12.13043273132143,89.9,300.6727552899613,0.0,21.7806875309864,5.645161290322576,0.4916618178880346,0.5207001185229208,2.6934928729422047,Medium,50.0,0.0,0.0,50.0,50.0,0.0,0.0,50.0
WSM,Samoa,2004,48.8,1.130744326144033,3535.738138249135,186249,0.1228761115821367,8.17067736509024,12.13483976709987,90.5,300.6727552899613,0.0,21.5282844040566,-6.870229007633588,0.2790517614216686,0.6086938547927263,-2.158693235236564,Medium,45.455,0.0,0.0,45.455,54.545,0.0,0.0,45.455
WSM,Samoa,2005,48.9,1.164842922696788,3755.782428224666,186978,0.152586247624055,8.231051912192594,12.13874624185694,91.1,304.8486987773963,0.0,21.2352904191687,0.2049180327868827,0.2790517614216686,0.609202501791709,3.015588560946836,Medium,45.455,0.0,0.0,45.455,54.545,0.0,0.0,45.455
WSM,Samoa,2006,46.0,1.165101300417135,3820.922394531387,187709,0.1528080363852135,8.248247136989763,12.14264817027965,96.4,303.66151862723683,0.0,20.9567957063672,-5.9304703476482645,0.2790517614216686,0.5944517388212105,0.0221813358104006,Medium,41.667,0.0,0.0,41.667,58.333,0.0,0.0,41.667
WSM,Samoa,2007,43.2,1.261436904314104,3818.255038043316,188753,0.2322514714502568,8.247548800913657,12.1481945610247,92.5,307.27988429322977,0.0,20.6944481303605,-6.086956521739129,0.2790517614216686,0.5802096228496947,8.268431582942902,Medium,41.667,0.0,0.0,41.667,58.333,0.0,0.0,41.667
WSM,Samoa,2008,45.0,1.284539759188247,3925.874332993602,190107,0.250400490135279,8.275344365407554,12.15534235052346,98.1,307.27988429322977,0.0,20.4038457706991,4.166666666666652,0.4916618178880346,0.4830602405982004,1.831471300318821,Medium,45.455,0.0,0.0,45.455,54.545,0.0,0.0,45.455
WSM,Samoa,2009,43.2,1.295995572102155,3875.942916861663,191513,0.259279181336403,8.262544245570336,12.16271097041624,97.9,307.27988429322977,0.0,20.1045321482817,-3.999999999999993,0.4916618178880346,0.4739045946165117,0.8918223692155225,Medium,38.462,0.0,0.0,38.462,61.538,0.0,0.0,38.462
WSM,Samoa,2010,41.9,1.36304999922289,4081.155359780029,193023,0.3097248352572031,8.314135403728008,12.17056463177118,96.4,307.27988429322977,0.0,19.8302101862085,-3.009259259259267,0.4916618178880346,0.4672921836297365,5.173970387257576,Medium,41.667,0.0,0.0,41.667,58.333,0.0,0.0,41.667
WSM,Samoa,2011,40.6,1.374844001170954,4201.45663738908,194713,0.3183402709883259,8.343186562569823,12.17928195852012,96.7,307.27988429322977,0.0,19.6174273708146,-3.1026252983293534,0.4916618178880346,0.4606797726429614,0.8652655408670329,Medium,38.462,0.0,0.0,38.462,61.538,0.0,0.0,38.462
WSM,Samoa,2012,40.2,1.364390477256766,4007.910928468144,196498,0.3107077921014434,8.296025419081664,12.18840753212261,96.8,307.27988429322977,0.0,19.478718368689,-0.985221674876846,0.4916618178880346,0.4586451846470305,-0.7603425483389104,Medium,36.364,0.0,0.0,36.364,63.636,0.0,0.0,36.364
WSM,Samoa,2013,42.6,1.406177497125103,3976.392892681315,198268,0.3408750280415279,8.288130378961208,12.19737492982698,97.0,307.27988429322977,0.0,19.3865949620667,5.970149253731338,0.4916618178880346,0.4708527126226155,3.0626877396823904,Medium,25.0,0.0,0.0,25.0,75.0,0.0,0.0,25.0
WSM,Samoa,2014,41.4,1.432235036518244,3967.237304706794,200037,0.3592361867171474,8.285825238414338,12.20625762841978,97.9,307.27988429322977,0.0,19.3126679480432,-2.816901408450712,0.4916618178880346,0.464748948634823,1.853076119224984,Medium,23.077,0.0,0.0,23.077,76.923,0.0,0.0,23.077
WSM,Samoa,2015,37.1,1.629481321426093,4084.360838199326,201782,0.4882617564658005,8.31492052949501,12.21494318569836,98.2,307.27988429322977,0.0,19.2340105383551,-10.386473429951682,0.4916618178880346,0.4428771276785667,13.771921498817251,Medium,30.769,7.692,0.0,23.077,69.231,0.0,0.0,30.769
WSM,Samoa,2016,36.8,1.74054909360734,4373.237924403915,203499,0.5542006344830712,8.383258957525818,12.2234163698478,98.9,307.27988429322977,0.0,19.126462366749,-0.8086253369272378,0.4916618178880346,0.4413511866816185,6.816142702638794,Medium,33.333,13.333,0.0,20.0,66.667,0.0,0.0,33.333
WSM,Samoa,2017,35.8,1.54078329235937,4393.373162559647,205415,0.4322909185186197,8.387852585180294,12.23278760204775,96.8,307.27988429322977,0.0,18.9657191879831,-2.717391304347827,0.4916618178880346,0.4362647166917914,-11.477171312298315,Medium,31.25,12.5,0.0,18.75,68.75,0.0,0.0,31.25
WSM,Samoa,2018,36.6,1.660548602479984,4321.005183449624,207582,0.5071480311925116,8.371243335526128,12.24328172131244,99.8,307.27988429322977,0.0,18.7241267935467,2.2346368715084,0.4916618178880346,0.4403338926836531,7.773014590339944,Medium,40.0,13.333,0.0,26.667,60.0,0.0,0.0,40.0
WSM,Samoa,2019,34.2,1.780436647916865,4466.080754820347,209780,0.5768586420394142,8.404266514372841,12.25381464151559,99.2,307.27988429322977,0.0,18.4147344481283,-6.5573770491803245,0.4916618178880346,0.4281263647080682,7.219785392480005,Medium,41.176,11.765,0.0,29.412,58.824,0.0,0.0,41.176
WSM,Samoa,2020,35.6,1.477748839316046,4283.063924927344,211944,0.3905198752820372,8.36242390277304,12.26407736781675,100.0,307.27988429322977,0.0,18.0516608994722,4.093567251461994,0.4916618178880346,0.4352474226938261,-17.000762647464473,Medium,38.889,11.111,0.0,27.778,61.111,0.0,0.0,38.889
WSM,Samoa,2021,36.0,1.606799545324845,4032.137339592944,213779,0.4742443405335979,8.302051871570137,12.27269805011094,98.3,307.27988429322977,0.0,17.5672426452007,1.1235955056179805,0.4916618178880346,0.4372820106897569,8.732925553744852,Medium,47.059,11.765,0.0,29.412,52.941,0.0,0.0,47.059
WSM,Samoa,2022,35.9,1.544171958692006,4095.158682866882,215261,0.434487817611009,8.317560745931235,12.27960652435242,98.3,307.27988429322977,0.0,17.5007949951039,-0.2777777777777768,0.4916618178880346,0.4367733636907742,-3.897660216239207,Medium,43.75,12.5,0.0,25.0,56.25,0.0,0.0,43.75
YEM,"Yemen, Rep.",2000,0.9,0.8023383036230732,2114.672655668508,19624141,-0.2202249350923368,7.656655306768277,16.79227104997414,49.2,241.8845023787594,98.37016561905456,26.6054859383233,0.0,0.9888104846298618,0.0101725806759134,0.0,Low,27.93,0.0,0.0,22.2305,69.253,0.0,0.0,30.747
YEM,"Yemen, Rep.",2001,0.9,0.8291445721224115,2129.772687627782,20226147,-0.187360745659067,7.663770533584971,16.82248673129088,50.4,260.29124690148257,98.49007182948904,27.1033603053549,0.0,0.9896756298523702,0.0097400080646592,3.341018168806209,Low,27.93,0.0,0.0,22.2305,69.253,0.0,0.0,30.747
YEM,"Yemen, Rep.",2002,0.9,0.8071288978600809,2148.888604947881,20835086,-0.214271898733144,7.672706059537186,16.85214895049996,51.5,244.76588010445744,98.39896717326496,27.5777619268614,0.0,0.9890182931073012,0.0100686764371937,-2.655227447967945,Low,27.93,0.0,0.0,22.2305,69.253,0.0,0.0,30.747
YEM,"Yemen, Rep.",2003,0.8,0.9104984582906556,2164.860830194671,21456379,-0.0937630730716403,7.680111356705156,16.88153254840426,52.6,264.07055440977297,98.52020950831108,28.0277061455611,-11.111111111111104,0.9898930787130747,0.0091226366353242,12.807069689195338,Low,27.93,0.0,0.0,22.2305,69.253,0.0,0.0,30.747
YEM,"Yemen, Rep.",2004,0.8,0.9251299164201836,2185.789991590858,22095167,-0.0778211011479332,7.689732594400933,16.91086945478952,49.6,279.8913321025616,98.60762769637012,28.4506523754813,0.0,0.9905238169165892,0.0088072675335669,1.606972312396504,Low,27.93,0.0,0.0,22.2305,69.253,0.0,0.0,30.747
YEM,"Yemen, Rep.",2005,0.7,0.9663500596860432,2237.637626431515,22790085,-0.0342291297862463,7.713175957277079,16.94183613092092,54.8,289.030753712905,98.65548856577036,28.8523786558834,-12.50000000000001,0.9908691418364302,0.0081259580746638,4.455605913746918,Low,27.93,0.0,0.0,22.2305,69.253,0.0,0.0,30.747
YEM,"Yemen, Rep.",2006,0.8,0.9746387081080248,2234.742668633124,23543083,-0.0256884324436917,7.711881363341985,16.97434261978492,55.8,299.54292493568363,98.70642621824658,29.2379493450977,14.285714285714302,0.9912366663084814,0.0084508428376209,0.8577273151589182,Low,27.93,0.0,0.0,22.2305,69.253,0.0,0.0,30.747
YEM,"Yemen, Rep.",2007,0.8,1.000239245841839,2235.750759010669,24318082,0.0002392172271162,7.7123323607144,17.00673074682064,57.2,283.812949035491,98.63728664470148,29.6091538946366,0.0,0.99073781164931,0.0087002701672066,2.626669505411905,Low,27.93,0.0,0.0,22.2305,69.253,0.0,0.0,30.747
YEM,"Yemen, Rep.",2008,0.7,1.005370313668704,2244.044916552366,25111941,0.0053559449543001,7.716035282731196,17.03885402802681,58.4,289.81152865079525,98.67945075614196,29.9646637170333,-12.50000000000001,0.991042033419324,0.0080395122832169,0.5129840533848018,Low,27.93,0.0,0.0,22.2305,69.253,0.0,0.0,30.747
YEM,"Yemen, Rep.",2009,0.7,1.065843650603501,2257.469020868315,25927724,0.0637666457591843,7.721999562436546,17.07082337888417,59.6,311.0805625593558,98.75855693755364,30.3031502248211,0.0,0.991612798975764,0.0077541295049969,6.01503108980046,Low,27.93,0.0,0.0,22.2305,69.253,0.0,0.0,30.747
YEM,"Yemen, Rep.",2010,0.8,0.9846871094448922,2356.199604220962,26754387,-0.0154313436591033,7.764805262838557,17.10220901785976,60.8,291.86199999435087,98.62025136879282,30.6232848305331,14.285714285714302,0.9906148990202386,0.0087617264817423,-7.614300757212966,Low,27.93,0.0,0.0,22.2305,69.253,0.0,0.0,30.747
YEM,"Yemen, Rep.",2011,0.9,0.8338863028056843,1994.836633372218,27582897,-0.1816582134879602,7.59831743793698,17.1327064646971,62.0,240.1924286275024,98.28673900729504,30.9237389467026,12.5,0.9882085463788544,0.0104735498014171,-15.314591324773252,Low,27.93,0.0,0.0,22.2305,69.253,0.0,0.0,30.747
YEM,"Yemen, Rep.",2012,1.1,0.7738296814334089,1981.45800046603,28433647,-0.2564034794345627,7.591588216577457,17.16308375538594,52.4,210.8277591944614,98.03664895330974,31.2031839858628,22.222222222222232,0.9864041009325484,0.0123930665225355,-7.202015570972876,Low,27.93,0.0,0.0,22.2305,69.253,0.0,0.0,30.747
YEM,"Yemen, Rep.",2013,0.8,0.982094877377072,2014.728905948701,29312952,-0.0180673588211452,7.608239927339016,17.19354002409453,75.6,281.9531823120384,98.4968311957768,31.4427187944215,-27.27272727272727,0.9897243999154876,0.0092069760341178,26.91357038126032,Low,27.93,0.0,0.0,22.2305,69.253,0.0,0.0,30.747
YEM,"Yemen, Rep.",2014,0.8,0.9381165262354724,1950.162545058899,30226309,-0.0638811092955944,7.575668004524299,17.22422326204678,66.1,259.8159426512136,95.02005382708532,31.8626162180918,0.0,0.9646388157797664,0.0217497681019783,-4.478014513124706,Low,27.93,0.0,0.0,22.2305,69.253,0.0,0.0,30.747
YEM,"Yemen, Rep.",2015,2.0,0.4574000014570251,1362.173812060101,31159379,-0.7821969942080056,7.216837093883102,17.25462584937156,67.4,119.99409343126544,60.079625184294585,32.3883178702702,150.0,0.7125372373612543,0.1539043212990269,-51.242730656019255,Low,27.93,0.0,0.0,22.2305,69.253,0.0,0.0,30.747
YEM,"Yemen, Rep.",2016,2.6,0.331047266795208,1197.958659711717,32109010,-1.105494113814499,7.088374270326831,17.28464723407373,68.9,71.68796420594126,0.0,32.9512008005236,30.000000000000004,0.2790517614216686,0.3736989412627161,-27.62412205057426,Medium,27.93,0.0,0.0,22.2305,69.253,0.0,0.0,30.747
YEM,"Yemen, Rep.",2017,3.0,0.2969394535739879,1103.456348498417,33090921,-1.214227020981959,7.006202667595319,17.31476951269269,79.2,150.5704987892888,0.0,33.5586912522175,15.384615384615374,0.2790517614216686,0.3757335292586469,-10.303004024594433,Medium,27.93,0.0,0.0,22.2305,69.253,0.0,0.0,30.747
YEM,"Yemen, Rep.",2018,2.9,0.3518625777031203,1079.329383662551,34085182,-1.044514583864119,6.984095186201334,17.34437330235696,62.0,204.23545055752143,0.0,34.2106045810864,-3.3333333333333326,0.2790517614216686,0.3752248822596642,18.49640506442412,Medium,27.93,0.0,0.0,22.2305,69.253,0.0,0.0,30.747
ZAF,South Africa,2000,16.2,7.363979416416794,4700.875555007041,47159719,1.996600468203535,8.45550405864801,17.66905067517634,72.4,2269.3706346490108,85.83228349552616,56.2589954883628,0.0,0.8983473736680294,0.1332271270011836,0.0,Low,0.75,0.0,0.0,0.522,93.074,93.074,0.0,6.926
ZAF,South Africa,2001,15.0,7.513198281154082,4786.482450462999,47566800,2.016661244780293,8.47355106791421,17.67764559685842,70.2,2180.265933841692,92.65391626357662,57.0014339378269,-7.4074074074074066,0.9475667008204972,0.1025136994371573,2.0263346256051307,Low,1.019,0.0,0.0,0.819,93.879,93.879,0.0,6.121
ZAF,South Africa,2002,13.3,7.721310224208271,4916.814980686249,48019415,2.04398406779788,8.500416238208189,17.68711596625919,76.7,2072.0576634937324,93.8840962823185,57.6723587528482,-11.333333333333329,0.9564426744851112,0.0894287136221442,2.7699514276924075,Low,1.161,0.009,0.0,0.943,93.404,93.404,0.0,6.596
ZAF,South Africa,2003,11.8,8.11491084558816,5011.622231501694,48500348,2.093703214533827,8.519514940370357,17.6970815311397,78.8,2300.850526032555,90.69665796432152,58.3724341232066,-11.27819548872181,0.9334447244801538,0.0932979836398824,5.097588491469374,Low,0.542,0.009,0.004,0.354,94.053,94.053,0.0,5.947
ZAF,South Africa,2004,11.0,8.690233745210207,5187.356834240336,48991421,2.162199837098544,8.553979565939386,17.70715575911367,80.6,2478.0037860522766,92.05179401622644,59.0977390950102,-6.779661016949157,0.9432222787611756,0.0843400305075098,7.089700805953214,Low,0.556,0.008,0.004,0.388,93.978,93.978,0.0,6.022
ZAF,South Africa,2005,9.7,8.815015338543015,5406.075813776378,49490033,2.176456555898576,8.595278750744047,17.71728185372922,80.8,2374.4355024553734,95.12238456714624,59.8241758378997,-11.818181818181827,0.9653771507714128,0.0666501835156161,1.4358830497693154,Low,0.731,0.008,0.004,0.543,94.66,94.623,0.037,5.34
ZAF,South Africa,2006,9.3,8.812431676395569,5650.988317654902,49998277,2.176163415075205,8.639585732321903,17.72749910279866,80.7,2397.99082240112,92.51082637094956,60.5276465215157,-4.123711340206171,0.9465342810938872,0.074037030358448,-0.0293097861798208,Low,1.316,0.008,0.004,1.143,94.732,94.724,0.008,5.268
ZAF,South Africa,2007,8.7,9.102810005520835,5891.420694216981,50528584,2.2085831576719,8.681252452011616,17.73804975391878,82.0,2576.7850395665155,91.85150196123011,61.1840533154988,-6.451612903225823,0.941777134978726,0.0733637214221324,3.295098785310935,Low,1.264,0.008,0.004,1.089,94.44,93.962,0.034,5.56
ZAF,South Africa,2008,9.7,9.54569945858325,6009.719631386346,51114599,2.256090734595867,8.701133376089402,17.74958070908721,81.9,2738.084673699622,92.495124460541,61.7692983894896,11.494252873563228,0.9464209889405868,0.076128264431029,4.865414666392076,Low,0.681,0.008,0.008,0.488,94.285,94.196,0.035,5.715
ZAF,South Africa,2009,9.2,8.833539705643208,5847.058110845047,51728516,2.178555806954163,8.673693926700773,17.76151975415278,82.6,2735.0061852964427,89.21717399706384,62.2592839131287,-5.154639175257736,0.9227699772638656,0.0854105352744761,-7.460529802241855,Low,0.781,0.008,0.012,0.581,94.086,94.062,0.004,5.914
ZAF,South Africa,2010,9.4,8.871174300208443,5953.945065128211,52344051,2.182807177661109,8.691809314984317,17.77334884985494,82.8,2518.441903144772,94.06133539882296,62.6299120560569,2.1739130434782705,0.9577214871031556,0.0689520743527966,0.4260420603667159,Low,0.613,0.008,0.012,0.439,94.175,93.783,0.316,5.825
ZAF,South Africa,2011,9.0,8.377586236339685,6067.12482726885,52995205,2.12555983437995,8.710640102523593,17.78571199572547,83.6,2536.414176384128,91.4816012769442,62.850627754452,-4.255319148936176,0.9391082339380452,0.0762241129394208,-5.563954073782096,Low,1.345,0.008,0.015,1.166,93.74,93.127,0.339,6.26
ZAF,South Africa,2012,8.3,8.576675040445727,6121.557838607126,53782567,2.149046313969302,8.71957189190634,17.80045993916458,85.2,2394.3979870535554,94.27928466189084,62.9616560303263,-7.777777777777772,0.9592940308688972,0.062570685481116,2.3764458937163724,Low,0.586,0.012,0.016,0.396,94.385,92.946,0.69,5.615
ZAF,South Africa,2013,7.8,8.68872722515024,6170.876708633726,54678791,2.162026464240832,8.727596198966356,17.81698645911472,85.2,2341.17923180198,94.50592037109762,63.0524024097034,-6.024096385542177,0.960929248931078,0.059209841455112,1.3064758099857965,Low,0.652,0.02,0.016,0.43,93.835,91.225,1.18,6.165
ZAF,South Africa,2014,7.6,8.75262375978144,6155.005894625161,55594838,2.169353513681756,8.725020996315115,17.83360091318413,85.9,2438.6789165688547,94.11882038807016,63.1352327065742,-2.564102564102566,0.9581362518066098,0.0595890460193807,0.7353957947516809,Low,1.692,0.424,0.42,0.707,92.896,90.187,1.232,7.104
ZAF,South Africa,2015,7.6,8.149486517386954,6112.273824859742,56723537,2.097954921266335,8.718054131030598,17.85369979720018,85.3,2257.194676178127,80.10185131426968,63.2096349937231,0.0,0.8570012581785998,0.1101565428333857,-6.890930753426394,Low,2.607,0.96,1.228,0.292,92.497,90.902,0.0,7.502
ZAF,South Africa,2016,7.8,8.037015519035418,6095.295060428005,57259551,2.084057810177506,8.715272450986129,17.86310501617842,83.9,2311.7690186515083,0.0,63.2750973439347,2.631578947368429,0.2790517614216686,0.4001485852098168,-1.3800992014844082,Medium,3.232,1.191,1.665,0.245,90.823,90.811,0.0,9.177
ZAF,South Africa,2017,7.9,8.147514185871465,6125.692050749703,57635162,2.097712872859879,8.72024701690778,17.86964339080535,84.4,2283.458154476689,0.0,63.3311078299936,1.2820512820512997,0.2790517614216686,0.4006572322087995,1.374871885892648,Medium,4.754,1.544,2.751,0.306,89.684,89.637,0.0,10.316
ZAF,South Africa,2018,8.0,8.077016906197995,6117.270140604696,58613001,2.089022609586357,8.718871220537293,17.8864670900082,84.7,2184.877775506888,0.0,63.3771545246841,1.2658227848101111,0.2790517614216686,0.4011658792077822,-0.8652612080837896,Medium,4.869,1.771,2.501,0.429,90.613,90.133,0.0,9.387
ZAF,South Africa,2019,8.7,8.014122333759623,6032.829725986681,59587885,2.081205277103636,8.704971454270988,17.90296283956098,85.0,2231.910747102956,0.0,63.4127255007908,8.749999999999991,0.2790517614216686,0.4047264082006611,-0.7786856604213521,Medium,5.216,2.134,2.62,0.292,89.548,89.011,0.0,10.452
ZAF,South Africa,2020,9.8,7.444583461802798,5569.584833192716,60562381,2.0074867158539,8.625075793912256,17.91918448270105,90.0,2037.4619416610287,0.0,63.4373088310982,12.643678160919558,0.2790517614216686,0.4103215251894709,-7.106690517533442,Medium,6.343,2.899,2.663,0.611,89.545,88.926,0.0,10.455
ZAF,South Africa,2021,9.7,7.293406752231284,5750.909374795845,61502603,1.986970755411504,8.657113273425072,17.93459005708431,89.3,2124.622974365719,0.0,63.4503925883909,-1.0204081632653184,0.2790517614216686,0.4098128781904882,-2.0306939984914174,Medium,7.708,3.194,3.524,0.823,87.261,85.928,0.0,12.739
ZMB,Zambia,2000,90.0,0.1948764133955423,804.4846341878296,10017631,-1.635389698798979,6.690201866421357,16.11985719852198,16.7,596.1949554858778,9.255765649956857,35.8735460960387,0.0,0.3458338021825629,0.7848653979931539,0.0,High,99.481,0.0,0.0,99.481,0.519,0.13,0.0,99.481
ZMB,Zambia,2001,89.8,0.1905825416203197,822.0209353082508,10325185,-1.657669888912593,6.711765863476687,16.15009661432639,20.2,597.0438987162079,9.44608030871859,35.8846482932758,-0.2222222222222236,0.3472069572276975,0.7831615264726213,-2.2033819795868714,High,99.37,0.0,0.0,99.37,0.63,0.126,0.0,99.37
ZMB,Zambia,2002,89.6,0.1941970232952844,833.0211775490037,10647949,-1.638882051279029,6.725059065071774,16.18087784941376,17.4,604.5625050716077,9.730835356319794,36.0706035730014,-0.2227171492204971,0.3492615169383642,0.7811169526193225,1.8965439563533024,High,99.265,0.0,0.0,99.265,0.735,0.245,0.0,99.265
ZMB,Zambia,2003,89.3,0.2038676772040484,863.6501906567852,10983595,-1.590284136753234,6.761167814896272,16.21191335393662,18.5,611.8607685368615,10.02379181081189,36.3858560115875,-0.3348214285714301,0.3513752512986491,0.7785341444422319,4.979815727689796,High,99.279,0.0,0.0,99.279,0.721,0.24,0.0,99.279
ZMB,Zambia,2004,89.4,0.2031539756141143,895.4752585348265,11338198,-1.593791086894383,6.797354592458928,16.24368793711132,20.3,612.3895104406714,9.918853047408554,36.8035881130253,0.1119820828667572,0.3506180989419413,0.7794213676195685,-0.3500807973692454,High,99.412,0.0,0.0,99.412,0.588,0.118,0.0,99.412
ZMB,Zambia,2005,88.9,0.2110707572153815,929.0792558559046,11718819,-1.555561859467724,6.834194048259819,16.27670656911762,23.3,608.6659489923285,10.357170068109047,37.2969823813059,-0.5592841163310935,0.3537806363537167,0.7752968639187673,3.896936585826372,High,99.329,0.0,0.0,99.329,0.671,0.224,0.0,99.329
ZMB,Zambia,2006,89.7,0.1985975905295108,968.563565019492,12129553,-1.616474659723056,6.875814113134732,16.31115542945804,24.1,605.1254811690678,9.525577296969974,37.8392213204204,0.8998875140607376,0.3477805425269101,0.7823660868240323,-5.9094717100686704,High,99.897,0.0,0.0,99.897,0.103,0.0,0.0,99.897
ZMB,Zambia,2007,90.7,0.1741890325453429,1013.085674326368,12565085,-1.747614175527693,6.920756075525707,16.34643249375987,18.5,598.0611370828547,6.714715651966512,38.4034874343601,1.1148272017837302,0.3274996620412714,0.7975929970566786,-12.29046028156161,High,99.896,0.0,0.0,99.896,0.104,0.0,0.0,99.896
ZMB,Zambia,2008,89.8,0.2002638134186662,1053.586123010683,13021324,-1.608119714545492,6.959954979319822,16.38209887928279,25.7,617.6143302136472,7.069695971298538,38.9629632271162,-0.9922822491731044,0.3300609099219431,0.7917345501254984,14.969243753355022,High,99.895,0.0,0.0,99.895,0.105,0.0,0.0,99.895
ZMB,Zambia,2009,89.2,0.2131072721476008,1110.719181024865,13490389,-1.545959614943165,7.012762995335985,16.41748806394313,26.6,620.7671952946457,7.170551316386042,39.4908312026796,-0.6681514476614692,0.330788599669211,0.7883188232579683,6.413269831272217,High,99.899,0.0,0.0,99.899,0.101,0.0,0.0,99.899
ZMB,Zambia,2010,89.2,0.2300367603411642,1183.417124091987,13965594,-1.469516155259728,7.076161400386327,16.45210729136553,22.0,629.5925538540044,7.254538293537482,39.9558857709992,0.0,0.3313945810589341,0.7880158325631068,7.944115666704143,High,99.904,0.0,0.0,99.904,0.096,0.0,0.0,99.904
ZMB,Zambia,2011,87.9,0.2394548309174059,1208.464245696341,14437796,-1.429390477340002,7.097105614018111,16.48536004820062,28.3,646.4513928118593,7.96546071428558,40.3684491825881,-1.457399103139012,0.3365240162537906,0.7788387039789033,4.094158934543302,High,99.913,0.0,0.0,99.913,0.087,0.0,0.0,99.913
ZMB,Zambia,2012,85.4,0.2896209903035673,1258.789385789964,14913629,-1.23918214076715,7.137905733148,16.51778605082099,29.2,662.5552045487385,9.862836649568846,40.7698556821596,-2.844141069397044,0.350213930393894,0.7592775719342839,20.950155481918408,High,99.838,0.0,0.0,99.838,0.162,0.0,0.0,99.838
ZMB,Zambia,2013,85.3,0.307539510527861,1280.770121767781,15398997,-1.179151710468137,7.155216833621355,16.54981293539268,30.1,671.7652663544061,9.83092355369592,41.1682266235825,-0.1170960187353742,0.3499836715746895,0.7588840543449034,6.186885904061135,High,99.85,0.0,0.0,99.85,0.15,0.0,0.0,99.85
ZMB,Zambia,2014,84.6,0.3463976649723519,1299.012417625041,15895315,-1.060167843158517,7.169359575997535,16.58153496968336,27.9,682.4576328583674,10.43151380050582,41.5634741658525,-0.8206330597889888,0.3543170399701222,0.7531568411543081,12.635174705778374,High,97.176,0.0,0.0,96.694,2.824,0.0,0.0,97.176
ZMB,Zambia,2015,84.0,0.3566051748362363,1295.877886800678,16399089,-1.031126062059297,7.166943649325315,16.61273634247105,31.1,686.1316901056455,4.529141127922884,41.9555104679652,-0.7092198581560183,0.3117303424116917,0.7713983079396272,2.9467605864777147,High,97.039,0.0,0.0,96.521,2.961,0.0,0.0,97.039
ZMB,Zambia,2016,84.0,0.3740358154694369,1303.575138691328,16914423,-0.9834037228653514,7.172865875510704,16.64367724787998,35.4,682.992655103275,0.0,42.3442476889162,0.0,0.2790517614216686,0.7877375984346389,4.887938219406163,High,94.308,0.0,0.0,93.628,5.692,2.804,0.0,94.308
ZMB,Zambia,2017,83.5,0.4608825478805503,1308.768292400855,17441320,-0.7746120452783973,7.176841739088678,16.6743526616543,40.3,701.8374541094195,0.0,42.7295979877011,-0.5952380952380931,0.2790517614216686,0.7851943634397253,23.218827935532204,High,86.332,0.0,0.0,85.783,13.668,8.791,0.0,86.332
ZMB,Zambia,2018,83.8,0.5064714748640072,1321.250457115733,17973569,-0.6802872750155394,7.18633388315656,16.70441284783206,40.2,725.3453667753522,0.0,43.1114735233156,0.3592814371257358,0.2790517614216686,0.7867203044366733,9.891658339658482,High,84.644,0.0,0.0,84.214,15.356,12.531,0.0,84.644
ZMB,Zambia,2019,86.1,0.4879593043884632,1301.181329761778,18513839,-0.7175232692529417,7.171027846019294,16.73402906444963,43.0,740.779623928295,0.0,43.4897864547552,2.7446300715990413,0.2790517614216686,0.7984191854132756,-3.655125983257945,High,84.652,0.811,0.0,83.367,15.348,11.291,0.0,84.652
ZMB,Zambia,2020,85.4,0.5000683390002674,1228.735001131949,19059395,-0.6930105118989974,7.113740464780119,16.76307071381876,44.6,757.4788177079388,0.0,43.8644489410157,-0.813008130081283,0.2790517614216686,0.7948586564203968,2.481566495997023,High,85.489,0.985,0.0,83.979,14.511,12.41,0.0,85.489
ZMB,Zambia,2021,83.0,0.4937968813596396,1269.108218088952,19603607,-0.705631017685089,7.146069742320289,16.79122413788144,46.7,768.8643020754497,0.0,44.2353731410926,-2.810304449648715,0.2790517614216686,0.7826511284448117,-1.2541201174954608,High,91.986,0.847,0.0,90.688,8.014,7.336,0.0,91.986
ZWE,Zimbabwe,2000,69.5,1.232436277834235,1677.348967932508,11892055,0.2089929240437633,7.424969830773161,16.29138108804738,33.7,555.9206930460916,56.04816041272919,32.3991568853313,0.0,0.6834494822383655,0.5117849231737979,0.0,Medium,45.637,0.0,0.0,45.637,54.363,53.362,0.0,45.637
ZWE,Zimbabwe,2001,72.3,1.219171458233743,1690.146661631156,11971901,0.1981714954348679,7.432570586182046,16.29807287862551,34.2,540.2706139669054,57.246321020659686,32.4999278382836,4.028776978417259,0.692094430002064,0.5217045652634644,-1.076308758437583,Medium,37.468,0.0,0.0,37.468,62.532,62.152,0.0,37.468
ZWE,Zimbabwe,2002,74.7,1.102951912997503,1525.079357065642,12087653,0.0979901427638932,7.329801725107705,16.30769507636782,34.2,519.5818001715552,53.73130853954798,32.5631884166934,3.319502074688807,0.6667329725423294,0.5465928219689167,-9.5326661767994,Medium,44.406,0.0,0.0,44.406,55.594,55.478,0.0,44.406
ZWE,Zimbabwe,2003,78.0,0.893403485176119,1250.919483312313,12232323,-0.1127169690462979,7.131634146534936,16.31959243239021,35.1,477.20079747957845,47.95202110845064,32.6003372313948,4.417670682730912,0.6250343574964454,0.584227480458288,-18.998872512210628,Medium,60.751,0.0,0.0,60.751,39.249,39.135,0.0,60.751
ZWE,Zimbabwe,2004,81.8,0.8382166565204818,1165.54447081543,12365896,-0.1764786719151856,7.060943613745684,16.3304529189084,35.6,449.272021527134,46.44636526628871,32.6278168233873,4.871794871794877,0.6141707754195154,0.6089878574580958,-6.177144993424566,Medium,56.584,0.0,0.0,56.584,43.416,43.21,0.0,56.584
ZWE,Zimbabwe,2005,80.3,0.9221822973041388,1088.631484206987,12483432,-0.0810123555506457,6.992676667322629,16.33991288309998,36.1,479.19059840395335,48.71913487135179,32.6482709722903,-1.833740831295838,0.6305692234945431,0.5931589284358414,10.01717636251782,Medium,52.457,0.0,0.0,52.457,47.543,47.329,0.0,52.457
ZWE,Zimbabwe,2006,78.7,0.8487751104048646,1038.223756580327,12636445,-0.1639610153864927,6.945266605601303,16.35209565712479,37.2,494.4347999860546,44.986232646117,32.6640794641194,-1.992528019925277,0.6036356517091312,0.598487362344824,-7.960160058794131,Medium,67.794,0.0,0.0,66.541,32.206,31.704,0.0,67.794
ZWE,Zimbabwe,2007,78.0,0.8253399039585732,987.2003625969372,12804058,-0.1919599726998574,6.894873020449412,16.36527270989606,37.2,473.0168219897028,44.61082250221752,32.67762208489,-0.8894536213468918,0.6009269989104224,0.5962811597512995,-2.7610619301870143,Medium,71.579,0.0,0.0,70.789,28.421,28.026,0.0,71.579
ZWE,Zimbabwe,2008,81.6,0.641176361194705,803.0449446549911,12959149,-0.4444507254348954,6.688410683308208,16.37731258315221,37.7,416.1112502640976,39.36108648497747,32.6912786206175,4.615384615384599,0.5630491940970633,0.6335313541213564,-22.313660333223385,Medium,75.885,0.0,0.0,74.836,24.115,23.722,0.0,75.885
ZWE,Zimbabwe,2009,82.6,0.6043922180906793,896.9155328778453,13142790,-0.5035319240954963,6.798961691379442,16.3913838772493,43.4,418.04242583891016,39.7968869614353,32.7074288573175,1.225490196078427,0.5661935741822007,0.6370456340686148,-5.736977426224154,Medium,75.72,0.0,0.0,74.897,24.28,24.005,0.0,75.72
ZWE,Zimbabwe,2010,81.2,0.7538325022303668,1056.208845638891,13356548,-0.2825850812352337,6.962441215203575,16.40751730945254,38.9,420.10904684877113,41.89986480398343,32.7284525810054,-1.6949152542372723,0.5813669436593073,0.6223378913443036,24.72571281804068,Medium,67.94,0.0,0.0,67.13,32.06,31.829,0.0,67.94
ZWE,Zimbabwe,2011,77.2,1.165789312639312,1184.934210205627,13595424,0.1533983791823433,7.077442533214188,16.42524382349912,36.9,444.8069627480297,48.302003178639744,32.7567295776968,-4.926108374384242,0.6275595420960641,0.578895712166617,54.64832163512281,Medium,57.688,0.0,0.0,56.707,42.312,41.876,0.0,57.688
ZWE,Zimbabwe,2012,77.0,0.9222611242949086,1360.152300342752,13817887,-0.0809268804529608,7.215351958006325,16.44147447025826,44.0,454.70802021124354,49.65501095487273,32.7931752128328,-0.2590673575129543,0.6373217404791465,0.5729973189771104,-20.88955403039876,Medium,60.219,0.0,0.0,58.907,39.781,39.235,0.0,60.219
ZWE,Zimbabwe,2013,79.3,0.9075905706714406,1367.818316894634,14013808,-0.0969619154302867,7.220972280075014,16.45555368723363,40.6,462.8652830722856,50.62370098056815,32.9019343169941,2.9870129870129825,0.6443110160536599,0.5812015621664559,-1.590715821908251,Medium,53.774,0.0,0.0,52.411,46.226,45.597,0.0,53.774
ZWE,Zimbabwe,2014,80.8,0.8868713741941763,1381.254041258715,14207359,-0.12005531937028,7.230747091059947,16.46927062776843,32.3,460.3336982357896,50.211248903301296,33.1628075970801,1.8915510718789497,0.6413350989358708,0.5903192257100911,-2.2828792130284103,Medium,55.172,0.0,0.0,55.071,44.828,44.625,0.0,55.172
ZWE,Zimbabwe,2015,80.8,0.8814423599728676,1387.126325950258,14399013,-0.1261956678551754,7.234989494718447,16.48267022053047,33.7,453.584519266008,51.17590435440784,33.5612641766874,0.0,0.6482952643173611,0.5868391430193459,-0.6121535071804018,Medium,52.555,0.104,0.0,52.033,47.445,47.341,0.0,52.555
ZWE,Zimbabwe,2016,81.7,0.7718132251309461,1378.342561923738,14600294,-0.2590126945875612,7.228637014237936,16.49655222346212,42.5,423.26403197028907,0.0,34.0799460726314,1.113861386138626,0.2790517614216686,0.7760387174580365,-12.437470652680693,High,44.909,0.139,0.0,41.562,55.091,54.533,0.0,44.909
ZWE,Zimbabwe,2017,82.0,0.7147890542584289,1422.919489469266,14812482,-0.3357678088269398,7.260466018463441,16.51098076166901,44.0,413.68723928349687,0.0,34.7014953017273,0.3671970624234966,0.2790517614216686,0.7775646584549847,-7.388338138782535,High,54.702,0.132,0.0,52.583,45.298,44.768,0.0,54.702
ZWE,Zimbabwe,2018,79.7,0.8162851562531177,1472.146038448424,15034452,-0.2029915288710777,7.294476505270207,16.52585492545318,45.4,441.9024614385812,0.0,35.4085538807905,-2.804878048780479,0.2790517614216686,0.7658657774783824,14.19944826939017,High,55.673,0.106,0.0,53.552,44.327,43.796,0.0,55.673
ZWE,Zimbabwe,2019,81.0,0.731473434469001,1357.530878187539,15271368,-0.3126943756967966,7.213422797912224,16.54149026060843,46.7,439.67637546170977,0.0,36.1837638266364,1.6311166875784044,0.2790517614216686,0.7724781884651576,-10.389962519154006,High,51.651,0.236,0.0,49.175,48.349,47.759,0.0,51.651
ZWE,Zimbabwe,2020,84.1,0.5844442234657711,1230.819333610158,15526888,-0.5370939286870641,7.115435351490063,16.55808378869584,52.7,394.9192407086429,0.0,37.0097671560802,3.827160493827164,0.2790517614216686,0.7882462454336214,-20.10041705888649,High,58.569,0.298,0.0,56.781,41.431,40.835,0.0,58.569
ZWE,Zimbabwe,2021,82.4,0.6889254494939296,1312.200013588067,15797210,-0.3726222148474072,7.179460407265957,16.57534390012623,49.0,405.0045006916525,0.0,37.8692058859373,-2.021403091557661,0.2790517614216686,0.7795992464509155,17.87702261964057,High,70.712,0.233,0.0,69.195,29.288,29.288,0.0,70.712
